data,rodada,mandante,visitante,gols_mandante,gols_visitante,competicao
2021-01-06,28,Botafogo-RJ,Athletico-PR,0,2,Brasileirao Serie A 2021
2021-01-06,28,Bragantino,Sao Paulo,4,2,Brasileirao Serie A 2021
2021-01-06,28,Coritiba,Goias,1,2,Brasileirao Serie A 2021
2021-01-06,28,Flamengo,Fluminense,1,2,Brasileirao Serie A 2021
2021-01-06,28,Gremio,Bahia,2,1,Brasileirao Serie A 2021
2021-01-06,28,Sport,Fortaleza,1,0,Brasileirao Serie A 2021
2021-01-07,28,Atletico-GO,Vasco,0,0,Brasileirao Serie A 2021
2021-01-07,28,Ceara,Internacional,0,2,Brasileirao Serie A 2021
2021-01-09,29,Coritiba,Athletico-PR,0,0,Brasileirao Serie A 2021
2021-01-09,29,Fortaleza,Gremio,0,0,Brasileirao Serie A 2021
2021-01-09,29,Sport,Palmeiras,0,1,Brasileirao Serie A 2021
2021-01-10,29,Atletico-GO,Bahia,1,1,Brasileirao Serie A 2021
2021-01-10,29,Flamengo,Ceara,0,2,Brasileirao Serie A 2021
2021-01-10,29,Internacional,Goias,1,0,Brasileirao Serie A 2021
2021-01-10,29,Sao Paulo,Santos,0,1,Brasileirao Serie A 2021
2021-01-10,29,Vasco,Botafogo-RJ,3,0,Brasileirao Serie A 2021
2021-01-11,29,Bragantino,Atletico-MG,2,2,Brasileirao Serie A 2021
2021-01-13,29,Corinthians,Fluminense,5,0,Brasileirao Serie A 2021
2021-01-15,30,Palmeiras,Gremio,1,1,Brasileirao Serie A 2021
2021-01-16,30,Fluminense,Sport,1,0,Brasileirao Serie A 2021
2021-01-16,30,Vasco,Coritiba,0,1,Brasileirao Serie A 2021
2021-01-17,30,Athletico-PR,Sao Paulo,1,1,Brasileirao Serie A 2021
2021-01-17,30,Atletico-MG,Atletico-GO,3,1,Brasileirao Serie A 2021
2021-01-17,30,Ceara,Bragantino,1,2,Brasileirao Serie A 2021
2021-01-17,30,Internacional,Fortaleza,4,2,Brasileirao Serie A 2021
2021-01-17,30,Santos,Botafogo-RJ,2,1,Brasileirao Serie A 2021
2021-01-18,30,Goias,Flamengo,0,3,Brasileirao Serie A 2021
2021-01-18,28,Palmeiras,Corinthians,4,0,Brasileirao Serie A 2021
2021-01-20,31,Bahia,Athletico-PR,1,0,Brasileirao Serie A 2021
2021-01-20,31,Botafogo-RJ,Atletico-GO,1,3,Brasileirao Serie A 2021
2021-01-20,31,Bragantino,Vasco,4,1,Brasileirao Serie A 2021
2021-01-20,31,Coritiba,Fluminense,3,3,Brasileirao Serie A 2021
2021-01-20,31,Gremio,Atletico-MG,1,1,Brasileirao Serie A 2021
2021-01-20,31,Sao Paulo,Internacional,1,5,Brasileirao Serie A 2021
2021-01-21,31,Corinthians,Sport,3,0,Brasileirao Serie A 2021
2021-01-21,31,Flamengo,Palmeiras,2,0,Brasileirao Serie A 2021
2021-01-21,31,Fortaleza,Santos,2,0,Brasileirao Serie A 2021
2021-01-21,31,Goias,Ceara,0,4,Brasileirao Serie A 2021
2021-01-23,32,Sao Paulo,Coritiba,1,1,Brasileirao Serie A 2021
2021-01-23,32,Vasco,Atletico-MG,3,2,Brasileirao Serie A 2021
2021-01-24,32,Athletico-PR,Flamengo,2,1,Brasileirao Serie A 2021
2021-01-24,32,Atletico-GO,Fortaleza,2,0,Brasileirao Serie A 2021
2021-01-24,32,Ceara,Palmeiras,2,1,Brasileirao Serie A 2021
2021-01-24,32,Fluminense,Botafogo-RJ,2,0,Brasileirao Serie A 2021
2021-01-24,32,Internacional,Gremio,2,1,Brasileirao Serie A 2021
2021-01-24,32,Santos,Goias,3,4,Brasileirao Serie A 2021
2021-01-24,32,Sport,Bahia,2,0,Brasileirao Serie A 2021
2021-01-25,32,Corinthians,Bragantino,0,2,Brasileirao Serie A 2021
2021-01-26,28,Atletico-MG,Santos,2,0,Brasileirao Serie A 2021
2021-01-26,1,Palmeiras,Vasco,1,1,Brasileirao Serie A 2021
2021-01-28,30,Bahia,Corinthians,2,1,Brasileirao Serie A 2021
2021-01-28,23,Gremio,Flamengo,2,4,Brasileirao Serie A 2021
2021-01-31,33,Atletico-GO,Sao Paulo,2,1,Brasileirao Serie A 2021
2021-01-31,33,Atletico-MG,Fortaleza,2,0,Brasileirao Serie A 2021
2021-01-31,33,Ceara,Athletico-PR,0,2,Brasileirao Serie A 2021
2021-01-31,33,Coritiba,Gremio,1,1,Brasileirao Serie A 2021
2021-01-31,33,Fluminense,Goias,3,0,Brasileirao Serie A 2021
2021-01-31,33,Internacional,Bragantino,2,1,Brasileirao Serie A 2021
2021-01-31,33,Vasco,Bahia,0,0,Brasileirao Serie A 2021
2021-02-01,33,Sport,Flamengo,0,3,Brasileirao Serie A 2021
2021-02-02,33,Palmeiras,Botafogo-RJ,1,1,Brasileirao Serie A 2021
2021-02-03,34,Bahia,Fluminense,0,1,Brasileirao Serie A 2021
2021-02-03,34,Bragantino,Atletico-GO,2,0,Brasileirao Serie A 2021
2021-02-03,34,Corinthians,Ceara,2,1,Brasileirao Serie A 2021
2021-02-03,34,Goias,Atletico-MG,1,0,Brasileirao Serie A 2021
2021-02-03,34,Gremio,Santos,3,3,Brasileirao Serie A 2021
2021-02-04,34,Athletico-PR,Internacional,0,0,Brasileirao Serie A 2021
2021-02-04,34,Flamengo,Vasco,2,0,Brasileirao Serie A 2021
2021-02-04,34,Fortaleza,Coritiba,3,1,Brasileirao Serie A 2021
2021-02-05,34,Botafogo-RJ,Sport,0,1,Brasileirao Serie A 2021
2021-02-06,35,Atletico-GO,Santos,1,1,Brasileirao Serie A 2021
2021-02-06,35,Bahia,Goias,3,3,Brasileirao Serie A 2021
2021-02-07,35,Bragantino,Flamengo,1,1,Brasileirao Serie A 2021
2021-02-08,35,Botafogo-RJ,Gremio,2,5,Brasileirao Serie A 2021
2021-02-10,35,Corinthians,Athletico-PR,3,3,Brasileirao Serie A 2021
2021-02-10,35,Fluminense,Atletico-MG,0,0,Brasileirao Serie A 2021
2021-02-10,35,Fortaleza,Vasco,3,0,Brasileirao Serie A 2021
2021-02-10,35,Internacional,Sport,1,2,Brasileirao Serie A 2021
2021-02-10,35,Sao Paulo,Ceara,1,1,Brasileirao Serie A 2021
2021-02-13,36,Atletico-MG,Bahia,1,1,Brasileirao Serie A 2021
2021-02-13,36,Goias,Botafogo-RJ,2,0,Brasileirao Serie A 2021
2021-02-13,36,Santos,Coritiba,2,0,Brasileirao Serie A 2021
2021-02-14,36,Athletico-PR,Atletico-GO,2,1,Brasileirao Serie A 2021
2021-02-14,36,Flamengo,Corinthians,2,1,Brasileirao Serie A 2021
2021-02-14,36,Gremio,Sao Paulo,1,2,Brasileirao Serie A 2021
2021-02-14,36,Palmeiras,Fortaleza,3,0,Brasileirao Serie A 2021
2021-02-14,36,Vasco,Internacional,0,2,Brasileirao Serie A 2021
2021-02-15,36,Ceara,Fluminense,1,3,Brasileirao Serie A 2021
2021-02-15,36,Sport,Bragantino,0,0,Brasileirao Serie A 2021
2021-02-17,35,Coritiba,Palmeiras,1,0,Brasileirao Serie A 2021
2021-02-17,33,Santos,Corinthians,1,0,Brasileirao Serie A 2021
2021-02-19,34,Sao Paulo,Palmeiras,1,1,Brasileirao Serie A 2021
2021-02-20,37,Coritiba,Ceara,0,2,Brasileirao Serie A 2021
2021-02-20,37,Fortaleza,Bahia,0,4,Brasileirao Serie A 2021
2021-02-21,37,Corinthians,Vasco,0,0,Brasileirao Serie A 2021
2021-02-21,37,Flamengo,Internacional,2,1,Brasileirao Serie A 2021
2021-02-21,37,Goias,Bragantino,0,0,Brasileirao Serie A 2021
2021-02-21,37,Gremio,Athletico-PR,1,0,Brasileirao Serie A 2021
2021-02-21,37,Santos,Fluminense,1,1,Brasileirao Serie A 2021
2021-02-21,37,Sport,Atletico-MG,2,3,Brasileirao Serie A 2021
2021-02-22,37,Botafogo-RJ,Sao Paulo,1,0,Brasileirao Serie A 2021
2021-02-22,37,Palmeiras,Atletico-GO,1,1,Brasileirao Serie A 2021
2021-02-25,38,Athletico-PR,Sport,2,0,Brasileirao Serie A 2021
2021-02-25,38,Atletico-GO,Coritiba,3,1,Brasileirao Serie A 2021
2021-02-25,38,Atletico-MG,Palmeiras,2,0,Brasileirao Serie A 2021
2021-02-25,38,Bahia,Santos,2,0,Brasileirao Serie A 2021
2021-02-25,38,Bragantino,Gremio,1,0,Brasileirao Serie A 2021
2021-02-25,38,Ceara,Botafogo-RJ,2,1,Brasileirao Serie A 2021
2021-02-25,38,Fluminense,Fortaleza,2,0,Brasileirao Serie A 2021
2021-02-25,38,Internacional,Corinthians,0,0,Brasileirao Serie A 2021
2021-02-25,38,Sao Paulo,Flamengo,2,1,Brasileirao Serie A 2021
2021-02-25,38,Vasco,Goias,3,2,Brasileirao Serie A 2021
2021-05-29,1,Bahia,Santos,3,0,Brasileirao Serie A 2021
2021-05-29,1,Cuiaba,Juventude,2,2,Brasileirao Serie A 2021
2021-05-29,1,Sao Paulo,Fluminense,0,0,Brasileirao Serie A 2021
2021-05-30,1,Athletico-PR,America-MG,1,0,Brasileirao Serie A 2021
2021-05-30,1,Atletico-MG,Fortaleza,1,2,Brasileirao Serie A 2021
2021-05-30,1,Ceara,Gremio,3,2,Brasileirao Serie A 2021
2021-05-30,1,Chapecoense,Bragantino,0,3,Brasileirao Serie A 2021
2021-05-30,1,Corinthians,Atletico-GO,0,1,Brasileirao Serie A 2021
2021-05-30,1,Flamengo,Palmeiras,1,0,Brasileirao Serie A 2021
2021-05-30,1,Internacional,Sport,2,2,Brasileirao Serie A 2021
2021-06-05,2,Atletico-GO,Sao Paulo,2,0,Brasileirao Serie A 2021
2021-06-05,2,Bragantino,Bahia,3,3,Brasileirao Serie A 2021
2021-06-05,2,Santos,Ceara,3,1,Brasileirao Serie A 2021
2021-06-06,2,America-MG,Corinthians,0,1,Brasileirao Serie A 2021
2021-06-06,2,Fluminense,Cuiaba,1,0,Brasileirao Serie A 2021
2021-06-06,2,Fortaleza,Internacional,5,1,Brasileirao Serie A 2021
2021-06-06,2,Juventude,Athletico-PR,0,3,Brasileirao Serie A 2021
2021-06-06,2,Palmeiras,Chapecoense,3,1,Brasileirao Serie A 2021
2021-06-06,2,Sport,Atletico-MG,0,1,Brasileirao Serie A 2021
2021-06-12,3,Palmeiras,Corinthians,1,1,Brasileirao Serie A 2021
2021-06-12,3,Santos,Juventude,0,0,Brasileirao Serie A 2021
2021-06-13,3,Atletico-MG,Sao Paulo,1,0,Brasileirao Serie A 2021
2021-06-13,3,Bahia,Internacional,0,1,Brasileirao Serie A 2021
2021-06-13,3,Bragantino,Fluminense,2,2,Brasileirao Serie A 2021
2021-06-13,3,Chapecoense,Ceara,0,0,Brasileirao Serie A 2021
2021-06-13,3,Flamengo,America-MG,2,0,Brasileirao Serie A 2021
2021-06-13,3,Fortaleza,Sport,1,0,Brasileirao Serie A 2021
2021-06-13,3,Gremio,Athletico-PR,0,1,Brasileirao Serie A 2021
2021-06-16,4,Corinthians,Bragantino,1,2,Brasileirao Serie A 2021
2021-06-16,4,Internacional,Atletico-MG,0,1,Brasileirao Serie A 2021
2021-06-16,4,Juventude,Palmeiras,0,3,Brasileirao Serie A 2021
2021-06-16,4,Sao Paulo,Chapecoense,1,1,Brasileirao Serie A 2021
2021-06-17,4,America-MG,Cuiaba,0,0,Brasileirao Serie A 2021
2021-06-17,4,Atletico-GO,Fortaleza,0,0,Brasileirao Serie A 2021
2021-06-17,4,Ceara,Bahia,1,2,Brasileirao Serie A 2021
2021-06-17,4,Fluminense,Santos,1,0,Brasileirao Serie A 2021
2021-06-17,4,Sport,Gremio,1,0,Brasileirao Serie A 2021
2021-06-19,5,Flamengo,Bragantino,2,3,Brasileirao Serie A 2021
2021-06-20,5,Athletico-PR,Atletico-GO,2,1,Brasileirao Serie A 2021
2021-06-20,5,Bahia,Corinthians,0,0,Brasileirao Serie A 2021
2021-06-20,5,Fortaleza,Fluminense,1,1,Brasileirao Serie A 2021
2021-06-20,5,Internacional,Ceara,1,1,Brasileirao Serie A 2021
2021-06-20,5,Juventude,Sport,1,0,Brasileirao Serie A 2021
2021-06-20,5,Palmeiras,America-MG,2,1,Brasileirao Serie A 2021
2021-06-20,5,Santos,Sao Paulo,2,0,Brasileirao Serie A 2021
2021-06-21,5,Atletico-MG,Chapecoense,1,1,Brasileirao Serie A 2021
2021-06-23,6,Atletico-GO,Fluminense,1,0,Brasileirao Serie A 2021
2021-06-23,6,Bragantino,Palmeiras,3,1,Brasileirao Serie A 2021
2021-06-23,6,Flamengo,Fortaleza,2,1,Brasileirao Serie A 2021
2021-06-23,6,Sao Paulo,Cuiaba,2,2,Brasileirao Serie A 2021
2021-06-24,6,America-MG,Juventude,1,1,Brasileirao Serie A 2021
2021-06-24,6,Bahia,Athletico-PR,2,1,Brasileirao Serie A 2021
2021-06-24,6,Ceara,Atletico-MG,2,1,Brasileirao Serie A 2021
2021-06-24,6,Chapecoense,Internacional,1,2,Brasileirao Serie A 2021
2021-06-24,6,Corinthians,Sport,2,1,Brasileirao Serie A 2021
2021-06-24,6,Gremio,Santos,2,2,Brasileirao Serie A 2021
2021-06-27,7,America-MG,Internacional,1,1,Brasileirao Serie A 2021
2021-06-27,7,Athletico-PR,Chapecoense,2,2,Brasileirao Serie A 2021
2021-06-27,7,Ceara,Sao Paulo,1,1,Brasileirao Serie A 2021
2021-06-27,7,Fluminense,Corinthians,1,1,Brasileirao Serie A 2021
2021-06-27,7,Gremio,Fortaleza,0,0,Brasileirao Serie A 2021
2021-06-27,7,Juventude,Flamengo,1,0,Brasileirao Serie A 2021
2021-06-27,7,Palmeiras,Bahia,3,2,Brasileirao Serie A 2021
2021-06-27,7,Santos,Atletico-MG,2,0,Brasileirao Serie A 2021
2021-06-27,7,Sport,Cuiaba,0,0,Brasileirao Serie A 2021
2021-06-28,7,Atletico-GO,Bragantino,0,1,Brasileirao Serie A 2021
2021-06-30,8,Bahia,America-MG,3,4,Brasileirao Serie A 2021
2021-06-30,8,Corinthians,Sao Paulo,0,0,Brasileirao Serie A 2021
2021-06-30,8,Fluminense,Athletico-PR,1,4,Brasileirao Serie A 2021
2021-06-30,8,Fortaleza,Chapecoense,3,2,Brasileirao Serie A 2021
2021-06-30,8,Internacional,Palmeiras,1,2,Brasileirao Serie A 2021
2021-06-30,8,Juventude,Gremio,2,0,Brasileirao Serie A 2021
2021-06-30,8,Santos,Sport,0,0,Brasileirao Serie A 2021
2021-07-01,8,Atletico-MG,Atletico-GO,4,1,Brasileirao Serie A 2021
2021-07-01,8,Bragantino,Ceara,0,0,Brasileirao Serie A 2021
2021-07-01,8,Cuiaba,Flamengo,0,2,Brasileirao Serie A 2021
2021-07-03,9,America-MG,Santos,2,0,Brasileirao Serie A 2021
2021-07-03,9,Athletico-PR,Fortaleza,2,1,Brasileirao Serie A 2021
2021-07-03,9,Corinthians,Internacional,1,1,Brasileirao Serie A 2021
2021-07-04,9,Ceara,Juventude,2,0,Brasileirao Serie A 2021
2021-07-04,9,Chapecoense,Bahia,0,2,Brasileirao Serie A 2021
2021-07-04,9,Cuiaba,Atletico-MG,0,1,Brasileirao Serie A 2021
2021-07-04,9,Flamengo,Fluminense,0,1,Brasileirao Serie A 2021
2021-07-04,9,Gremio,Atletico-GO,0,1,Brasileirao Serie A 2021
2021-07-04,9,Sao Paulo,Bragantino,1,2,Brasileirao Serie A 2021
2021-07-04,9,Sport,Palmeiras,0,1,Brasileirao Serie A 2021
2021-07-06,10,Santos,Athletico-PR,2,1,Brasileirao Serie A 2021
2021-07-07,10,Atletico-GO,Sport,1,1,Brasileirao Serie A 2021
2021-07-07,10,Atletico-MG,Flamengo,2,1,Brasileirao Serie A 2021
2021-07-07,10,Bahia,Juventude,1,0,Brasileirao Serie A 2021
2021-07-07,10,Bragantino,Cuiaba,1,1,Brasileirao Serie A 2021
2021-07-07,10,Fluminense,Ceara,0,0,Brasileirao Serie A 2021
2021-07-07,10,Fortaleza,America-MG,4,0,Brasileirao Serie A 2021
2021-07-07,10,Internacional,Sao Paulo,0,2,Brasileirao Serie A 2021
2021-07-07,10,Palmeiras,Gremio,2,0,Brasileirao Serie A 2021
2021-07-08,10,Chapecoense,Corinthians,0,1,Brasileirao Serie A 2021
2021-07-10,11,America-MG,Atletico-MG,0,1,Brasileirao Serie A 2021
2021-07-10,11,Athletico-PR,Bragantino,2,2,Brasileirao Serie A 2021
2021-07-10,11,Gremio,Internacional,0,0,Brasileirao Serie A 2021
2021-07-10,11,Palmeiras,Santos,3,2,Brasileirao Serie A 2021
2021-07-10,11,Sao Paulo,Bahia,1,0,Brasileirao Serie A 2021
2021-07-10,11,Sport,Fluminense,1,2,Brasileirao Serie A 2021
2021-07-11,11,Cuiaba,Ceara,2,2,Brasileirao Serie A 2021
2021-07-11,11,Flamengo,Chapecoense,2,1,Brasileirao Serie A 2021
2021-07-11,11,Fortaleza,Corinthians,1,0,Brasileirao Serie A 2021
2021-07-11,11,Juventude,Atletico-GO,1,1,Brasileirao Serie A 2021
2021-07-17,12,Ceara,Athletico-PR,1,0,Brasileirao Serie A 2021
2021-07-17,12,Corinthians,Atletico-MG,1,2,Brasileirao Serie A 2021
2021-07-17,12,Fluminense,Gremio,0,1,Brasileirao Serie A 2021
2021-07-17,12,Sao Paulo,Fortaleza,0,1,Brasileirao Serie A 2021
2021-07-18,12,Atletico-GO,Palmeiras,0,3,Brasileirao Serie A 2021
2021-07-18,12,Bahia,Flamengo,0,5,Brasileirao Serie A 2021
2021-07-18,12,Bragantino,Santos,2,2,Brasileirao Serie A 2021
2021-07-18,12,Chapecoense,Cuiaba,2,3,Brasileirao Serie A 2021
2021-07-18,12,Internacional,Juventude,1,0,Brasileirao Serie A 2021
2021-07-19,12,America-MG,Sport,0,1,Brasileirao Serie A 2021
2021-07-21,3,Cuiaba,Atletico-GO,2,1,Brasileirao Serie A 2021
2021-07-24,13,Gremio,America-MG,1,1,Brasileirao Serie A 2021
2021-07-24,13,Palmeiras,Fluminense,1,0,Brasileirao Serie A 2021
2021-07-25,13,Athletico-PR,Internacional,2,1,Brasileirao Serie A 2021
2021-07-25,13,Atletico-MG,Bahia,3,0,Brasileirao Serie A 2021
2021-07-25,13,Flamengo,Sao Paulo,5,1,Brasileirao Serie A 2021
2021-07-25,13,Fortaleza,Bragantino,1,0,Brasileirao Serie A 2021
2021-07-25,13,Santos,Atletico-GO,0,1,Brasileirao Serie A 2021
2021-07-25,13,Sport,Ceara,0,0,Brasileirao Serie A 2021
2021-07-26,13,Cuiaba,Corinthians,1,2,Brasileirao Serie A 2021
2021-07-26,13,Juventude,Chapecoense,1,0,Brasileirao Serie A 2021
2021-07-31,14,Bragantino,Gremio,1,0,Brasileirao Serie A 2021
2021-07-31,14,Internacional,Cuiaba,0,0,Brasileirao Serie A 2021
2021-07-31,14,Sao Paulo,Palmeiras,0,0,Brasileirao Serie A 2021
2021-08-01,14,Atletico-GO,America-MG,1,1,Brasileirao Serie A 2021
2021-08-01,14,Atletico-MG,Athletico-PR,2,0,Brasileirao Serie A 2021
2021-08-01,14,Bahia,Sport,0,1,Brasileirao Serie A 2021
2021-08-01,14,Ceara,Fortaleza,3,1,Brasileirao Serie A 2021
2021-08-01,14,Chapecoense,Santos,0,1,Brasileirao Serie A 2021
2021-08-01,14,Corinthians,Flamengo,1,3,Brasileirao Serie A 2021
2021-08-06,15,Sport,Bragantino,0,0,Brasileirao Serie A 2021
2021-08-07,15,Athletico-PR,Sao Paulo,1,2,Brasileirao Serie A 2021
2021-08-07,15,Cuiaba,Bahia,1,1,Brasileirao Serie A 2021
2021-08-07,15,Palmeiras,Fortaleza,2,3,Brasileirao Serie A 2021
2021-08-08,15,America-MG,Fluminense,1,0,Brasileirao Serie A 2021
2021-08-08,15,Ceara,Atletico-GO,0,0,Brasileirao Serie A 2021
2021-08-08,15,Flamengo,Internacional,0,4,Brasileirao Serie A 2021
2021-08-08,15,Juventude,Atletico-MG,1,2,Brasileirao Serie A 2021
2021-08-08,15,Santos,Corinthians,0,0,Brasileirao Serie A 2021
2021-08-09,15,Gremio,Chapecoense,2,1,Brasileirao Serie A 2021
2021-08-14,16,Atletico-MG,Palmeiras,2,0,Brasileirao Serie A 2021
2021-08-14,16,Bragantino,Juventude,1,2,Brasileirao Serie A 2021
2021-08-14,16,Sao Paulo,Gremio,2,1,Brasileirao Serie A 2021
2021-08-15,16,Bahia,Atletico-GO,1,2,Brasileirao Serie A 2021
2021-08-15,16,Corinthians,Ceara,3,1,Brasileirao Serie A 2021
2021-08-15,16,Cuiaba,Athletico-PR,1,0,Brasileirao Serie A 2021
2021-08-15,16,Flamengo,Sport,2,0,Brasileirao Serie A 2021
2021-08-15,16,Fortaleza,Santos,1,1,Brasileirao Serie A 2021
2021-08-15,16,Internacional,Fluminense,4,2,Brasileirao Serie A 2021
2021-08-16,16,Chapecoense,America-MG,1,1,Brasileirao Serie A 2021
2021-08-18,5,Cuiaba,Gremio,0,1,Brasileirao Serie A 2021
2021-08-21,17,Atletico-GO,Chapecoense,1,1,Brasileirao Serie A 2021
2021-08-21,17,Gremio,Bahia,2,0,Brasileirao Serie A 2021
2021-08-21,17,Juventude,Fortaleza,1,1,Brasileirao Serie A 2021
2021-08-22,17,Athletico-PR,Corinthians,0,1,Brasileirao Serie A 2021
2021-08-22,17,Ceara,Flamengo,1,1,Brasileirao Serie A 2021
2021-08-22,17,Palmeiras,Cuiaba,0,2,Brasileirao Serie A 2021
2021-08-22,17,Santos,Internacional,2,2,Brasileirao Serie A 2021
2021-08-22,17,Sport,Sao Paulo,0,1,Brasileirao Serie A 2021
2021-08-23,17,America-MG,Bragantino,0,2,Brasileirao Serie A 2021
2021-08-23,17,Fluminense,Atletico-MG,1,1,Brasileirao Serie A 2021
2021-08-28,18,Gremio,Corinthians,0,1,Brasileirao Serie A 2021
2021-08-28,18,Palmeiras,Athletico-PR,2,1,Brasileirao Serie A 2021
2021-08-28,18,Santos,Flamengo,0,4,Brasileirao Serie A 2021
2021-08-28,18,Sport,Chapecoense,0,0,Brasileirao Serie A 2021
2021-08-29,18,America-MG,Ceara,2,0,Brasileirao Serie A 2021
2021-08-29,18,Atletico-GO,Internacional,0,0,Brasileirao Serie A 2021
2021-08-29,18,Bragantino,Atletico-MG,1,1,Brasileirao Serie A 2021
2021-08-29,18,Juventude,Sao Paulo,1,1,Brasileirao Serie A 2021
2021-08-30,18,Fluminense,Bahia,2,0,Brasileirao Serie A 2021
2021-08-30,18,Fortaleza,Cuiaba,0,0,Brasileirao Serie A 2021
2021-09-02,14,Fluminense,Juventude,1,1,Brasileirao Serie A 2021
2021-09-04,19,Bahia,Fortaleza,4,2,Brasileirao Serie A 2021
2021-09-04,19,Cuiaba,Santos,2,1,Brasileirao Serie A 2021
2021-09-05,19,Athletico-PR,Sport,0,0,Brasileirao Serie A 2021
2021-09-07,19,Chapecoense,Fluminense,1,2,Brasileirao Serie A 2021
2021-09-07,19,Corinthians,Juventude,1,1,Brasileirao Serie A 2021
2021-09-11,20,America-MG,Athletico-PR,2,0,Brasileirao Serie A 2021
2021-09-11,20,Bragantino,Chapecoense,1,2,Brasileirao Serie A 2021
2021-09-11,20,Juventude,Cuiaba,1,2,Brasileirao Serie A 2021
2021-09-11,20,Santos,Bahia,0,0,Brasileirao Serie A 2021
2021-09-12,20,Atletico-GO,Corinthians,1,1,Brasileirao Serie A 2021
2021-09-12,20,Fluminense,Sao Paulo,2,1,Brasileirao Serie A 2021
2021-09-12,20,Fortaleza,Atletico-MG,0,2,Brasileirao Serie A 2021
2021-09-12,20,Gremio,Ceara,2,0,Brasileirao Serie A 2021
2021-09-12,20,Palmeiras,Flamengo,1,3,Brasileirao Serie A 2021
2021-09-13,20,Sport,Internacional,0,1,Brasileirao Serie A 2021
2021-09-18,21,Athletico-PR,Juventude,2,1,Brasileirao Serie A 2021
2021-09-18,21,Atletico-MG,Sport,3,0,Brasileirao Serie A 2021
2021-09-18,21,Bahia,Bragantino,1,1,Brasileirao Serie A 2021
2021-09-18,21,Ceara,Santos,0,0,Brasileirao Serie A 2021
2021-09-18,21,Chapecoense,Palmeiras,0,2,Brasileirao Serie A 2021
2021-09-19,21,Corinthians,America-MG,1,1,Brasileirao Serie A 2021
2021-09-19,21,Flamengo,Gremio,0,1,Brasileirao Serie A 2021
2021-09-19,21,Internacional,Fortaleza,1,0,Brasileirao Serie A 2021
2021-09-19,21,Sao Paulo,Atletico-GO,2,1,Brasileirao Serie A 2021
2021-09-20,21,Cuiaba,Fluminense,2,2,Brasileirao Serie A 2021
2021-09-22,19,Sao Paulo,America-MG,0,0,Brasileirao Serie A 2021
2021-09-25,22,Ceara,Chapecoense,1,0,Brasileirao Serie A 2021
2021-09-25,22,Corinthians,Palmeiras,2,1,Brasileirao Serie A 2021
2021-09-25,22,Sao Paulo,Atletico-MG,0,0,Brasileirao Serie A 2021
2021-09-26,22,America-MG,Flamengo,1,1,Brasileirao Serie A 2021
2021-09-26,22,Athletico-PR,Gremio,4,2,Brasileirao Serie A 2021
2021-09-26,22,Atletico-GO,Cuiaba,0,0,Brasileirao Serie A 2021
2021-09-26,22,Fluminense,Bragantino,2,1,Brasileirao Serie A 2021
2021-09-26,22,Internacional,Bahia,2,0,Brasileirao Serie A 2021
2021-09-26,22,Juventude,Santos,3,0,Brasileirao Serie A 2021
2021-09-26,22,Sport,Fortaleza,0,1,Brasileirao Serie A 2021
2021-10-02,23,Atletico-MG,Internacional,1,0,Brasileirao Serie A 2021
2021-10-02,23,Bragantino,Corinthians,2,2,Brasileirao Serie A 2021
2021-10-02,23,Cuiaba,America-MG,0,2,Brasileirao Serie A 2021
2021-10-02,23,Fortaleza,Atletico-GO,0,3,Brasileirao Serie A 2021
2021-10-03,23,Chapecoense,Sao Paulo,1,1,Brasileirao Serie A 2021
2021-10-03,23,Flamengo,Athletico-PR,3,0,Brasileirao Serie A 2021
2021-10-03,23,Gremio,Sport,1,2,Brasileirao Serie A 2021
2021-10-03,23,Palmeiras,Juventude,1,1,Brasileirao Serie A 2021
2021-10-05,24,Corinthians,Bahia,3,1,Brasileirao Serie A 2021
2021-10-06,24,America-MG,Palmeiras,2,1,Brasileirao Serie A 2021
2021-10-06,24,Atletico-GO,Athletico-PR,0,2,Brasileirao Serie A 2021
2021-10-06,24,Bragantino,Flamengo,1,1,Brasileirao Serie A 2021
2021-10-06,24,Ceara,Internacional,0,0,Brasileirao Serie A 2021
2021-10-06,24,Chapecoense,Atletico-MG,2,2,Brasileirao Serie A 2021
2021-10-06,24,Fluminense,Fortaleza,0,2,Brasileirao Serie A 2021
2021-10-06,24,Gremio,Cuiaba,2,2,Brasileirao Serie A 2021
2021-10-06,24,Sport,Juventude,3,1,Brasileirao Serie A 2021
2021-10-07,24,Sao Paulo,Santos,1,1,Brasileirao Serie A 2021
2021-10-09,25,Athletico-PR,Bahia,0,2,Brasileirao Serie A 2021
2021-10-09,25,Atletico-MG,Ceara,3,1,Brasileirao Serie A 2021
2021-10-09,25,Fluminense,Atletico-GO,0,0,Brasileirao Serie A 2021
2021-10-09,25,Fortaleza,Flamengo,0,3,Brasileirao Serie A 2021
2021-10-09,25,Juventude,America-MG,1,1,Brasileirao Serie A 2021
2021-10-09,25,Palmeiras,Bragantino,2,4,Brasileirao Serie A 2021
2021-10-09,25,Sport,Corinthians,1,0,Brasileirao Serie A 2021
2021-10-10,25,Internacional,Chapecoense,5,2,Brasileirao Serie A 2021
2021-10-10,25,Santos,Gremio,1,0,Brasileirao Serie A 2021
2021-10-11,25,Cuiaba,Sao Paulo,0,0,Brasileirao Serie A 2021
2021-10-12,26,Bahia,Palmeiras,0,0,Brasileirao Serie A 2021
2021-10-12,26,Bragantino,Atletico-GO,1,0,Brasileirao Serie A 2021
2021-10-13,26,Atletico-MG,Santos,3,1,Brasileirao Serie A 2021
2021-10-13,26,Chapecoense,Athletico-PR,1,1,Brasileirao Serie A 2021
2021-10-13,26,Corinthians,Fluminense,1,0,Brasileirao Serie A 2021
2021-10-13,26,Flamengo,Juventude,3,1,Brasileirao Serie A 2021
2021-10-13,26,Fortaleza,Gremio,1,0,Brasileirao Serie A 2021
2021-10-13,26,Internacional,America-MG,3,1,Brasileirao Serie A 2021
2021-10-14,26,Cuiaba,Sport,1,0,Brasileirao Serie A 2021
2021-10-14,26,Sao Paulo,Ceara,1,1,Brasileirao Serie A 2021
2021-10-16,27,America-MG,Bahia,0,0,Brasileirao Serie A 2021
2021-10-16,27,Chapecoense,Fortaleza,1,2,Brasileirao Serie A 2021
2021-10-17,27,Athletico-PR,Fluminense,0,1,Brasileirao Serie A 2021
2021-10-17,27,Atletico-GO,Atletico-MG,2,1,Brasileirao Serie A 2021
2021-10-17,27,Ceara,Bragantino,2,2,Brasileirao Serie A 2021
2021-10-17,27,Flamengo,Cuiaba,0,0,Brasileirao Serie A 2021
2021-10-17,27,Gremio,Juventude,3,2,Brasileirao Serie A 2021
2021-10-17,27,Palmeiras,Internacional,1,0,Brasileirao Serie A 2021
2021-10-17,27,Sport,Santos,0,0,Brasileirao Serie A 2021
2021-10-18,27,Sao Paulo,Corinthians,1,0,Brasileirao Serie A 2021
2021-10-20,19,Ceara,Palmeiras,1,2,Brasileirao Serie A 2021
2021-10-21,19,Internacional,Bragantino,1,1,Brasileirao Serie A 2021
2021-10-23,28,Fluminense,Flamengo,3,1,Brasileirao Serie A 2021
2021-10-23,28,Fortaleza,Athletico-PR,3,0,Brasileirao Serie A 2021
2021-10-23,28,Juventude,Ceara,0,0,Brasileirao Serie A 2021
2021-10-23,28,Santos,America-MG,0,2,Brasileirao Serie A 2021
2021-10-24,28,Atletico-MG,Cuiaba,2,1,Brasileirao Serie A 2021
2021-10-24,28,Bahia,Chapecoense,3,0,Brasileirao Serie A 2021
2021-10-24,28,Bragantino,Sao Paulo,1,0,Brasileirao Serie A 2021
2021-10-24,28,Internacional,Corinthians,2,2,Brasileirao Serie A 2021
2021-10-25,28,Atletico-GO,Gremio,2,0,Brasileirao Serie A 2021
2021-10-25,28,Palmeiras,Sport,2,1,Brasileirao Serie A 2021
2021-10-27,23,Bahia,Ceara,1,1,Brasileirao Serie A 2021
2021-10-27,23,Santos,Fluminense,2,0,Brasileirao Serie A 2021
2021-10-28,34,Bragantino,Sport,3,0,Brasileirao Serie A 2021
2021-10-30,29,America-MG,Fortaleza,2,1,Brasileirao Serie A 2021
2021-10-30,29,Athletico-PR,Santos,0,1,Brasileirao Serie A 2021
2021-10-30,29,Flamengo,Atletico-MG,1,0,Brasileirao Serie A 2021
2021-10-30,29,Juventude,Bahia,0,0,Brasileirao Serie A 2021
2021-10-31,29,Ceara,Fluminense,1,0,Brasileirao Serie A 2021
2021-10-31,29,Gremio,Palmeiras,1,3,Brasileirao Serie A 2021
2021-10-31,29,Sao Paulo,Internacional,1,0,Brasileirao Serie A 2021
2021-10-31,29,Sport,Atletico-GO,2,0,Brasileirao Serie A 2021
2021-11-01,29,Corinthians,Chapecoense,1,0,Brasileirao Serie A 2021
2021-11-01,29,Cuiaba,Bragantino,1,0,Brasileirao Serie A 2021
2021-11-02,4,Athletico-PR,Flamengo,2,2,Brasileirao Serie A 2021
2021-11-03,19,Atletico-MG,Gremio,2,1,Brasileirao Serie A 2021
2021-11-04,31,Cuiaba,Chapecoense,0,0,Brasileirao Serie A 2021
2021-11-05,19,Flamengo,Atletico-GO,2,0,Brasileirao Serie A 2021
2021-11-06,30,Corinthians,Fortaleza,1,0,Brasileirao Serie A 2021
2021-11-06,30,Fluminense,Sport,1,0,Brasileirao Serie A 2021
2021-11-06,30,Internacional,Gremio,1,0,Brasileirao Serie A 2021
2021-11-07,30,Atletico-MG,America-MG,1,0,Brasileirao Serie A 2021
2021-11-07,30,Bahia,Sao Paulo,1,0,Brasileirao Serie A 2021
2021-11-07,30,Bragantino,Athletico-PR,0,2,Brasileirao Serie A 2021
2021-11-07,30,Ceara,Cuiaba,1,0,Brasileirao Serie A 2021
2021-11-07,30,Santos,Palmeiras,0,2,Brasileirao Serie A 2021
2021-11-08,30,Chapecoense,Flamengo,2,2,Brasileirao Serie A 2021
2021-11-09,31,Gremio,Fluminense,1,0,Brasileirao Serie A 2021
2021-11-10,31,Athletico-PR,Ceara,2,1,Brasileirao Serie A 2021
2021-11-10,31,Atletico-MG,Corinthians,3,0,Brasileirao Serie A 2021
2021-11-10,31,Fortaleza,Sao Paulo,1,1,Brasileirao Serie A 2021
2021-11-10,31,Juventude,Internacional,2,1,Brasileirao Serie A 2021
2021-11-10,31,Palmeiras,Atletico-GO,4,0,Brasileirao Serie A 2021
2021-11-10,31,Santos,Bragantino,2,0,Brasileirao Serie A 2021
2021-11-10,31,Sport,America-MG,2,3,Brasileirao Serie A 2021
2021-11-11,31,Flamengo,Bahia,3,0,Brasileirao Serie A 2021
2021-11-13,32,America-MG,Gremio,3,1,Brasileirao Serie A 2021
2021-11-13,32,Atletico-GO,Santos,0,0,Brasileirao Serie A 2021
2021-11-13,32,Bragantino,Fortaleza,3,0,Brasileirao Serie A 2021
2021-11-13,32,Corinthians,Cuiaba,3,2,Brasileirao Serie A 2021
2021-11-13,32,Internacional,Athletico-PR,2,1,Brasileirao Serie A 2021
2021-11-14,32,Ceara,Sport,2,1,Brasileirao Serie A 2021
2021-11-14,32,Chapecoense,Juventude,0,2,Brasileirao Serie A 2021
2021-11-14,32,Fluminense,Palmeiras,2,1,Brasileirao Serie A 2021
2021-11-14,32,Sao Paulo,Flamengo,0,4,Brasileirao Serie A 2021
2021-11-16,33,Athletico-PR,Atletico-MG,0,1,Brasileirao Serie A 2021
2021-11-16,33,Gremio,Bragantino,3,0,Brasileirao Serie A 2021
2021-11-17,33,America-MG,Atletico-GO,0,0,Brasileirao Serie A 2021
2021-11-17,33,Cuiaba,Internacional,1,0,Brasileirao Serie A 2021
2021-11-17,33,Flamengo,Corinthians,1,0,Brasileirao Serie A 2021
2021-11-17,33,Fortaleza,Ceara,0,4,Brasileirao Serie A 2021
2021-11-17,33,Juventude,Fluminense,1,0,Brasileirao Serie A 2021
2021-11-17,33,Palmeiras,Sao Paulo,0,2,Brasileirao Serie A 2021
2021-11-17,33,Santos,Chapecoense,2,0,Brasileirao Serie A 2021
2021-11-18,33,Sport,Bahia,1,0,Brasileirao Serie A 2021
2021-11-20,34,Atletico-GO,Ceara,1,1,Brasileirao Serie A 2021
2021-11-20,34,Atletico-MG,Juventude,2,0,Brasileirao Serie A 2021
2021-11-20,34,Chapecoense,Gremio,1,3,Brasileirao Serie A 2021
2021-11-20,34,Fortaleza,Palmeiras,1,0,Brasileirao Serie A 2021
2021-11-20,34,Internacional,Flamengo,1,2,Brasileirao Serie A 2021
2021-11-21,34,Bahia,Cuiaba,0,0,Brasileirao Serie A 2021
2021-11-21,34,Corinthians,Santos,2,0,Brasileirao Serie A 2021
2021-11-21,34,Fluminense,America-MG,2,0,Brasileirao Serie A 2021
2021-11-23,30,Atletico-GO,Juventude,1,1,Brasileirao Serie A 2021
2021-11-23,2,Gremio,Flamengo,2,2,Brasileirao Serie A 2021
2021-11-23,35,Palmeiras,Atletico-MG,2,2,Brasileirao Serie A 2021
2021-11-24,35,Fluminense,Internacional,1,0,Brasileirao Serie A 2021
2021-11-24,34,Sao Paulo,Athletico-PR,0,0,Brasileirao Serie A 2021
2021-11-25,35,Ceara,Corinthians,2,1,Brasileirao Serie A 2021
2021-11-25,35,Santos,Fortaleza,2,0,Brasileirao Serie A 2021
2021-11-26,36,Bahia,Gremio,3,1,Brasileirao Serie A 2021
2021-11-27,36,Bragantino,America-MG,1,1,Brasileirao Serie A 2021
2021-11-27,36,Sao Paulo,Sport,2,0,Brasileirao Serie A 2021
2021-11-28,36,Atletico-MG,Fluminense,2,1,Brasileirao Serie A 2021
2021-11-28,36,Corinthians,Athletico-PR,1,0,Brasileirao Serie A 2021
2021-11-28,36,Internacional,Santos,1,1,Brasileirao Serie A 2021
2021-11-29,35,Atletico-GO,Bahia,2,1,Brasileirao Serie A 2021
2021-11-30,35,America-MG,Chapecoense,3,0,Brasileirao Serie A 2021
2021-11-30,36,Cuiaba,Palmeiras,1,3,Brasileirao Serie A 2021
2021-11-30,36,Flamengo,Ceara,2,1,Brasileirao Serie A 2021
2021-11-30,35,Juventude,Bragantino,1,0,Brasileirao Serie A 2021
2021-12-02,32,Bahia,Atletico-MG,2,3,Brasileirao Serie A 2021
2021-12-02,35,Gremio,Sao Paulo,3,0,Brasileirao Serie A 2021
2021-12-03,35,Athletico-PR,Cuiaba,1,0,Brasileirao Serie A 2021
2021-12-03,36,Chapecoense,Atletico-GO,0,1,Brasileirao Serie A 2021
2021-12-03,36,Fortaleza,Juventude,1,0,Brasileirao Serie A 2021
2021-12-03,35,Sport,Flamengo,1,1,Brasileirao Serie A 2021
2021-12-05,37,Atletico-MG,Bragantino,4,3,Brasileirao Serie A 2021
2021-12-05,37,Bahia,Fluminense,2,0,Brasileirao Serie A 2021
2021-12-05,37,Ceara,America-MG,0,0,Brasileirao Serie A 2021
2021-12-05,37,Corinthians,Gremio,1,1,Brasileirao Serie A 2021
2021-12-06,37,Athletico-PR,Palmeiras,0,0,Brasileirao Serie A 2021
2021-12-06,37,Chapecoense,Sport,0,1,Brasileirao Serie A 2021
2021-12-06,37,Cuiaba,Fortaleza,1,0,Brasileirao Serie A 2021
2021-12-06,37,Flamengo,Santos,0,1,Brasileirao Serie A 2021
2021-12-06,37,Internacional,Atletico-GO,1,2,Brasileirao Serie A 2021
2021-12-06,37,Sao Paulo,Juventude,3,1,Brasileirao Serie A 2021
2021-12-09,38,America-MG,Sao Paulo,2,0,Brasileirao Serie A 2021
2021-12-09,38,Atletico-GO,Flamengo,2,0,Brasileirao Serie A 2021
2021-12-09,38,Bragantino,Internacional,1,0,Brasileirao Serie A 2021
2021-12-09,38,Fluminense,Chapecoense,3,0,Brasileirao Serie A 2021
2021-12-09,38,Fortaleza,Bahia,2,1,Brasileirao Serie A 2021
2021-12-09,38,Gremio,Atletico-MG,4,3,Brasileirao Serie A 2021
2021-12-09,38,Juventude,Corinthians,1,0,Brasileirao Serie A 2021
2021-12-09,38,Palmeiras,Ceara,1,0,Brasileirao Serie A 2021
2021-12-09,38,Santos,Cuiaba,1,1,Brasileirao Serie A 2021
2021-12-09,38,Sport,Athletico-PR,1,1,Brasileirao Serie A 2021
2022-04-09,1,Atletico-GO,Flamengo,1,1,Brasileirao Serie A 2022
2022-04-09,1,Fluminense,Santos,0,0,Brasileirao Serie A 2022
2022-04-09,1,Palmeiras,Ceara,2,3,Brasileirao Serie A 2022
2022-04-10,1,Atletico-MG,Internacional,2,0,Brasileirao Serie A 2022
2022-04-10,1,Avai,America-MG,1,0,Brasileirao Serie A 2022
2022-04-10,1,Botafogo-RJ,Corinthians,1,3,Brasileirao Serie A 2022
2022-04-10,1,Coritiba,Goias,3,0,Brasileirao Serie A 2022
2022-04-10,1,Fortaleza,Cuiaba,0,1,Brasileirao Serie A 2022
2022-04-10,1,Sao Paulo,Athletico-PR,4,0,Brasileirao Serie A 2022
2022-04-11,1,Juventude,Bragantino,2,2,Brasileirao Serie A 2022
2022-04-16,2,America-MG,Juventude,4,1,Brasileirao Serie A 2022
2022-04-16,2,Corinthians,Avai,3,0,Brasileirao Serie A 2022
2022-04-16,2,Cuiaba,Fluminense,0,1,Brasileirao Serie A 2022
2022-04-16,2,Goias,Palmeiras,1,1,Brasileirao Serie A 2022
2022-04-17,2,Athletico-PR,Atletico-MG,0,1,Brasileirao Serie A 2022
2022-04-17,2,Bragantino,Atletico-GO,4,0,Brasileirao Serie A 2022
2022-04-17,2,Ceara,Botafogo-RJ,1,3,Brasileirao Serie A 2022
2022-04-17,2,Flamengo,Sao Paulo,3,1,Brasileirao Serie A 2022
2022-04-17,2,Internacional,Fortaleza,2,1,Brasileirao Serie A 2022
2022-04-17,2,Santos,Coritiba,2,1,Brasileirao Serie A 2022
2022-04-20,4,Flamengo,Palmeiras,0,0,Brasileirao Serie A 2022
2022-04-23,3,Athletico-PR,Flamengo,1,0,Brasileirao Serie A 2022
2022-04-23,3,Atletico-MG,Coritiba,2,2,Brasileirao Serie A 2022
2022-04-23,3,Bragantino,Sao Paulo,1,1,Brasileirao Serie A 2022
2022-04-23,3,Fluminense,Internacional,0,1,Brasileirao Serie A 2022
2022-04-23,3,Palmeiras,Corinthians,3,0,Brasileirao Serie A 2022
2022-04-24,3,Atletico-GO,Botafogo-RJ,1,1,Brasileirao Serie A 2022
2022-04-24,3,Juventude,Cuiaba,0,1,Brasileirao Serie A 2022
2022-04-24,3,Santos,America-MG,3,0,Brasileirao Serie A 2022
2022-04-25,3,Avai,Goias,3,2,Brasileirao Serie A 2022
2022-04-30,4,America-MG,Athletico-PR,1,0,Brasileirao Serie A 2022
2022-04-30,4,Ceara,Bragantino,0,1,Brasileirao Serie A 2022
2022-04-30,4,Cuiaba,Atletico-GO,1,1,Brasileirao Serie A 2022
2022-04-30,4,Goias,Atletico-MG,2,2,Brasileirao Serie A 2022
2022-05-01,4,Botafogo-RJ,Juventude,1,1,Brasileirao Serie A 2022
2022-05-01,4,Corinthians,Fortaleza,1,0,Brasileirao Serie A 2022
2022-05-01,4,Coritiba,Fluminense,3,2,Brasileirao Serie A 2022
2022-05-01,4,Internacional,Avai,0,0,Brasileirao Serie A 2022
2022-05-02,4,Sao Paulo,Santos,2,1,Brasileirao Serie A 2022
2022-05-07,5,Athletico-PR,Ceara,1,0,Brasileirao Serie A 2022
2022-05-07,5,Atletico-MG,America-MG,1,2,Brasileirao Serie A 2022
2022-05-08,5,Atletico-GO,Goias,0,1,Brasileirao Serie A 2022
2022-05-08,5,Bragantino,Corinthians,0,1,Brasileirao Serie A 2022
2022-05-08,5,Flamengo,Botafogo-RJ,0,1,Brasileirao Serie A 2022
2022-05-08,5,Fortaleza,Sao Paulo,1,1,Brasileirao Serie A 2022
2022-05-08,5,Juventude,Internacional,1,1,Brasileirao Serie A 2022
2022-05-08,5,Palmeiras,Fluminense,1,1,Brasileirao Serie A 2022
2022-05-08,5,Santos,Cuiaba,4,1,Brasileirao Serie A 2022
2022-05-09,5,Avai,Coritiba,2,1,Brasileirao Serie A 2022
2022-05-11,7,Bragantino,Atletico-MG,1,1,Brasileirao Serie A 2022
2022-05-14,6,Atletico-MG,Atletico-GO,2,0,Brasileirao Serie A 2022
2022-05-14,6,Ceara,Flamengo,2,2,Brasileirao Serie A 2022
2022-05-14,6,Fluminense,Athletico-PR,2,1,Brasileirao Serie A 2022
2022-05-14,6,Internacional,Corinthians,2,2,Brasileirao Serie A 2022
2022-05-14,6,Palmeiras,Bragantino,2,0,Brasileirao Serie A 2022
2022-05-15,6,Avai,Juventude,1,2,Brasileirao Serie A 2022
2022-05-15,6,Botafogo-RJ,Fortaleza,3,1,Brasileirao Serie A 2022
2022-05-15,6,Coritiba,America-MG,1,0,Brasileirao Serie A 2022
2022-05-15,6,Goias,Santos,1,0,Brasileirao Serie A 2022
2022-05-15,6,Sao Paulo,Cuiaba,2,1,Brasileirao Serie A 2022
2022-05-21,7,America-MG,Botafogo-RJ,1,1,Brasileirao Serie A 2022
2022-05-21,7,Atletico-GO,Coritiba,2,0,Brasileirao Serie A 2022
2022-05-21,7,Cuiaba,Internacional,1,1,Brasileirao Serie A 2022
2022-05-21,7,Flamengo,Goias,1,0,Brasileirao Serie A 2022
2022-05-21,7,Juventude,Palmeiras,0,3,Brasileirao Serie A 2022
2022-05-21,7,Santos,Ceara,0,0,Brasileirao Serie A 2022
2022-05-22,7,Athletico-PR,Avai,2,1,Brasileirao Serie A 2022
2022-05-22,7,Corinthians,Sao Paulo,1,1,Brasileirao Serie A 2022
2022-05-22,7,Fortaleza,Fluminense,0,1,Brasileirao Serie A 2022
2022-05-28,8,Fortaleza,Juventude,1,1,Brasileirao Serie A 2022
2022-05-28,8,Goias,Bragantino,1,1,Brasileirao Serie A 2022
2022-05-28,8,Sao Paulo,Ceara,2,2,Brasileirao Serie A 2022
2022-05-29,8,Atletico-MG,Avai,2,1,Brasileirao Serie A 2022
2022-05-29,8,Corinthians,America-MG,1,1,Brasileirao Serie A 2022
2022-05-29,8,Coritiba,Botafogo-RJ,1,0,Brasileirao Serie A 2022
2022-05-29,8,Cuiaba,Athletico-PR,0,1,Brasileirao Serie A 2022
2022-05-29,8,Fluminense,Flamengo,1,2,Brasileirao Serie A 2022
2022-05-29,8,Santos,Palmeiras,0,1,Brasileirao Serie A 2022
2022-05-30,8,Internacional,Atletico-GO,1,1,Brasileirao Serie A 2022
2022-06-01,3,Fortaleza,Ceara,0,1,Brasileirao Serie A 2022
2022-06-04,9,America-MG,Cuiaba,2,1,Brasileirao Serie A 2022
2022-06-04,9,Athletico-PR,Santos,2,2,Brasileirao Serie A 2022
2022-06-04,9,Atletico-GO,Corinthians,0,1,Brasileirao Serie A 2022
2022-06-04,9,Avai,Sao Paulo,1,1,Brasileirao Serie A 2022
2022-06-04,9,Ceara,Coritiba,1,1,Brasileirao Serie A 2022
2022-06-05,9,Bragantino,Internacional,0,2,Brasileirao Serie A 2022
2022-06-05,9,Flamengo,Fortaleza,1,2,Brasileirao Serie A 2022
2022-06-05,9,Juventude,Fluminense,1,0,Brasileirao Serie A 2022
2022-06-05,9,Palmeiras,Atletico-MG,0,0,Brasileirao Serie A 2022
2022-06-06,9,Botafogo-RJ,Goias,1,2,Brasileirao Serie A 2022
2022-06-07,10,Cuiaba,Corinthians,1,0,Brasileirao Serie A 2022
2022-06-08,10,America-MG,Ceara,0,2,Brasileirao Serie A 2022
2022-06-08,10,Atletico-GO,Avai,2,1,Brasileirao Serie A 2022
2022-06-08,10,Bragantino,Flamengo,1,0,Brasileirao Serie A 2022
2022-06-08,10,Fluminense,Atletico-MG,5,3,Brasileirao Serie A 2022
2022-06-08,10,Juventude,Athletico-PR,1,3,Brasileirao Serie A 2022
2022-06-08,10,Santos,Internacional,1,1,Brasileirao Serie A 2022
2022-06-09,10,Coritiba,Sao Paulo,1,1,Brasileirao Serie A 2022
2022-06-09,10,Fortaleza,Goias,1,1,Brasileirao Serie A 2022
2022-06-09,10,Palmeiras,Botafogo-RJ,4,0,Brasileirao Serie A 2022
2022-06-11,11,Atletico-MG,Santos,1,1,Brasileirao Serie A 2022
2022-06-11,11,Corinthians,Juventude,2,0,Brasileirao Serie A 2022
2022-06-11,11,Cuiaba,Bragantino,1,1,Brasileirao Serie A 2022
2022-06-11,11,Fluminense,Atletico-GO,0,2,Brasileirao Serie A 2022
2022-06-11,11,Internacional,Flamengo,3,1,Brasileirao Serie A 2022
2022-06-12,11,Coritiba,Palmeiras,0,2,Brasileirao Serie A 2022
2022-06-12,11,Fortaleza,Athletico-PR,0,0,Brasileirao Serie A 2022
2022-06-12,11,Goias,Ceara,1,1,Brasileirao Serie A 2022
2022-06-12,11,Sao Paulo,America-MG,1,0,Brasileirao Serie A 2022
2022-06-13,11,Botafogo-RJ,Avai,0,1,Brasileirao Serie A 2022
2022-06-14,12,Juventude,Santos,1,2,Brasileirao Serie A 2022
2022-06-15,12,America-MG,Fluminense,0,0,Brasileirao Serie A 2022
2022-06-15,12,Athletico-PR,Corinthians,1,1,Brasileirao Serie A 2022
2022-06-15,12,Bragantino,Coritiba,4,2,Brasileirao Serie A 2022
2022-06-15,12,Ceara,Atletico-MG,0,0,Brasileirao Serie A 2022
2022-06-15,12,Flamengo,Cuiaba,2,0,Brasileirao Serie A 2022
2022-06-15,12,Goias,Internacional,1,2,Brasileirao Serie A 2022
2022-06-16,12,Avai,Fortaleza,3,2,Brasileirao Serie A 2022
2022-06-16,12,Botafogo-RJ,Sao Paulo,1,0,Brasileirao Serie A 2022
2022-06-16,12,Palmeiras,Atletico-GO,4,2,Brasileirao Serie A 2022
2022-06-18,13,Cuiaba,Ceara,0,0,Brasileirao Serie A 2022
2022-06-18,13,Santos,Bragantino,2,2,Brasileirao Serie A 2022
2022-06-19,13,Atletico-GO,Juventude,3,1,Brasileirao Serie A 2022
2022-06-19,13,Atletico-MG,Flamengo,2,0,Brasileirao Serie A 2022
2022-06-19,13,Corinthians,Goias,1,0,Brasileirao Serie A 2022
2022-06-19,13,Coritiba,Athletico-PR,0,1,Brasileirao Serie A 2022
2022-06-19,13,Fluminense,Avai,2,0,Brasileirao Serie A 2022
2022-06-19,13,Fortaleza,America-MG,1,0,Brasileirao Serie A 2022
2022-06-19,13,Internacional,Botafogo-RJ,2,3,Brasileirao Serie A 2022
2022-06-20,13,Sao Paulo,Palmeiras,1,2,Brasileirao Serie A 2022
2022-06-24,14,Internacional,Coritiba,3,0,Brasileirao Serie A 2022
2022-06-25,14,Athletico-PR,Bragantino,4,2,Brasileirao Serie A 2022
2022-06-25,14,Atletico-MG,Fortaleza,3,2,Brasileirao Serie A 2022
2022-06-25,14,Corinthians,Santos,0,0,Brasileirao Serie A 2022
2022-06-25,14,Flamengo,America-MG,3,0,Brasileirao Serie A 2022
2022-06-26,14,Avai,Palmeiras,2,2,Brasileirao Serie A 2022
2022-06-26,14,Botafogo-RJ,Fluminense,0,1,Brasileirao Serie A 2022
2022-06-26,14,Ceara,Atletico-GO,1,1,Brasileirao Serie A 2022
2022-06-26,14,Goias,Cuiaba,1,0,Brasileirao Serie A 2022
2022-06-26,14,Sao Paulo,Juventude,0,0,Brasileirao Serie A 2022
2022-07-02,15,Ceara,Internacional,1,1,Brasileirao Serie A 2022
2022-07-02,15,Fluminense,Corinthians,4,0,Brasileirao Serie A 2022
2022-07-02,15,Juventude,Atletico-MG,1,2,Brasileirao Serie A 2022
2022-07-02,15,Palmeiras,Athletico-PR,0,2,Brasileirao Serie A 2022
2022-07-02,15,Santos,Flamengo,1,2,Brasileirao Serie A 2022
2022-07-03,15,America-MG,Goias,1,0,Brasileirao Serie A 2022
2022-07-03,15,Atletico-GO,Sao Paulo,1,2,Brasileirao Serie A 2022
2022-07-03,15,Avai,Cuiaba,1,2,Brasileirao Serie A 2022
2022-07-03,15,Coritiba,Fortaleza,2,1,Brasileirao Serie A 2022
2022-07-04,15,Bragantino,Botafogo-RJ,0,1,Brasileirao Serie A 2022
2022-07-09,16,Bragantino,Avai,4,0,Brasileirao Serie A 2022
2022-07-09,16,Fluminense,Ceara,2,1,Brasileirao Serie A 2022
2022-07-09,16,Goias,Athletico-PR,2,1,Brasileirao Serie A 2022
2022-07-10,16,Atletico-MG,Sao Paulo,0,0,Brasileirao Serie A 2022
2022-07-10,16,Corinthians,Flamengo,1,0,Brasileirao Serie A 2022
2022-07-10,16,Coritiba,Juventude,2,2,Brasileirao Serie A 2022
2022-07-10,16,Cuiaba,Botafogo-RJ,2,0,Brasileirao Serie A 2022
2022-07-10,16,Fortaleza,Palmeiras,0,0,Brasileirao Serie A 2022
2022-07-10,16,Santos,Atletico-GO,1,0,Brasileirao Serie A 2022
2022-07-11,16,Internacional,America-MG,1,0,Brasileirao Serie A 2022
2022-07-16,17,Athletico-PR,Internacional,0,0,Brasileirao Serie A 2022
2022-07-16,17,Avai,Santos,1,0,Brasileirao Serie A 2022
2022-07-16,17,Ceara,Corinthians,3,1,Brasileirao Serie A 2022
2022-07-16,17,Flamengo,Coritiba,2,0,Brasileirao Serie A 2022
2022-07-17,17,America-MG,Bragantino,0,3,Brasileirao Serie A 2022
2022-07-17,17,Atletico-GO,Fortaleza,0,1,Brasileirao Serie A 2022
2022-07-17,17,Botafogo-RJ,Atletico-MG,0,1,Brasileirao Serie A 2022
2022-07-17,17,Juventude,Goias,0,0,Brasileirao Serie A 2022
2022-07-17,17,Sao Paulo,Fluminense,2,2,Brasileirao Serie A 2022
2022-07-18,17,Palmeiras,Cuiaba,1,0,Brasileirao Serie A 2022
2022-07-19,18,Ceara,Avai,1,0,Brasileirao Serie A 2022
2022-07-20,18,Athletico-PR,Atletico-GO,4,1,Brasileirao Serie A 2022
2022-07-20,18,Bragantino,Fortaleza,2,1,Brasileirao Serie A 2022
2022-07-20,18,Corinthians,Coritiba,3,1,Brasileirao Serie A 2022
2022-07-20,18,Flamengo,Juventude,4,0,Brasileirao Serie A 2022
2022-07-20,18,Goias,Fluminense,2,3,Brasileirao Serie A 2022
2022-07-20,18,Internacional,Sao Paulo,3,3,Brasileirao Serie A 2022
2022-07-20,18,Santos,Botafogo-RJ,2,0,Brasileirao Serie A 2022
2022-07-21,18,America-MG,Palmeiras,0,1,Brasileirao Serie A 2022
2022-07-21,18,Cuiaba,Atletico-MG,1,1,Brasileirao Serie A 2022
2022-07-23,19,Botafogo-RJ,Athletico-PR,2,0,Brasileirao Serie A 2022
2022-07-23,19,Sao Paulo,Goias,3,3,Brasileirao Serie A 2022
2022-07-24,19,Atletico-GO,America-MG,0,1,Brasileirao Serie A 2022
2022-07-24,19,Atletico-MG,Corinthians,1,2,Brasileirao Serie A 2022
2022-07-24,19,Avai,Flamengo,1,2,Brasileirao Serie A 2022
2022-07-24,19,Fluminense,Bragantino,2,1,Brasileirao Serie A 2022
2022-07-24,19,Fortaleza,Santos,0,0,Brasileirao Serie A 2022
2022-07-24,19,Juventude,Ceara,1,0,Brasileirao Serie A 2022
2022-07-24,19,Palmeiras,Internacional,2,1,Brasileirao Serie A 2022
2022-07-25,19,Coritiba,Cuiaba,1,0,Brasileirao Serie A 2022
2022-07-30,20,Ceara,Palmeiras,1,2,Brasileirao Serie A 2022
2022-07-30,20,Corinthians,Botafogo-RJ,1,0,Brasileirao Serie A 2022
2022-07-30,20,Flamengo,Atletico-GO,4,1,Brasileirao Serie A 2022
2022-07-30,20,Goias,Coritiba,1,0,Brasileirao Serie A 2022
2022-07-31,20,America-MG,Avai,3,1,Brasileirao Serie A 2022
2022-07-31,20,Athletico-PR,Sao Paulo,1,0,Brasileirao Serie A 2022
2022-07-31,20,Bragantino,Juventude,1,0,Brasileirao Serie A 2022
2022-07-31,20,Cuiaba,Fortaleza,0,1,Brasileirao Serie A 2022
2022-07-31,20,Internacional,Atletico-MG,3,0,Brasileirao Serie A 2022
2022-08-01,20,Santos,Fluminense,2,2,Brasileirao Serie A 2022
2022-08-06,21,Atletico-GO,Bragantino,2,1,Brasileirao Serie A 2022
2022-08-06,21,Avai,Corinthians,1,1,Brasileirao Serie A 2022
2022-08-06,21,Botafogo-RJ,Ceara,1,1,Brasileirao Serie A 2022
2022-08-06,21,Juventude,America-MG,0,1,Brasileirao Serie A 2022
2022-08-06,21,Sao Paulo,Flamengo,0,2,Brasileirao Serie A 2022
2022-08-07,21,Atletico-MG,Athletico-PR,2,3,Brasileirao Serie A 2022
2022-08-07,21,Fluminense,Cuiaba,1,0,Brasileirao Serie A 2022
2022-08-07,21,Fortaleza,Internacional,3,0,Brasileirao Serie A 2022
2022-08-07,21,Palmeiras,Goias,3,0,Brasileirao Serie A 2022
2022-08-08,21,Coritiba,Santos,1,2,Brasileirao Serie A 2022
2022-08-13,22,Botafogo-RJ,Atletico-GO,0,0,Brasileirao Serie A 2022
2022-08-13,22,Corinthians,Palmeiras,0,1,Brasileirao Serie A 2022
2022-08-13,22,Cuiaba,Juventude,1,0,Brasileirao Serie A 2022
2022-08-13,22,Goias,Avai,1,1,Brasileirao Serie A 2022
2022-08-14,22,America-MG,Santos,1,0,Brasileirao Serie A 2022
2022-08-14,22,Ceara,Fortaleza,0,1,Brasileirao Serie A 2022
2022-08-14,22,Coritiba,Atletico-MG,0,1,Brasileirao Serie A 2022
2022-08-14,22,Flamengo,Athletico-PR,5,0,Brasileirao Serie A 2022
2022-08-14,22,Internacional,Fluminense,3,0,Brasileirao Serie A 2022
2022-08-14,22,Sao Paulo,Bragantino,3,0,Brasileirao Serie A 2022
2022-08-20,23,Atletico-MG,Goias,0,1,Brasileirao Serie A 2022
2022-08-20,23,Fluminense,Coritiba,5,2,Brasileirao Serie A 2022
2022-08-21,23,Athletico-PR,America-MG,1,1,Brasileirao Serie A 2022
2022-08-21,23,Atletico-GO,Cuiaba,1,1,Brasileirao Serie A 2022
2022-08-21,23,Bragantino,Ceara,1,1,Brasileirao Serie A 2022
2022-08-21,23,Fortaleza,Corinthians,1,0,Brasileirao Serie A 2022
2022-08-21,23,Juventude,Botafogo-RJ,2,2,Brasileirao Serie A 2022
2022-08-21,23,Palmeiras,Flamengo,1,1,Brasileirao Serie A 2022
2022-08-21,23,Santos,Sao Paulo,1,0,Brasileirao Serie A 2022
2022-08-22,23,Avai,Internacional,0,1,Brasileirao Serie A 2022
2022-08-27,24,Ceara,Athletico-PR,0,0,Brasileirao Serie A 2022
2022-08-27,24,Coritiba,Avai,1,0,Brasileirao Serie A 2022
2022-08-27,24,Fluminense,Palmeiras,1,1,Brasileirao Serie A 2022
2022-08-27,24,Goias,Atletico-GO,2,1,Brasileirao Serie A 2022
2022-08-28,24,America-MG,Atletico-MG,1,1,Brasileirao Serie A 2022
2022-08-28,24,Botafogo-RJ,Flamengo,0,1,Brasileirao Serie A 2022
2022-08-28,24,Cuiaba,Santos,0,0,Brasileirao Serie A 2022
2022-08-28,24,Sao Paulo,Fortaleza,0,1,Brasileirao Serie A 2022
2022-08-29,24,Corinthians,Bragantino,1,0,Brasileirao Serie A 2022
2022-08-29,24,Internacional,Juventude,4,0,Brasileirao Serie A 2022
2022-09-03,25,America-MG,Coritiba,2,0,Brasileirao Serie A 2022
2022-09-03,25,Athletico-PR,Fluminense,1,0,Brasileirao Serie A 2022
2022-09-03,25,Bragantino,Palmeiras,2,2,Brasileirao Serie A 2022
2022-09-03,25,Juventude,Avai,1,1,Brasileirao Serie A 2022
2022-09-04,25,Atletico-GO,Atletico-MG,0,2,Brasileirao Serie A 2022
2022-09-04,25,Corinthians,Internacional,2,2,Brasileirao Serie A 2022
2022-09-04,25,Cuiaba,Sao Paulo,1,1,Brasileirao Serie A 2022
2022-09-04,25,Flamengo,Ceara,1,1,Brasileirao Serie A 2022
2022-09-04,25,Fortaleza,Botafogo-RJ,1,3,Brasileirao Serie A 2022
2022-09-05,25,Santos,Goias,1,2,Brasileirao Serie A 2022
2022-09-07,26,Atletico-MG,Bragantino,1,1,Brasileirao Serie A 2022
2022-09-10,26,Ceara,Santos,2,1,Brasileirao Serie A 2022
2022-09-10,26,Fluminense,Fortaleza,2,1,Brasileirao Serie A 2022
2022-09-10,26,Internacional,Cuiaba,1,0,Brasileirao Serie A 2022
2022-09-10,26,Palmeiras,Juventude,2,1,Brasileirao Serie A 2022
2022-09-11,26,Avai,Athletico-PR,1,1,Brasileirao Serie A 2022
2022-09-11,26,Botafogo-RJ,America-MG,0,0,Brasileirao Serie A 2022
2022-09-11,26,Coritiba,Atletico-GO,2,0,Brasileirao Serie A 2022
2022-09-11,26,Goias,Flamengo,1,1,Brasileirao Serie A 2022
2022-09-11,26,Sao Paulo,Corinthians,1,1,Brasileirao Serie A 2022
2022-09-17,27,Avai,Atletico-MG,1,0,Brasileirao Serie A 2022
2022-09-17,27,Botafogo-RJ,Coritiba,2,0,Brasileirao Serie A 2022
2022-09-18,27,America-MG,Corinthians,1,0,Brasileirao Serie A 2022
2022-09-18,27,Athletico-PR,Cuiaba,2,2,Brasileirao Serie A 2022
2022-09-18,27,Bragantino,Goias,1,1,Brasileirao Serie A 2022
2022-09-18,27,Ceara,Sao Paulo,0,2,Brasileirao Serie A 2022
2022-09-18,27,Flamengo,Fluminense,1,2,Brasileirao Serie A 2022
2022-09-18,27,Juventude,Fortaleza,1,1,Brasileirao Serie A 2022
2022-09-18,27,Palmeiras,Santos,1,0,Brasileirao Serie A 2022
2022-09-19,27,Atletico-GO,Internacional,1,2,Brasileirao Serie A 2022
2022-09-25,28,Sao Paulo,Avai,4,0,Brasileirao Serie A 2022
2022-09-27,28,Santos,Athletico-PR,2,0,Brasileirao Serie A 2022
2022-09-28,28,Atletico-MG,Palmeiras,0,1,Brasileirao Serie A 2022
2022-09-28,28,Corinthians,Atletico-GO,2,1,Brasileirao Serie A 2022
2022-09-28,28,Coritiba,Ceara,1,0,Brasileirao Serie A 2022
2022-09-28,28,Cuiaba,America-MG,2,1,Brasileirao Serie A 2022
2022-09-28,28,Fluminense,Juventude,4,0,Brasileirao Serie A 2022
2022-09-28,28,Fortaleza,Flamengo,3,2,Brasileirao Serie A 2022
2022-09-28,28,Goias,Botafogo-RJ,0,1,Brasileirao Serie A 2022
2022-09-28,28,Internacional,Bragantino,0,0,Brasileirao Serie A 2022
2022-10-01,29,Athletico-PR,Juventude,2,0,Brasileirao Serie A 2022
2022-10-01,29,Atletico-MG,Fluminense,2,0,Brasileirao Serie A 2022
2022-10-01,29,Avai,Atletico-GO,1,2,Brasileirao Serie A 2022
2022-10-01,29,Ceara,America-MG,1,2,Brasileirao Serie A 2022
2022-10-01,29,Corinthians,Cuiaba,2,0,Brasileirao Serie A 2022
2022-10-01,29,Flamengo,Bragantino,4,1,Brasileirao Serie A 2022
2022-10-01,29,Goias,Fortaleza,0,1,Brasileirao Serie A 2022
2022-10-01,29,Internacional,Santos,1,0,Brasileirao Serie A 2022
2022-10-03,29,Botafogo-RJ,Palmeiras,1,3,Brasileirao Serie A 2022
2022-10-04,30,Juventude,Corinthians,2,2,Brasileirao Serie A 2022
2022-10-05,30,Athletico-PR,Fortaleza,1,1,Brasileirao Serie A 2022
2022-10-05,30,Atletico-GO,Fluminense,3,2,Brasileirao Serie A 2022
2022-10-05,30,Bragantino,Cuiaba,2,1,Brasileirao Serie A 2022
2022-10-05,30,Ceara,Goias,1,1,Brasileirao Serie A 2022
2022-10-05,30,Flamengo,Internacional,0,0,Brasileirao Serie A 2022
2022-10-05,30,Santos,Atletico-MG,1,2,Brasileirao Serie A 2022
2022-10-06,30,America-MG,Sao Paulo,1,2,Brasileirao Serie A 2022
2022-10-06,30,Avai,Botafogo-RJ,1,2,Brasileirao Serie A 2022
2022-10-06,30,Palmeiras,Coritiba,4,0,Brasileirao Serie A 2022
2022-10-08,31,Corinthians,Athletico-PR,2,1,Brasileirao Serie A 2022
2022-10-08,31,Cuiaba,Flamengo,1,2,Brasileirao Serie A 2022
2022-10-09,31,Atletico-MG,Ceara,0,0,Brasileirao Serie A 2022
2022-10-09,31,Coritiba,Bragantino,2,1,Brasileirao Serie A 2022
2022-10-09,31,Fluminense,America-MG,0,2,Brasileirao Serie A 2022
2022-10-09,31,Fortaleza,Avai,2,0,Brasileirao Serie A 2022
2022-10-09,31,Internacional,Goias,4,2,Brasileirao Serie A 2022
2022-10-09,31,Sao Paulo,Botafogo-RJ,0,1,Brasileirao Serie A 2022
2022-10-10,31,Atletico-GO,Palmeiras,1,1,Brasileirao Serie A 2022
2022-10-10,31,Santos,Juventude,4,1,Brasileirao Serie A 2022
2022-10-15,32,America-MG,Fortaleza,1,2,Brasileirao Serie A 2022
2022-10-15,32,Flamengo,Atletico-MG,1,0,Brasileirao Serie A 2022
2022-10-16,32,Athletico-PR,Coritiba,1,0,Brasileirao Serie A 2022
2022-10-16,32,Avai,Fluminense,0,3,Brasileirao Serie A 2022
2022-10-16,32,Botafogo-RJ,Internacional,0,1,Brasileirao Serie A 2022
2022-10-16,32,Ceara,Cuiaba,1,1,Brasileirao Serie A 2022
2022-10-16,32,Juventude,Atletico-GO,1,1,Brasileirao Serie A 2022
2022-10-16,32,Palmeiras,Sao Paulo,0,0,Brasileirao Serie A 2022
2022-10-17,32,Bragantino,Santos,0,2,Brasileirao Serie A 2022
2022-10-20,29,Sao Paulo,Coritiba,3,1,Brasileirao Serie A 2022
2022-10-22,33,America-MG,Flamengo,1,2,Brasileirao Serie A 2022
2022-10-22,33,Bragantino,Athletico-PR,4,2,Brasileirao Serie A 2022
2022-10-22,33,Palmeiras,Avai,3,0,Brasileirao Serie A 2022
2022-10-22,33,Santos,Corinthians,0,1,Brasileirao Serie A 2022
2022-10-23,33,Atletico-GO,Ceara,1,0,Brasileirao Serie A 2022
2022-10-23,33,Coritiba,Internacional,1,1,Brasileirao Serie A 2022
2022-10-23,33,Cuiaba,Goias,1,2,Brasileirao Serie A 2022
2022-10-23,33,Fluminense,Botafogo-RJ,2,2,Brasileirao Serie A 2022
2022-10-23,33,Juventude,Sao Paulo,1,2,Brasileirao Serie A 2022
2022-10-24,33,Fortaleza,Atletico-MG,0,0,Brasileirao Serie A 2022
2022-10-25,34,Athletico-PR,Palmeiras,1,3,Brasileirao Serie A 2022
2022-10-25,34,Flamengo,Santos,3,2,Brasileirao Serie A 2022
2022-10-26,34,Botafogo-RJ,Bragantino,2,1,Brasileirao Serie A 2022
2022-10-26,34,Corinthians,Fluminense,0,2,Brasileirao Serie A 2022
2022-10-26,34,Goias,America-MG,2,2,Brasileirao Serie A 2022
2022-10-26,34,Internacional,Ceara,2,1,Brasileirao Serie A 2022
2022-10-27,34,Atletico-MG,Juventude,1,0,Brasileirao Serie A 2022
2022-10-27,34,Cuiaba,Avai,1,0,Brasileirao Serie A 2022
2022-10-27,34,Fortaleza,Coritiba,3,1,Brasileirao Serie A 2022
2022-10-27,34,Sao Paulo,Atletico-GO,2,1,Brasileirao Serie A 2022
2022-10-29,32,Goias,Corinthians,0,0,Brasileirao Serie A 2022
2022-10-31,35,Ceara,Fluminense,0,1,Brasileirao Serie A 2022
2022-11-01,35,Botafogo-RJ,Cuiaba,0,2,Brasileirao Serie A 2022
2022-11-01,35,Sao Paulo,Atletico-MG,2,2,Brasileirao Serie A 2022
2022-11-02,35,America-MG,Internacional,1,0,Brasileirao Serie A 2022
2022-11-02,35,Athletico-PR,Goias,3,2,Brasileirao Serie A 2022
2022-11-02,35,Atletico-GO,Santos,2,3,Brasileirao Serie A 2022
2022-11-02,35,Avai,Bragantino,1,2,Brasileirao Serie A 2022
2022-11-02,35,Flamengo,Corinthians,1,2,Brasileirao Serie A 2022
2022-11-02,35,Juventude,Coritiba,0,1,Brasileirao Serie A 2022
2022-11-02,35,Palmeiras,Fortaleza,4,0,Brasileirao Serie A 2022
2022-11-05,36,Bragantino,America-MG,1,4,Brasileirao Serie A 2022
2022-11-05,36,Corinthians,Ceara,1,0,Brasileirao Serie A 2022
2022-11-05,36,Fluminense,Sao Paulo,3,1,Brasileirao Serie A 2022
2022-11-05,36,Goias,Juventude,1,0,Brasileirao Serie A 2022
2022-11-05,36,Internacional,Athletico-PR,2,0,Brasileirao Serie A 2022
2022-11-05,36,Santos,Avai,1,1,Brasileirao Serie A 2022
2022-11-06,36,Coritiba,Flamengo,1,0,Brasileirao Serie A 2022
2022-11-06,36,Cuiaba,Palmeiras,1,1,Brasileirao Serie A 2022
2022-11-06,36,Fortaleza,Atletico-GO,1,1,Brasileirao Serie A 2022
2022-11-07,36,Atletico-MG,Botafogo-RJ,0,2,Brasileirao Serie A 2022
2022-11-08,37,Sao Paulo,Internacional,0,1,Brasileirao Serie A 2022
2022-11-09,37,Atletico-GO,Athletico-PR,1,1,Brasileirao Serie A 2022
2022-11-09,37,Avai,Ceara,2,0,Brasileirao Serie A 2022
2022-11-09,37,Coritiba,Corinthians,2,2,Brasileirao Serie A 2022
2022-11-09,37,Fluminense,Goias,3,0,Brasileirao Serie A 2022
2022-11-09,37,Fortaleza,Bragantino,6,0,Brasileirao Serie A 2022
2022-11-09,37,Juventude,Flamengo,2,2,Brasileirao Serie A 2022
2022-11-09,37,Palmeiras,America-MG,2,1,Brasileirao Serie A 2022
2022-11-10,37,Atletico-MG,Cuiaba,3,0,Brasileirao Serie A 2022
2022-11-10,37,Botafogo-RJ,Santos,3,0,Brasileirao Serie A 2022
2022-11-12,38,Flamengo,Avai,1,2,Brasileirao Serie A 2022
2022-11-13,38,America-MG,Atletico-GO,1,1,Brasileirao Serie A 2022
2022-11-13,38,Athletico-PR,Botafogo-RJ,3,0,Brasileirao Serie A 2022
2022-11-13,38,Bragantino,Fluminense,0,1,Brasileirao Serie A 2022
2022-11-13,38,Ceara,Juventude,4,1,Brasileirao Serie A 2022
2022-11-13,38,Corinthians,Atletico-MG,0,1,Brasileirao Serie A 2022
2022-11-13,38,Cuiaba,Coritiba,2,1,Brasileirao Serie A 2022
2022-11-13,38,Goias,Sao Paulo,0,4,Brasileirao Serie A 2022
2022-11-13,38,Internacional,Palmeiras,3,0,Brasileirao Serie A 2022
2022-11-13,38,Santos,Fortaleza,0,2,Brasileirao Serie A 2022
2023-04-15,1,America-MG,Fluminense,0,3,Brasileirao Serie A 2023
2023-04-15,1,Athletico-PR,Goias,2,0,Brasileirao Serie A 2023
2023-04-15,1,Atletico-MG,Vasco,1,2,Brasileirao Serie A 2023
2023-04-15,1,Botafogo-RJ,Sao Paulo,2,1,Brasileirao Serie A 2023
2023-04-15,1,Bragantino,Bahia,2,1,Brasileirao Serie A 2023
2023-04-15,1,Fortaleza,Internacional,1,1,Brasileirao Serie A 2023
2023-04-15,1,Palmeiras,Cuiaba,2,1,Brasileirao Serie A 2023
2023-04-16,1,Corinthians,Cruzeiro,2,1,Brasileirao Serie A 2023
2023-04-16,1,Flamengo,Coritiba,3,0,Brasileirao Serie A 2023
2023-04-16,1,Gremio,Santos,1,0,Brasileirao Serie A 2023
2023-04-22,2,Cruzeiro,Gremio,1,0,Brasileirao Serie A 2023
2023-04-22,2,Cuiaba,Bragantino,1,1,Brasileirao Serie A 2023
2023-04-22,2,Fluminense,Athletico-PR,2,0,Brasileirao Serie A 2023
2023-04-22,2,Sao Paulo,America-MG,3,0,Brasileirao Serie A 2023
2023-04-23,2,Coritiba,Fortaleza,0,3,Brasileirao Serie A 2023
2023-04-23,2,Goias,Corinthians,3,1,Brasileirao Serie A 2023
2023-04-23,2,Internacional,Flamengo,2,1,Brasileirao Serie A 2023
2023-04-23,2,Santos,Atletico-MG,0,0,Brasileirao Serie A 2023
2023-04-23,2,Vasco,Palmeiras,2,2,Brasileirao Serie A 2023
2023-04-24,2,Bahia,Botafogo-RJ,1,2,Brasileirao Serie A 2023
2023-04-29,3,Atletico-MG,Athletico-PR,2,1,Brasileirao Serie A 2023
2023-04-29,3,Bragantino,Cruzeiro,0,3,Brasileirao Serie A 2023
2023-04-29,3,Coritiba,Sao Paulo,1,1,Brasileirao Serie A 2023
2023-04-29,3,Fortaleza,Fluminense,4,2,Brasileirao Serie A 2023
2023-04-29,3,Palmeiras,Corinthians,2,1,Brasileirao Serie A 2023
2023-04-29,3,Santos,America-MG,3,2,Brasileirao Serie A 2023
2023-04-30,3,Cuiaba,Gremio,1,2,Brasileirao Serie A 2023
2023-04-30,3,Flamengo,Botafogo-RJ,2,3,Brasileirao Serie A 2023
2023-04-30,3,Internacional,Goias,1,0,Brasileirao Serie A 2023
2023-05-01,3,Vasco,Bahia,0,1,Brasileirao Serie A 2023
2023-05-06,4,Cruzeiro,Santos,2,1,Brasileirao Serie A 2023
2023-05-06,4,Fluminense,Vasco,1,1,Brasileirao Serie A 2023
2023-05-07,4,America-MG,Cuiaba,1,2,Brasileirao Serie A 2023
2023-05-07,4,Athletico-PR,Flamengo,2,1,Brasileirao Serie A 2023
2023-05-07,4,Bahia,Coritiba,3,1,Brasileirao Serie A 2023
2023-05-07,4,Botafogo-RJ,Atletico-MG,2,0,Brasileirao Serie A 2023
2023-05-07,4,Goias,Palmeiras,0,5,Brasileirao Serie A 2023
2023-05-07,4,Gremio,Bragantino,3,3,Brasileirao Serie A 2023
2023-05-07,4,Sao Paulo,Internacional,2,0,Brasileirao Serie A 2023
2023-05-08,4,Corinthians,Fortaleza,1,1,Brasileirao Serie A 2023
2023-05-10,5,Bragantino,America-MG,2,2,Brasileirao Serie A 2023
2023-05-10,5,Cruzeiro,Fluminense,0,2,Brasileirao Serie A 2023
2023-05-10,5,Cuiaba,Atletico-MG,0,4,Brasileirao Serie A 2023
2023-05-10,5,Flamengo,Goias,2,0,Brasileirao Serie A 2023
2023-05-10,5,Internacional,Athletico-PR,0,2,Brasileirao Serie A 2023
2023-05-10,5,Palmeiras,Gremio,4,1,Brasileirao Serie A 2023
2023-05-10,5,Santos,Bahia,3,0,Brasileirao Serie A 2023
2023-05-11,5,Botafogo-RJ,Corinthians,3,0,Brasileirao Serie A 2023
2023-05-11,5,Coritiba,Vasco,1,1,Brasileirao Serie A 2023
2023-05-11,5,Fortaleza,Sao Paulo,0,0,Brasileirao Serie A 2023
2023-05-13,6,Atletico-MG,Internacional,2,0,Brasileirao Serie A 2023
2023-05-13,6,Bahia,Flamengo,2,3,Brasileirao Serie A 2023
2023-05-13,6,Fluminense,Cuiaba,2,0,Brasileirao Serie A 2023
2023-05-13,6,Palmeiras,Bragantino,1,1,Brasileirao Serie A 2023
2023-05-14,6,America-MG,Cruzeiro,0,4,Brasileirao Serie A 2023
2023-05-14,6,Athletico-PR,Coritiba,3,2,Brasileirao Serie A 2023
2023-05-14,6,Corinthians,Sao Paulo,1,1,Brasileirao Serie A 2023
2023-05-14,6,Goias,Botafogo-RJ,2,1,Brasileirao Serie A 2023
2023-05-14,6,Gremio,Fortaleza,0,0,Brasileirao Serie A 2023
2023-05-14,6,Vasco,Santos,0,1,Brasileirao Serie A 2023
2023-05-20,7,America-MG,Fortaleza,2,1,Brasileirao Serie A 2023
2023-05-20,7,Bahia,Goias,1,1,Brasileirao Serie A 2023
2023-05-20,7,Botafogo-RJ,Fluminense,1,0,Brasileirao Serie A 2023
2023-05-20,7,Bragantino,Athletico-PR,2,0,Brasileirao Serie A 2023
2023-05-20,7,Coritiba,Atletico-MG,1,2,Brasileirao Serie A 2023
2023-05-20,7,Santos,Palmeiras,0,0,Brasileirao Serie A 2023
2023-05-20,7,Sao Paulo,Vasco,4,2,Brasileirao Serie A 2023
2023-05-21,7,Flamengo,Corinthians,1,0,Brasileirao Serie A 2023
2023-05-21,7,Gremio,Internacional,3,1,Brasileirao Serie A 2023
2023-05-22,7,Cruzeiro,Cuiaba,0,1,Brasileirao Serie A 2023
2023-05-27,8,Athletico-PR,Gremio,1,2,Brasileirao Serie A 2023
2023-05-27,8,Cuiaba,Coritiba,1,1,Brasileirao Serie A 2023
2023-05-27,8,Flamengo,Cruzeiro,1,1,Brasileirao Serie A 2023
2023-05-27,8,Fortaleza,Vasco,2,0,Brasileirao Serie A 2023
2023-05-27,8,Sao Paulo,Goias,2,1,Brasileirao Serie A 2023
2023-05-28,8,Atletico-MG,Palmeiras,1,1,Brasileirao Serie A 2023
2023-05-28,8,Botafogo-RJ,America-MG,2,0,Brasileirao Serie A 2023
2023-05-28,8,Bragantino,Santos,2,0,Brasileirao Serie A 2023
2023-05-28,8,Corinthians,Fluminense,2,0,Brasileirao Serie A 2023
2023-05-28,8,Internacional,Bahia,2,0,Brasileirao Serie A 2023
2023-06-03,9,America-MG,Corinthians,2,0,Brasileirao Serie A 2023
2023-06-03,9,Athletico-PR,Botafogo-RJ,1,0,Brasileirao Serie A 2023
2023-06-03,9,Cruzeiro,Atletico-MG,0,1,Brasileirao Serie A 2023
2023-06-03,9,Fortaleza,Bahia,0,0,Brasileirao Serie A 2023
2023-06-03,9,Santos,Internacional,1,1,Brasileirao Serie A 2023
2023-06-04,9,Fluminense,Bragantino,2,1,Brasileirao Serie A 2023
2023-06-04,9,Goias,Cuiaba,0,1,Brasileirao Serie A 2023
2023-06-04,9,Gremio,Sao Paulo,2,1,Brasileirao Serie A 2023
2023-06-04,9,Palmeiras,Coritiba,3,1,Brasileirao Serie A 2023
2023-06-05,9,Vasco,Flamengo,1,4,Brasileirao Serie A 2023
2023-06-10,10,Atletico-MG,Bragantino,1,1,Brasileirao Serie A 2023
2023-06-10,10,Bahia,Cruzeiro,2,2,Brasileirao Serie A 2023
2023-06-10,10,Botafogo-RJ,Fortaleza,2,0,Brasileirao Serie A 2023
2023-06-10,10,Corinthians,Cuiaba,1,1,Brasileirao Serie A 2023
2023-06-10,10,Coritiba,Santos,0,0,Brasileirao Serie A 2023
2023-06-11,10,America-MG,Athletico-PR,2,2,Brasileirao Serie A 2023
2023-06-11,10,Flamengo,Gremio,3,0,Brasileirao Serie A 2023
2023-06-11,10,Goias,Fluminense,2,2,Brasileirao Serie A 2023
2023-06-11,10,Internacional,Vasco,2,1,Brasileirao Serie A 2023
2023-06-11,10,Sao Paulo,Palmeiras,0,2,Brasileirao Serie A 2023
2023-06-21,11,Bahia,Palmeiras,1,0,Brasileirao Serie A 2023
2023-06-21,11,Cruzeiro,Fortaleza,0,1,Brasileirao Serie A 2023
2023-06-21,11,Fluminense,Atletico-MG,1,1,Brasileirao Serie A 2023
2023-06-21,11,Santos,Corinthians,0,2,Brasileirao Serie A 2023
2023-06-21,11,Sao Paulo,Athletico-PR,2,1,Brasileirao Serie A 2023
2023-06-22,11,Bragantino,Flamengo,4,0,Brasileirao Serie A 2023
2023-06-22,11,Coritiba,Internacional,0,1,Brasileirao Serie A 2023
2023-06-22,11,Cuiaba,Botafogo-RJ,0,1,Brasileirao Serie A 2023
2023-06-22,11,Gremio,America-MG,3,1,Brasileirao Serie A 2023
2023-06-22,11,Vasco,Goias,0,1,Brasileirao Serie A 2023
2023-06-24,12,Athletico-PR,Corinthians,1,0,Brasileirao Serie A 2023
2023-06-24,12,Cruzeiro,Sao Paulo,1,0,Brasileirao Serie A 2023
2023-06-24,12,Fluminense,Bahia,2,1,Brasileirao Serie A 2023
2023-06-24,12,Fortaleza,Atletico-MG,2,1,Brasileirao Serie A 2023
2023-06-25,12,America-MG,Internacional,1,2,Brasileirao Serie A 2023
2023-06-25,12,Bragantino,Goias,2,0,Brasileirao Serie A 2023
2023-06-25,12,Gremio,Coritiba,5,1,Brasileirao Serie A 2023
2023-06-25,12,Palmeiras,Botafogo-RJ,0,1,Brasileirao Serie A 2023
2023-06-25,12,Santos,Flamengo,2,3,Brasileirao Serie A 2023
2023-06-26,12,Vasco,Cuiaba,1,0,Brasileirao Serie A 2023
2023-07-01,13,Bahia,Gremio,1,2,Brasileirao Serie A 2023
2023-07-01,13,Flamengo,Fortaleza,2,0,Brasileirao Serie A 2023
2023-07-01,13,Internacional,Cruzeiro,0,0,Brasileirao Serie A 2023
2023-07-01,13,Sao Paulo,Fluminense,1,0,Brasileirao Serie A 2023
2023-07-02,13,Athletico-PR,Palmeiras,2,2,Brasileirao Serie A 2023
2023-07-02,13,Atletico-MG,America-MG,2,2,Brasileirao Serie A 2023
2023-07-02,13,Botafogo-RJ,Vasco,2,0,Brasileirao Serie A 2023
2023-07-02,13,Corinthians,Bragantino,0,1,Brasileirao Serie A 2023
2023-07-02,13,Cuiaba,Santos,3,0,Brasileirao Serie A 2023
2023-07-03,13,Goias,Coritiba,1,2,Brasileirao Serie A 2023
2023-07-08,14,Atletico-MG,Corinthians,0,1,Brasileirao Serie A 2023
2023-07-08,14,Coritiba,America-MG,3,1,Brasileirao Serie A 2023
2023-07-08,14,Cuiaba,Bahia,1,1,Brasileirao Serie A 2023
2023-07-08,14,Palmeiras,Flamengo,1,1,Brasileirao Serie A 2023
2023-07-08,14,Vasco,Cruzeiro,0,1,Brasileirao Serie A 2023
2023-07-09,14,Bragantino,Sao Paulo,0,0,Brasileirao Serie A 2023
2023-07-09,14,Fluminense,Internacional,2,0,Brasileirao Serie A 2023
2023-07-09,14,Fortaleza,Athletico-PR,1,0,Brasileirao Serie A 2023
2023-07-09,14,Gremio,Botafogo-RJ,0,2,Brasileirao Serie A 2023
2023-07-09,14,Santos,Goias,4,3,Brasileirao Serie A 2023
2023-07-15,15,Botafogo-RJ,Bragantino,2,0,Brasileirao Serie A 2023
2023-07-16,15,Athletico-PR,Bahia,2,0,Brasileirao Serie A 2023
2023-07-16,15,Cruzeiro,Coritiba,0,0,Brasileirao Serie A 2023
2023-07-16,15,Fluminense,Flamengo,0,0,Brasileirao Serie A 2023
2023-07-16,15,Fortaleza,Cuiaba,0,1,Brasileirao Serie A 2023
2023-07-16,15,Internacional,Palmeiras,0,0,Brasileirao Serie A 2023
2023-07-16,15,Sao Paulo,Santos,4,1,Brasileirao Serie A 2023
2023-07-17,15,Goias,Atletico-MG,0,0,Brasileirao Serie A 2023
2023-07-22,16,Bahia,Corinthians,0,0,Brasileirao Serie A 2023
2023-07-22,16,Cuiaba,Sao Paulo,2,1,Brasileirao Serie A 2023
2023-07-22,16,Flamengo,America-MG,1,1,Brasileirao Serie A 2023
2023-07-22,16,Gremio,Atletico-MG,1,0,Brasileirao Serie A 2023
2023-07-22,16,Palmeiras,Fortaleza,3,1,Brasileirao Serie A 2023
2023-07-23,16,Bragantino,Internacional,0,0,Brasileirao Serie A 2023
2023-07-23,16,Cruzeiro,Goias,0,1,Brasileirao Serie A 2023
2023-07-23,16,Santos,Botafogo-RJ,2,2,Brasileirao Serie A 2023
2023-07-23,16,Vasco,Athletico-PR,0,2,Brasileirao Serie A 2023
2023-07-24,16,Coritiba,Fluminense,2,0,Brasileirao Serie A 2023
2023-07-29,17,Athletico-PR,Cruzeiro,3,3,Brasileirao Serie A 2023
2023-07-29,17,Atletico-MG,Flamengo,1,2,Brasileirao Serie A 2023
2023-07-29,17,Corinthians,Vasco,3,1,Brasileirao Serie A 2023
2023-07-29,17,Fluminense,Santos,1,0,Brasileirao Serie A 2023
2023-07-29,17,Fortaleza,Bragantino,0,3,Brasileirao Serie A 2023
2023-07-29,17,Internacional,Cuiaba,1,2,Brasileirao Serie A 2023
2023-07-30,17,America-MG,Palmeiras,1,4,Brasileirao Serie A 2023
2023-07-30,17,Botafogo-RJ,Coritiba,4,1,Brasileirao Serie A 2023
2023-07-30,17,Goias,Gremio,1,1,Brasileirao Serie A 2023
2023-07-30,17,Sao Paulo,Bahia,0,0,Brasileirao Serie A 2023
2023-08-05,18,Fluminense,Palmeiras,2,1,Brasileirao Serie A 2023
2023-08-05,18,Goias,Fortaleza,1,0,Brasileirao Serie A 2023
2023-08-05,18,Internacional,Corinthians,2,2,Brasileirao Serie A 2023
2023-08-05,18,Santos,Athletico-PR,1,1,Brasileirao Serie A 2023
2023-08-06,18,Bahia,America-MG,3,1,Brasileirao Serie A 2023
2023-08-06,18,Coritiba,Bragantino,0,1,Brasileirao Serie A 2023
2023-08-06,18,Cruzeiro,Botafogo-RJ,0,0,Brasileirao Serie A 2023
2023-08-06,18,Cuiaba,Flamengo,3,0,Brasileirao Serie A 2023
2023-08-06,18,Sao Paulo,Atletico-MG,0,2,Brasileirao Serie A 2023
2023-08-06,18,Vasco,Gremio,1,0,Brasileirao Serie A 2023
2023-08-12,19,Botafogo-RJ,Internacional,3,1,Brasileirao Serie A 2023
2023-08-13,19,America-MG,Goias,0,1,Brasileirao Serie A 2023
2023-08-13,19,Atletico-MG,Bahia,1,0,Brasileirao Serie A 2023
2023-08-13,19,Corinthians,Coritiba,3,1,Brasileirao Serie A 2023
2023-08-13,19,Flamengo,Sao Paulo,1,1,Brasileirao Serie A 2023
2023-08-13,19,Fortaleza,Santos,4,0,Brasileirao Serie A 2023
2023-08-13,19,Gremio,Fluminense,2,1,Brasileirao Serie A 2023
2023-08-14,19,Bragantino,Vasco,1,1,Brasileirao Serie A 2023
2023-08-14,19,Palmeiras,Cruzeiro,1,0,Brasileirao Serie A 2023
2023-08-15,19,Athletico-PR,Cuiaba,2,0,Brasileirao Serie A 2023
2023-08-19,20,Cruzeiro,Corinthians,1,1,Brasileirao Serie A 2023
2023-08-19,20,Cuiaba,Palmeiras,0,2,Brasileirao Serie A 2023
2023-08-19,20,Fluminense,America-MG,3,1,Brasileirao Serie A 2023
2023-08-19,20,Internacional,Fortaleza,0,1,Brasileirao Serie A 2023
2023-08-19,20,Sao Paulo,Botafogo-RJ,0,0,Brasileirao Serie A 2023
2023-08-20,20,Bahia,Bragantino,4,0,Brasileirao Serie A 2023
2023-08-20,20,Coritiba,Flamengo,2,3,Brasileirao Serie A 2023
2023-08-20,20,Santos,Gremio,2,1,Brasileirao Serie A 2023
2023-08-20,20,Vasco,Atletico-MG,1,0,Brasileirao Serie A 2023
2023-08-21,20,Goias,Athletico-PR,1,1,Brasileirao Serie A 2023
2023-08-26,21,Corinthians,Goias,1,1,Brasileirao Serie A 2023
2023-08-26,21,Flamengo,Internacional,0,0,Brasileirao Serie A 2023
2023-08-27,21,America-MG,Sao Paulo,2,1,Brasileirao Serie A 2023
2023-08-27,21,Athletico-PR,Fluminense,2,2,Brasileirao Serie A 2023
2023-08-27,21,Atletico-MG,Santos,2,0,Brasileirao Serie A 2023
2023-08-27,21,Botafogo-RJ,Bahia,3,0,Brasileirao Serie A 2023
2023-08-27,21,Bragantino,Cuiaba,2,0,Brasileirao Serie A 2023
2023-08-27,21,Fortaleza,Coritiba,3,1,Brasileirao Serie A 2023
2023-08-27,21,Gremio,Cruzeiro,3,0,Brasileirao Serie A 2023
2023-08-27,21,Palmeiras,Vasco,1,0,Brasileirao Serie A 2023
2023-09-02,22,Athletico-PR,Atletico-MG,1,1,Brasileirao Serie A 2023
2023-09-02,22,Botafogo-RJ,Flamengo,1,2,Brasileirao Serie A 2023
2023-09-02,22,Goias,Internacional,0,0,Brasileirao Serie A 2023
2023-09-03,22,America-MG,Santos,2,0,Brasileirao Serie A 2023
2023-09-03,22,Bahia,Vasco,1,1,Brasileirao Serie A 2023
2023-09-03,22,Corinthians,Palmeiras,0,0,Brasileirao Serie A 2023
2023-09-03,22,Cruzeiro,Bragantino,0,0,Brasileirao Serie A 2023
2023-09-03,22,Fluminense,Fortaleza,1,0,Brasileirao Serie A 2023
2023-09-03,22,Gremio,Cuiaba,2,0,Brasileirao Serie A 2023
2023-09-13,23,Flamengo,Athletico-PR,0,3,Brasileirao Serie A 2023
2023-09-13,23,Internacional,Sao Paulo,2,1,Brasileirao Serie A 2023
2023-09-14,23,Bragantino,Gremio,2,0,Brasileirao Serie A 2023
2023-09-14,23,Coritiba,Bahia,2,4,Brasileirao Serie A 2023
2023-09-14,23,Fortaleza,Corinthians,2,1,Brasileirao Serie A 2023
2023-09-14,23,Santos,Cruzeiro,0,3,Brasileirao Serie A 2023
2023-09-15,23,Cuiaba,America-MG,2,2,Brasileirao Serie A 2023
2023-09-15,23,Palmeiras,Goias,1,0,Brasileirao Serie A 2023
2023-09-16,23,Atletico-MG,Botafogo-RJ,1,0,Brasileirao Serie A 2023
2023-09-16,23,Vasco,Fluminense,4,2,Brasileirao Serie A 2023
2023-09-18,24,Bahia,Santos,1,2,Brasileirao Serie A 2023
2023-09-18,15,Corinthians,Gremio,4,4,Brasileirao Serie A 2023
2023-09-19,24,America-MG,Bragantino,0,2,Brasileirao Serie A 2023
2023-09-20,24,Fluminense,Cruzeiro,1,0,Brasileirao Serie A 2023
2023-09-20,24,Goias,Flamengo,0,0,Brasileirao Serie A 2023
2023-09-20,24,Sao Paulo,Fortaleza,1,2,Brasileirao Serie A 2023
2023-09-21,24,Athletico-PR,Internacional,2,1,Brasileirao Serie A 2023
2023-09-21,24,Gremio,Palmeiras,1,0,Brasileirao Serie A 2023
2023-09-21,24,Vasco,Coritiba,5,1,Brasileirao Serie A 2023
2023-09-22,24,Corinthians,Botafogo-RJ,1,0,Brasileirao Serie A 2023
2023-09-23,24,Atletico-MG,Cuiaba,1,0,Brasileirao Serie A 2023
2023-09-25,15,America-MG,Vasco,0,1,Brasileirao Serie A 2023
2023-09-27,22,Sao Paulo,Coritiba,2,1,Brasileirao Serie A 2023
2023-09-30,25,Cuiaba,Fluminense,3,0,Brasileirao Serie A 2023
2023-09-30,25,Flamengo,Bahia,1,0,Brasileirao Serie A 2023
2023-09-30,25,Fortaleza,Gremio,1,1,Brasileirao Serie A 2023
2023-09-30,25,Internacional,Atletico-MG,0,2,Brasileirao Serie A 2023
2023-09-30,25,Sao Paulo,Corinthians,2,1,Brasileirao Serie A 2023
2023-10-01,25,Bragantino,Palmeiras,2,1,Brasileirao Serie A 2023
2023-10-01,25,Coritiba,Athletico-PR,2,0,Brasileirao Serie A 2023
2023-10-01,25,Cruzeiro,America-MG,1,1,Brasileirao Serie A 2023
2023-10-01,25,Santos,Vasco,4,1,Brasileirao Serie A 2023
2023-10-02,25,Botafogo-RJ,Goias,1,1,Brasileirao Serie A 2023
2023-10-07,26,Corinthians,Flamengo,1,1,Brasileirao Serie A 2023
2023-10-07,26,Goias,Bahia,4,6,Brasileirao Serie A 2023
2023-10-07,26,Vasco,Sao Paulo,0,0,Brasileirao Serie A 2023
2023-10-08,26,Athletico-PR,Bragantino,1,1,Brasileirao Serie A 2023
2023-10-08,26,Atletico-MG,Coritiba,1,2,Brasileirao Serie A 2023
2023-10-08,26,Fluminense,Botafogo-RJ,0,2,Brasileirao Serie A 2023
2023-10-08,26,Fortaleza,America-MG,3,2,Brasileirao Serie A 2023
2023-10-08,26,Internacional,Gremio,3,2,Brasileirao Serie A 2023
2023-10-08,26,Palmeiras,Santos,1,2,Brasileirao Serie A 2023
2023-10-14,26,Cuiaba,Cruzeiro,0,0,Brasileirao Serie A 2023
2023-10-18,27,America-MG,Botafogo-RJ,1,2,Brasileirao Serie A 2023
2023-10-18,27,Bahia,Internacional,1,0,Brasileirao Serie A 2023
2023-10-18,27,Coritiba,Cuiaba,0,3,Brasileirao Serie A 2023
2023-10-18,27,Goias,Sao Paulo,2,0,Brasileirao Serie A 2023
2023-10-18,27,Gremio,Athletico-PR,1,2,Brasileirao Serie A 2023
2023-10-18,27,Vasco,Fortaleza,1,0,Brasileirao Serie A 2023
2023-10-19,27,Cruzeiro,Flamengo,0,2,Brasileirao Serie A 2023
2023-10-19,27,Fluminense,Corinthians,3,3,Brasileirao Serie A 2023
2023-10-19,27,Palmeiras,Atletico-MG,0,2,Brasileirao Serie A 2023
2023-10-19,27,Santos,Bragantino,1,3,Brasileirao Serie A 2023
2023-10-21,28,Bahia,Fortaleza,2,0,Brasileirao Serie A 2023
2023-10-21,28,Cuiaba,Goias,1,1,Brasileirao Serie A 2023
2023-10-21,28,Sao Paulo,Gremio,3,0,Brasileirao Serie A 2023
2023-10-22,28,Atletico-MG,Cruzeiro,0,1,Brasileirao Serie A 2023
2023-10-22,28,Botafogo-RJ,Athletico-PR,1,1,Brasileirao Serie A 2023
2023-10-22,28,Bragantino,Fluminense,1,0,Brasileirao Serie A 2023
2023-10-22,28,Corinthians,America-MG,1,1,Brasileirao Serie A 2023
2023-10-22,28,Coritiba,Palmeiras,0,2,Brasileirao Serie A 2023
2023-10-22,28,Flamengo,Vasco,1,0,Brasileirao Serie A 2023
2023-10-22,28,Internacional,Santos,7,1,Brasileirao Serie A 2023
2023-10-25,29,Athletico-PR,America-MG,3,2,Brasileirao Serie A 2023
2023-10-25,29,Bragantino,Atletico-MG,1,2,Brasileirao Serie A 2023
2023-10-25,29,Cruzeiro,Bahia,3,0,Brasileirao Serie A 2023
2023-10-25,29,Cuiaba,Corinthians,0,1,Brasileirao Serie A 2023
2023-10-25,29,Fluminense,Goias,5,3,Brasileirao Serie A 2023
2023-10-25,29,Gremio,Flamengo,3,2,Brasileirao Serie A 2023
2023-10-25,29,Palmeiras,Sao Paulo,5,0,Brasileirao Serie A 2023
2023-10-26,29,Santos,Coritiba,2,1,Brasileirao Serie A 2023
2023-10-26,29,Vasco,Internacional,1,2,Brasileirao Serie A 2023
2023-10-28,30,America-MG,Gremio,3,4,Brasileirao Serie A 2023
2023-10-28,30,Atletico-MG,Fluminense,2,0,Brasileirao Serie A 2023
2023-10-28,30,Palmeiras,Bahia,1,0,Brasileirao Serie A 2023
2023-10-29,30,Athletico-PR,Sao Paulo,1,1,Brasileirao Serie A 2023
2023-10-29,30,Botafogo-RJ,Cuiaba,0,1,Brasileirao Serie A 2023
2023-10-29,30,Corinthians,Santos,1,1,Brasileirao Serie A 2023
2023-10-29,30,Goias,Vasco,1,1,Brasileirao Serie A 2023
2023-10-29,30,Internacional,Coritiba,3,4,Brasileirao Serie A 2023
2023-10-31,31,Bahia,Fluminense,1,0,Brasileirao Serie A 2023
2023-11-01,31,Atletico-MG,Fortaleza,3,1,Brasileirao Serie A 2023
2023-11-01,31,Botafogo-RJ,Palmeiras,3,4,Brasileirao Serie A 2023
2023-11-01,31,Corinthians,Athletico-PR,1,0,Brasileirao Serie A 2023
2023-11-01,31,Coritiba,Gremio,1,2,Brasileirao Serie A 2023
2023-11-01,31,Flamengo,Santos,1,2,Brasileirao Serie A 2023
2023-11-01,31,Internacional,America-MG,1,1,Brasileirao Serie A 2023
2023-11-02,31,Cuiaba,Vasco,0,2,Brasileirao Serie A 2023
2023-11-02,31,Goias,Bragantino,0,2,Brasileirao Serie A 2023
2023-11-02,31,Sao Paulo,Cruzeiro,1,0,Brasileirao Serie A 2023
2023-11-04,32,America-MG,Atletico-MG,1,1,Brasileirao Serie A 2023
2023-11-04,32,Gremio,Bahia,1,0,Brasileirao Serie A 2023
2023-11-04,32,Palmeiras,Athletico-PR,1,0,Brasileirao Serie A 2023
2023-11-05,32,Bragantino,Corinthians,1,0,Brasileirao Serie A 2023
2023-11-05,32,Coritiba,Goias,0,1,Brasileirao Serie A 2023
2023-11-05,32,Cruzeiro,Internacional,1,2,Brasileirao Serie A 2023
2023-11-05,32,Fortaleza,Flamengo,0,2,Brasileirao Serie A 2023
2023-11-06,32,Santos,Cuiaba,0,0,Brasileirao Serie A 2023
2023-11-06,32,Vasco,Botafogo-RJ,1,0,Brasileirao Serie A 2023
2023-11-08,33,America-MG,Coritiba,0,3,Brasileirao Serie A 2023
2023-11-08,33,Athletico-PR,Fortaleza,1,1,Brasileirao Serie A 2023
2023-11-08,33,Flamengo,Palmeiras,3,0,Brasileirao Serie A 2023
2023-11-08,33,Internacional,Fluminense,0,0,Brasileirao Serie A 2023
2023-11-08,33,Sao Paulo,Bragantino,1,0,Brasileirao Serie A 2023
2023-11-09,33,Bahia,Cuiaba,0,3,Brasileirao Serie A 2023
2023-11-09,33,Botafogo-RJ,Gremio,3,4,Brasileirao Serie A 2023
2023-11-09,33,Corinthians,Atletico-MG,1,1,Brasileirao Serie A 2023
2023-11-09,33,Goias,Santos,0,1,Brasileirao Serie A 2023
2023-11-11,34,Coritiba,Cruzeiro,1,0,Brasileirao Serie A 2023
2023-11-11,34,Flamengo,Fluminense,1,1,Brasileirao Serie A 2023
2023-11-11,34,Palmeiras,Internacional,3,0,Brasileirao Serie A 2023
2023-11-12,34,Atletico-MG,Goias,2,1,Brasileirao Serie A 2023
2023-11-12,34,Bahia,Athletico-PR,1,1,Brasileirao Serie A 2023
2023-11-12,34,Bragantino,Botafogo-RJ,2,2,Brasileirao Serie A 2023
2023-11-12,34,Cuiaba,Fortaleza,2,1,Brasileirao Serie A 2023
2023-11-12,34,Gremio,Corinthians,0,1,Brasileirao Serie A 2023
2023-11-12,34,Santos,Sao Paulo,0,0,Brasileirao Serie A 2023
2023-11-12,34,Vasco,America-MG,2,1,Brasileirao Serie A 2023
2023-11-18,30,Fortaleza,Cruzeiro,0,1,Brasileirao Serie A 2023
2023-11-22,33,Cruzeiro,Vasco,2,2,Brasileirao Serie A 2023
2023-11-22,32,Fluminense,Sao Paulo,1,0,Brasileirao Serie A 2023
2023-11-23,30,Flamengo,Bragantino,1,0,Brasileirao Serie A 2023
2023-11-23,29,Fortaleza,Botafogo-RJ,2,2,Brasileirao Serie A 2023
2023-11-24,35,Corinthians,Bahia,1,5,Brasileirao Serie A 2023
2023-11-25,35,Athletico-PR,Vasco,0,0,Brasileirao Serie A 2023
2023-11-25,35,Fluminense,Coritiba,2,1,Brasileirao Serie A 2023
2023-11-26,35,America-MG,Flamengo,0,3,Brasileirao Serie A 2023
2023-11-26,35,Atletico-MG,Gremio,3,0,Brasileirao Serie A 2023
2023-11-26,35,Botafogo-RJ,Santos,1,1,Brasileirao Serie A 2023
2023-11-26,35,Fortaleza,Palmeiras,2,2,Brasileirao Serie A 2023
2023-11-26,35,Internacional,Bragantino,1,0,Brasileirao Serie A 2023
2023-11-26,35,Sao Paulo,Cuiaba,0,0,Brasileirao Serie A 2023
2023-11-27,35,Goias,Cruzeiro,0,1,Brasileirao Serie A 2023
2023-11-28,36,Vasco,Corinthians,2,4,Brasileirao Serie A 2023
2023-11-29,36,Bahia,Sao Paulo,0,1,Brasileirao Serie A 2023
2023-11-29,36,Coritiba,Botafogo-RJ,1,1,Brasileirao Serie A 2023
2023-11-29,36,Cuiaba,Internacional,0,2,Brasileirao Serie A 2023
2023-11-29,36,Flamengo,Atletico-MG,0,3,Brasileirao Serie A 2023
2023-11-29,36,Palmeiras,America-MG,4,0,Brasileirao Serie A 2023
2023-11-29,36,Santos,Fluminense,0,3,Brasileirao Serie A 2023
2023-11-30,36,Bragantino,Fortaleza,1,2,Brasileirao Serie A 2023
2023-11-30,36,Cruzeiro,Athletico-PR,1,1,Brasileirao Serie A 2023
2023-11-30,36,Gremio,Goias,2,1,Brasileirao Serie A 2023
2023-12-02,37,Atletico-MG,Sao Paulo,2,1,Brasileirao Serie A 2023
2023-12-02,37,Corinthians,Internacional,1,2,Brasileirao Serie A 2023
2023-12-03,37,America-MG,Bahia,3,2,Brasileirao Serie A 2023
2023-12-03,37,Athletico-PR,Santos,3,0,Brasileirao Serie A 2023
2023-12-03,37,Botafogo-RJ,Cruzeiro,0,0,Brasileirao Serie A 2023
2023-12-03,37,Bragantino,Coritiba,1,0,Brasileirao Serie A 2023
2023-12-03,37,Flamengo,Cuiaba,2,1,Brasileirao Serie A 2023
2023-12-03,37,Fortaleza,Goias,1,0,Brasileirao Serie A 2023
2023-12-03,37,Gremio,Vasco,1,0,Brasileirao Serie A 2023
2023-12-03,37,Palmeiras,Fluminense,1,0,Brasileirao Serie A 2023
2023-12-06,38,Bahia,Atletico-MG,4,1,Brasileirao Serie A 2023
2023-12-06,38,Coritiba,Corinthians,0,2,Brasileirao Serie A 2023
2023-12-06,38,Cruzeiro,Palmeiras,1,1,Brasileirao Serie A 2023
2023-12-06,38,Cuiaba,Athletico-PR,3,0,Brasileirao Serie A 2023
2023-12-06,38,Fluminense,Gremio,2,3,Brasileirao Serie A 2023
2023-12-06,38,Goias,America-MG,1,0,Brasileirao Serie A 2023
2023-12-06,38,Internacional,Botafogo-RJ,3,1,Brasileirao Serie A 2023
2023-12-06,38,Santos,Fortaleza,1,2,Brasileirao Serie A 2023
2023-12-06,38,Sao Paulo,Flamengo,1,0,Brasileirao Serie A 2023
2023-12-06,38,Vasco,Bragantino,2,1,Brasileirao Serie A 2023
2024-04-13,1,Criciuma,Juventude,1,1,Brasileirao Serie A 2024
2024-04-13,1,Fluminense,Bragantino,2,2,Brasileirao Serie A 2024
2024-04-13,1,Internacional,Bahia,2,1,Brasileirao Serie A 2024
2024-04-13,1,Sao Paulo,Fortaleza,1,2,Brasileirao Serie A 2024
2024-04-14,1,Athletico-PR,Cuiaba,4,0,Brasileirao Serie A 2024
2024-04-14,1,Atletico-GO,Flamengo,1,2,Brasileirao Serie A 2024
2024-04-14,1,Corinthians,Atletico-MG,0,0,Brasileirao Serie A 2024
2024-04-14,1,Cruzeiro,Botafogo-RJ,3,2,Brasileirao Serie A 2024
2024-04-14,1,Vasco,Gremio,2,1,Brasileirao Serie A 2024
2024-04-14,1,Vitoria,Palmeiras,0,1,Brasileirao Serie A 2024
2024-04-16,2,Bahia,Fluminense,2,1,Brasileirao Serie A 2024
2024-04-17,2,Atletico-MG,Criciuma,1,1,Brasileirao Serie A 2024
2024-04-17,2,Bragantino,Vasco,2,1,Brasileirao Serie A 2024
2024-04-17,2,Flamengo,Sao Paulo,2,1,Brasileirao Serie A 2024
2024-04-17,2,Fortaleza,Cruzeiro,1,1,Brasileirao Serie A 2024
2024-04-17,2,Gremio,Athletico-PR,2,0,Brasileirao Serie A 2024
2024-04-17,2,Juventude,Corinthians,2,0,Brasileirao Serie A 2024
2024-04-17,2,Palmeiras,Internacional,0,1,Brasileirao Serie A 2024
2024-04-18,2,Botafogo-RJ,Atletico-GO,1,0,Brasileirao Serie A 2024
2024-04-20,3,Atletico-MG,Cruzeiro,3,0,Brasileirao Serie A 2024
2024-04-20,3,Bragantino,Corinthians,1,0,Brasileirao Serie A 2024
2024-04-20,3,Fluminense,Vasco,2,1,Brasileirao Serie A 2024
2024-04-20,3,Gremio,Cuiaba,1,0,Brasileirao Serie A 2024
2024-04-21,3,Athletico-PR,Internacional,1,0,Brasileirao Serie A 2024
2024-04-21,3,Atletico-GO,Sao Paulo,0,3,Brasileirao Serie A 2024
2024-04-21,3,Botafogo-RJ,Juventude,5,1,Brasileirao Serie A 2024
2024-04-21,3,Palmeiras,Flamengo,0,0,Brasileirao Serie A 2024
2024-04-21,3,Vitoria,Bahia,2,2,Brasileirao Serie A 2024
2024-04-27,4,Bahia,Gremio,1,0,Brasileirao Serie A 2024
2024-04-27,4,Cuiaba,Atletico-MG,0,3,Brasileirao Serie A 2024
2024-04-27,4,Vasco,Criciuma,0,4,Brasileirao Serie A 2024
2024-04-28,4,Corinthians,Fluminense,3,0,Brasileirao Serie A 2024
2024-04-28,4,Cruzeiro,Vitoria,3,1,Brasileirao Serie A 2024
2024-04-28,4,Flamengo,Botafogo-RJ,0,2,Brasileirao Serie A 2024
2024-04-28,4,Fortaleza,Bragantino,1,1,Brasileirao Serie A 2024
2024-04-28,4,Internacional,Atletico-GO,1,1,Brasileirao Serie A 2024
2024-04-28,4,Juventude,Athletico-PR,1,1,Brasileirao Serie A 2024
2024-04-29,4,Sao Paulo,Palmeiras,0,0,Brasileirao Serie A 2024
2024-05-04,5,Bragantino,Flamengo,1,1,Brasileirao Serie A 2024
2024-05-04,5,Corinthians,Fortaleza,0,0,Brasileirao Serie A 2024
2024-05-04,5,Fluminense,Atletico-MG,2,2,Brasileirao Serie A 2024
2024-05-05,5,Athletico-PR,Vasco,1,0,Brasileirao Serie A 2024
2024-05-05,5,Botafogo-RJ,Bahia,1,2,Brasileirao Serie A 2024
2024-05-05,5,Cuiaba,Palmeiras,0,2,Brasileirao Serie A 2024
2024-05-05,5,Vitoria,Sao Paulo,1,3,Brasileirao Serie A 2024
2024-05-11,6,Flamengo,Corinthians,2,0,Brasileirao Serie A 2024
2024-05-12,6,Atletico-GO,Cruzeiro,0,1,Brasileirao Serie A 2024
2024-05-12,6,Bahia,Bragantino,1,0,Brasileirao Serie A 2024
2024-05-12,6,Fortaleza,Botafogo-RJ,1,1,Brasileirao Serie A 2024
2024-05-12,6,Palmeiras,Athletico-PR,0,2,Brasileirao Serie A 2024
2024-05-12,6,Vasco,Vitoria,2,1,Brasileirao Serie A 2024
2024-05-13,6,Sao Paulo,Fluminense,2,1,Brasileirao Serie A 2024
2024-06-01,7,Corinthians,Botafogo-RJ,0,1,Brasileirao Serie A 2024
2024-06-01,7,Cuiaba,Internacional,0,1,Brasileirao Serie A 2024
2024-06-01,7,Fluminense,Juventude,1,1,Brasileirao Serie A 2024
2024-06-01,7,Gremio,Bragantino,0,2,Brasileirao Serie A 2024
2024-06-01,7,Vitoria,Atletico-GO,0,2,Brasileirao Serie A 2024
2024-06-02,7,Atletico-MG,Bahia,1,1,Brasileirao Serie A 2024
2024-06-02,7,Criciuma,Palmeiras,1,2,Brasileirao Serie A 2024
2024-06-02,7,Fortaleza,Athletico-PR,1,0,Brasileirao Serie A 2024
2024-06-02,7,Sao Paulo,Cruzeiro,2,0,Brasileirao Serie A 2024
2024-06-02,7,Vasco,Flamengo,1,6,Brasileirao Serie A 2024
2024-06-05,2,Cuiaba,Vitoria,0,0,Brasileirao Serie A 2024
2024-06-05,5,Juventude,Atletico-GO,1,0,Brasileirao Serie A 2024
2024-06-09,6,Criciuma,Cuiaba,2,5,Brasileirao Serie A 2024
2024-06-11,8,Atletico-GO,Corinthians,2,2,Brasileirao Serie A 2024
2024-06-11,8,Botafogo-RJ,Fluminense,1,0,Brasileirao Serie A 2024
2024-06-11,8,Bragantino,Atletico-MG,1,2,Brasileirao Serie A 2024
2024-06-11,8,Juventude,Vitoria,1,1,Brasileirao Serie A 2024
2024-06-13,8,Athletico-PR,Criciuma,3,1,Brasileirao Serie A 2024
2024-06-13,8,Bahia,Fortaleza,1,0,Brasileirao Serie A 2024
2024-06-13,8,Cruzeiro,Cuiaba,2,1,Brasileirao Serie A 2024
2024-06-13,8,Flamengo,Gremio,2,1,Brasileirao Serie A 2024
2024-06-13,8,Internacional,Sao Paulo,0,0,Brasileirao Serie A 2024
2024-06-13,8,Palmeiras,Vasco,2,0,Brasileirao Serie A 2024
2024-06-15,9,Bragantino,Juventude,2,1,Brasileirao Serie A 2024
2024-06-15,9,Fluminense,Atletico-GO,1,2,Brasileirao Serie A 2024
2024-06-16,9,Athletico-PR,Flamengo,1,1,Brasileirao Serie A 2024
2024-06-16,9,Corinthians,Sao Paulo,2,2,Brasileirao Serie A 2024
2024-06-16,9,Criciuma,Bahia,2,2,Brasileirao Serie A 2024
2024-06-16,9,Cuiaba,Fortaleza,5,0,Brasileirao Serie A 2024
2024-06-16,9,Gremio,Botafogo-RJ,1,2,Brasileirao Serie A 2024
2024-06-16,9,Vasco,Cruzeiro,0,0,Brasileirao Serie A 2024
2024-06-16,9,Vitoria,Internacional,2,1,Brasileirao Serie A 2024
2024-06-17,9,Atletico-MG,Palmeiras,0,4,Brasileirao Serie A 2024
2024-06-19,10,Atletico-GO,Criciuma,1,2,Brasileirao Serie A 2024
2024-06-19,10,Botafogo-RJ,Athletico-PR,1,1,Brasileirao Serie A 2024
2024-06-19,10,Cruzeiro,Fluminense,2,0,Brasileirao Serie A 2024
2024-06-19,10,Fortaleza,Gremio,1,0,Brasileirao Serie A 2024
2024-06-19,10,Internacional,Corinthians,1,0,Brasileirao Serie A 2024
2024-06-19,10,Juventude,Vasco,2,0,Brasileirao Serie A 2024
2024-06-19,10,Sao Paulo,Cuiaba,0,1,Brasileirao Serie A 2024
2024-06-20,10,Flamengo,Bahia,2,1,Brasileirao Serie A 2024
2024-06-20,10,Palmeiras,Bragantino,2,1,Brasileirao Serie A 2024
2024-06-20,10,Vitoria,Atletico-MG,4,2,Brasileirao Serie A 2024
2024-06-22,11,Criciuma,Botafogo-RJ,2,1,Brasileirao Serie A 2024
2024-06-22,11,Cuiaba,Atletico-GO,0,0,Brasileirao Serie A 2024
2024-06-22,11,Gremio,Internacional,0,1,Brasileirao Serie A 2024
2024-06-22,11,Vasco,Sao Paulo,4,1,Brasileirao Serie A 2024
2024-06-23,11,Athletico-PR,Corinthians,1,1,Brasileirao Serie A 2024
2024-06-23,11,Atletico-MG,Fortaleza,1,1,Brasileirao Serie A 2024
2024-06-23,11,Bahia,Cruzeiro,4,1,Brasileirao Serie A 2024
2024-06-23,11,Bragantino,Vitoria,2,1,Brasileirao Serie A 2024
2024-06-23,11,Fluminense,Flamengo,0,1,Brasileirao Serie A 2024
2024-06-23,11,Palmeiras,Juventude,3,1,Brasileirao Serie A 2024
2024-06-26,12,Atletico-GO,Gremio,1,1,Brasileirao Serie A 2024
2024-06-26,12,Bahia,Vasco,2,1,Brasileirao Serie A 2024
2024-06-26,12,Botafogo-RJ,Bragantino,2,1,Brasileirao Serie A 2024
2024-06-26,12,Corinthians,Cuiaba,1,1,Brasileirao Serie A 2024
2024-06-26,12,Cruzeiro,Athletico-PR,2,0,Brasileirao Serie A 2024
2024-06-26,12,Fortaleza,Palmeiras,3,0,Brasileirao Serie A 2024
2024-06-26,12,Internacional,Atletico-MG,1,2,Brasileirao Serie A 2024
2024-06-26,12,Juventude,Flamengo,2,1,Brasileirao Serie A 2024
2024-06-27,12,Fluminense,Vitoria,0,1,Brasileirao Serie A 2024
2024-06-27,12,Sao Paulo,Criciuma,2,1,Brasileirao Serie A 2024
2024-06-29,13,Cuiaba,Bragantino,1,1,Brasileirao Serie A 2024
2024-06-29,13,Vasco,Botafogo-RJ,1,1,Brasileirao Serie A 2024
2024-06-30,13,Atletico-MG,Atletico-GO,1,1,Brasileirao Serie A 2024
2024-06-30,13,Criciuma,Internacional,1,1,Brasileirao Serie A 2024
2024-06-30,13,Flamengo,Cruzeiro,2,1,Brasileirao Serie A 2024
2024-06-30,13,Fortaleza,Juventude,2,1,Brasileirao Serie A 2024
2024-06-30,13,Gremio,Fluminense,1,0,Brasileirao Serie A 2024
2024-06-30,13,Sao Paulo,Bahia,3,1,Brasileirao Serie A 2024
2024-06-30,13,Vitoria,Athletico-PR,0,1,Brasileirao Serie A 2024
2024-07-01,13,Palmeiras,Corinthians,2,0,Brasileirao Serie A 2024
2024-07-03,14,Athletico-PR,Sao Paulo,1,2,Brasileirao Serie A 2024
2024-07-03,14,Atletico-MG,Flamengo,2,4,Brasileirao Serie A 2024
2024-07-03,14,Bragantino,Atletico-GO,3,1,Brasileirao Serie A 2024
2024-07-03,14,Criciuma,Cruzeiro,1,0,Brasileirao Serie A 2024
2024-07-03,14,Cuiaba,Botafogo-RJ,1,2,Brasileirao Serie A 2024
2024-07-03,14,Vasco,Fortaleza,2,0,Brasileirao Serie A 2024
2024-07-04,14,Bahia,Juventude,2,0,Brasileirao Serie A 2024
2024-07-04,14,Corinthians,Vitoria,3,2,Brasileirao Serie A 2024
2024-07-04,14,Fluminense,Internacional,1,1,Brasileirao Serie A 2024
2024-07-04,14,Gremio,Palmeiras,2,2,Brasileirao Serie A 2024
2024-07-06,15,Flamengo,Cuiaba,1,1,Brasileirao Serie A 2024
2024-07-06,15,Sao Paulo,Bragantino,2,0,Brasileirao Serie A 2024
2024-07-07,15,Atletico-GO,Athletico-PR,1,2,Brasileirao Serie A 2024
2024-07-07,15,Botafogo-RJ,Atletico-MG,3,0,Brasileirao Serie A 2024
2024-07-07,15,Cruzeiro,Corinthians,3,0,Brasileirao Serie A 2024
2024-07-07,15,Fortaleza,Fluminense,1,0,Brasileirao Serie A 2024
2024-07-07,15,Internacional,Vasco,1,2,Brasileirao Serie A 2024
2024-07-07,15,Juventude,Gremio,3,0,Brasileirao Serie A 2024
2024-07-07,15,Palmeiras,Bahia,2,0,Brasileirao Serie A 2024
2024-07-07,15,Vitoria,Criciuma,2,1,Brasileirao Serie A 2024
2024-07-10,16,Athletico-PR,Bahia,1,3,Brasileirao Serie A 2024
2024-07-10,16,Gremio,Cruzeiro,0,2,Brasileirao Serie A 2024
2024-07-10,16,Vasco,Corinthians,2,0,Brasileirao Serie A 2024
2024-07-11,16,Atletico-MG,Sao Paulo,2,1,Brasileirao Serie A 2024
2024-07-11,16,Criciuma,Fluminense,1,1,Brasileirao Serie A 2024
2024-07-11,16,Flamengo,Fortaleza,1,2,Brasileirao Serie A 2024
2024-07-11,16,Palmeiras,Atletico-GO,3,1,Brasileirao Serie A 2024
2024-07-11,16,Vitoria,Botafogo-RJ,0,1,Brasileirao Serie A 2024
2024-07-13,17,Bahia,Cuiaba,1,2,Brasileirao Serie A 2024
2024-07-13,17,Cruzeiro,Bragantino,2,1,Brasileirao Serie A 2024
2024-07-16,17,Corinthians,Criciuma,2,1,Brasileirao Serie A 2024
2024-07-16,17,Juventude,Atletico-MG,1,1,Brasileirao Serie A 2024
2024-07-17,17,Atletico-GO,Vasco,0,1,Brasileirao Serie A 2024
2024-07-17,17,Botafogo-RJ,Palmeiras,1,0,Brasileirao Serie A 2024
2024-07-17,17,Fortaleza,Vitoria,3,1,Brasileirao Serie A 2024
2024-07-17,17,Sao Paulo,Gremio,1,0,Brasileirao Serie A 2024
2024-07-20,18,Botafogo-RJ,Internacional,1,0,Brasileirao Serie A 2024
2024-07-20,18,Flamengo,Criciuma,2,1,Brasileirao Serie A 2024
2024-07-20,18,Palmeiras,Cruzeiro,2,0,Brasileirao Serie A 2024
2024-07-21,18,Atletico-MG,Vasco,2,0,Brasileirao Serie A 2024
2024-07-21,18,Bahia,Corinthians,0,1,Brasileirao Serie A 2024
2024-07-21,18,Bragantino,Athletico-PR,1,0,Brasileirao Serie A 2024
2024-07-21,18,Cuiaba,Fluminense,0,1,Brasileirao Serie A 2024
2024-07-21,18,Fortaleza,Atletico-GO,3,1,Brasileirao Serie A 2024
2024-07-21,18,Gremio,Vitoria,2,0,Brasileirao Serie A 2024
2024-07-21,18,Juventude,Sao Paulo,0,0,Brasileirao Serie A 2024
2024-07-24,19,Atletico-GO,Bahia,1,1,Brasileirao Serie A 2024
2024-07-24,3,Criciuma,Fortaleza,1,1,Brasileirao Serie A 2024
2024-07-24,19,Cruzeiro,Juventude,2,0,Brasileirao Serie A 2024
2024-07-24,19,Fluminense,Palmeiras,1,0,Brasileirao Serie A 2024
2024-07-24,19,Sao Paulo,Botafogo-RJ,2,2,Brasileirao Serie A 2024
2024-07-24,19,Vitoria,Flamengo,1,2,Brasileirao Serie A 2024
2024-07-25,19,Corinthians,Gremio,2,2,Brasileirao Serie A 2024
2024-07-27,20,Bahia,Internacional,1,1,Brasileirao Serie A 2024
2024-07-27,20,Botafogo-RJ,Cruzeiro,0,3,Brasileirao Serie A 2024
2024-07-27,20,Fortaleza,Sao Paulo,1,0,Brasileirao Serie A 2024
2024-07-27,20,Juventude,Criciuma,1,2,Brasileirao Serie A 2024
2024-07-27,20,Palmeiras,Vitoria,0,2,Brasileirao Serie A 2024
2024-07-28,20,Atletico-MG,Corinthians,2,1,Brasileirao Serie A 2024
2024-07-28,20,Bragantino,Fluminense,0,1,Brasileirao Serie A 2024
2024-07-28,20,Cuiaba,Athletico-PR,1,2,Brasileirao Serie A 2024
2024-07-28,20,Flamengo,Atletico-GO,2,0,Brasileirao Serie A 2024
2024-07-28,20,Gremio,Vasco,1,0,Brasileirao Serie A 2024
2024-08-03,21,Atletico-GO,Botafogo-RJ,1,4,Brasileirao Serie A 2024
2024-08-03,21,Criciuma,Atletico-MG,2,1,Brasileirao Serie A 2024
2024-08-03,21,Sao Paulo,Flamengo,1,0,Brasileirao Serie A 2024
2024-08-03,21,Vasco,Bragantino,2,2,Brasileirao Serie A 2024
2024-08-03,21,Vitoria,Cuiaba,1,0,Brasileirao Serie A 2024
2024-08-04,21,Athletico-PR,Gremio,0,2,Brasileirao Serie A 2024
2024-08-04,21,Corinthians,Juventude,1,1,Brasileirao Serie A 2024
2024-08-04,21,Fluminense,Bahia,1,0,Brasileirao Serie A 2024
2024-08-04,21,Internacional,Palmeiras,1,1,Brasileirao Serie A 2024
2024-08-05,21,Cruzeiro,Fortaleza,1,2,Brasileirao Serie A 2024
2024-08-10,22,Corinthians,Bragantino,1,1,Brasileirao Serie A 2024
2024-08-10,22,Cruzeiro,Atletico-MG,0,0,Brasileirao Serie A 2024
2024-08-10,22,Cuiaba,Gremio,1,3,Brasileirao Serie A 2024
2024-08-10,22,Fortaleza,Criciuma,1,0,Brasileirao Serie A 2024
2024-08-10,22,Vasco,Fluminense,2,0,Brasileirao Serie A 2024
2024-08-11,22,Bahia,Vitoria,2,0,Brasileirao Serie A 2024
2024-08-11,22,Flamengo,Palmeiras,1,1,Brasileirao Serie A 2024
2024-08-11,22,Internacional,Athletico-PR,2,2,Brasileirao Serie A 2024
2024-08-11,22,Juventude,Botafogo-RJ,3,2,Brasileirao Serie A 2024
2024-08-11,22,Sao Paulo,Atletico-GO,1,0,Brasileirao Serie A 2024
2024-08-14,6,Internacional,Juventude,2,1,Brasileirao Serie A 2024
2024-08-17,23,Atletico-MG,Cuiaba,1,1,Brasileirao Serie A 2024
2024-08-17,23,Bragantino,Fortaleza,1,2,Brasileirao Serie A 2024
2024-08-17,23,Fluminense,Corinthians,0,0,Brasileirao Serie A 2024
2024-08-17,23,Gremio,Bahia,0,2,Brasileirao Serie A 2024
2024-08-18,23,Athletico-PR,Juventude,1,2,Brasileirao Serie A 2024
2024-08-18,23,Atletico-GO,Internacional,1,0,Brasileirao Serie A 2024
2024-08-18,23,Botafogo-RJ,Flamengo,4,1,Brasileirao Serie A 2024
2024-08-18,23,Criciuma,Vasco,2,2,Brasileirao Serie A 2024
2024-08-18,23,Palmeiras,Sao Paulo,2,1,Brasileirao Serie A 2024
2024-08-19,23,Vitoria,Cruzeiro,2,2,Brasileirao Serie A 2024
2024-08-24,24,Atletico-GO,Juventude,2,1,Brasileirao Serie A 2024
2024-08-24,24,Atletico-MG,Fluminense,0,2,Brasileirao Serie A 2024
2024-08-24,24,Palmeiras,Cuiaba,5,0,Brasileirao Serie A 2024
2024-08-25,24,Bahia,Botafogo-RJ,0,0,Brasileirao Serie A 2024
2024-08-25,24,Criciuma,Gremio,0,1,Brasileirao Serie A 2024
2024-08-25,24,Flamengo,Bragantino,2,1,Brasileirao Serie A 2024
2024-08-25,24,Fortaleza,Corinthians,1,0,Brasileirao Serie A 2024
2024-08-25,24,Internacional,Cruzeiro,1,0,Brasileirao Serie A 2024
2024-08-25,24,Sao Paulo,Vitoria,2,1,Brasileirao Serie A 2024
2024-08-26,24,Vasco,Athletico-PR,2,1,Brasileirao Serie A 2024
2024-08-28,19,Criciuma,Bragantino,1,0,Brasileirao Serie A 2024
2024-08-28,5,Cruzeiro,Internacional,0,0,Brasileirao Serie A 2024
2024-08-31,25,Botafogo-RJ,Fortaleza,2,0,Brasileirao Serie A 2024
2024-08-31,25,Cuiaba,Criciuma,2,1,Brasileirao Serie A 2024
2024-09-01,25,Athletico-PR,Palmeiras,0,2,Brasileirao Serie A 2024
2024-09-01,25,Bragantino,Bahia,2,1,Brasileirao Serie A 2024
2024-09-01,25,Corinthians,Flamengo,2,1,Brasileirao Serie A 2024
2024-09-01,25,Cruzeiro,Atletico-GO,3,1,Brasileirao Serie A 2024
2024-09-01,25,Fluminense,Sao Paulo,2,0,Brasileirao Serie A 2024
2024-09-01,25,Gremio,Atletico-MG,2,3,Brasileirao Serie A 2024
2024-09-01,25,Juventude,Internacional,1,3,Brasileirao Serie A 2024
2024-09-01,25,Vitoria,Vasco,0,1,Brasileirao Serie A 2024
2024-09-05,16,Cuiaba,Juventude,0,0,Brasileirao Serie A 2024
2024-09-11,19,Internacional,Fortaleza,2,1,Brasileirao Serie A 2024
2024-09-14,26,Athletico-PR,Fortaleza,1,1,Brasileirao Serie A 2024
2024-09-14,26,Atletico-GO,Vitoria,0,2,Brasileirao Serie A 2024
2024-09-14,26,Botafogo-RJ,Corinthians,2,1,Brasileirao Serie A 2024
2024-09-15,26,Bahia,Atletico-MG,3,0,Brasileirao Serie A 2024
2024-09-15,26,Bragantino,Gremio,2,2,Brasileirao Serie A 2024
2024-09-15,26,Cruzeiro,Sao Paulo,0,1,Brasileirao Serie A 2024
2024-09-15,26,Flamengo,Vasco,1,1,Brasileirao Serie A 2024
2024-09-15,26,Juventude,Fluminense,2,1,Brasileirao Serie A 2024
2024-09-15,26,Palmeiras,Criciuma,5,0,Brasileirao Serie A 2024
2024-09-16,26,Internacional,Cuiaba,3,0,Brasileirao Serie A 2024
2024-09-21,27,Corinthians,Atletico-GO,3,0,Brasileirao Serie A 2024
2024-09-21,27,Fluminense,Botafogo-RJ,0,1,Brasileirao Serie A 2024
2024-09-21,27,Fortaleza,Bahia,4,1,Brasileirao Serie A 2024
2024-09-21,27,Vitoria,Juventude,1,0,Brasileirao Serie A 2024
2024-09-22,27,Atletico-MG,Bragantino,3,0,Brasileirao Serie A 2024
2024-09-22,27,Criciuma,Athletico-PR,0,0,Brasileirao Serie A 2024
2024-09-22,27,Cuiaba,Cruzeiro,0,0,Brasileirao Serie A 2024
2024-09-22,27,Gremio,Flamengo,3,2,Brasileirao Serie A 2024
2024-09-22,27,Sao Paulo,Internacional,1,3,Brasileirao Serie A 2024
2024-09-22,27,Vasco,Palmeiras,0,1,Brasileirao Serie A 2024
2024-09-25,16,Bragantino,Internacional,2,2,Brasileirao Serie A 2024
2024-09-25,5,Gremio,Criciuma,1,2,Brasileirao Serie A 2024
2024-09-28,28,Botafogo-RJ,Gremio,0,0,Brasileirao Serie A 2024
2024-09-28,28,Palmeiras,Atletico-MG,2,1,Brasileirao Serie A 2024
2024-09-29,28,Atletico-GO,Fluminense,1,0,Brasileirao Serie A 2024
2024-09-29,28,Bahia,Criciuma,1,0,Brasileirao Serie A 2024
2024-09-29,28,Cruzeiro,Vasco,1,1,Brasileirao Serie A 2024
2024-09-29,28,Flamengo,Athletico-PR,1,0,Brasileirao Serie A 2024
2024-09-29,28,Fortaleza,Cuiaba,1,0,Brasileirao Serie A 2024
2024-09-29,28,Internacional,Vitoria,3,1,Brasileirao Serie A 2024
2024-09-29,28,Juventude,Bragantino,1,1,Brasileirao Serie A 2024
2024-09-29,28,Sao Paulo,Corinthians,3,1,Brasileirao Serie A 2024
2024-10-03,29,Criciuma,Atletico-GO,2,0,Brasileirao Serie A 2024
2024-10-03,29,Fluminense,Cruzeiro,1,0,Brasileirao Serie A 2024
2024-10-04,29,Gremio,Fortaleza,3,1,Brasileirao Serie A 2024
2024-10-05,29,Athletico-PR,Botafogo-RJ,0,1,Brasileirao Serie A 2024
2024-10-05,29,Atletico-MG,Vitoria,2,2,Brasileirao Serie A 2024
2024-10-05,29,Bahia,Flamengo,0,2,Brasileirao Serie A 2024
2024-10-05,29,Bragantino,Palmeiras,0,0,Brasileirao Serie A 2024
2024-10-05,29,Corinthians,Internacional,2,2,Brasileirao Serie A 2024
2024-10-05,29,Cuiaba,Sao Paulo,2,0,Brasileirao Serie A 2024
2024-10-05,29,Vasco,Juventude,1,1,Brasileirao Serie A 2024
2024-10-09,6,Atletico-MG,Gremio,2,1,Brasileirao Serie A 2024
2024-10-16,30,Fortaleza,Atletico-MG,1,1,Brasileirao Serie A 2024
2024-10-16,30,Sao Paulo,Vasco,3,0,Brasileirao Serie A 2024
2024-10-17,30,Corinthians,Athletico-PR,5,2,Brasileirao Serie A 2024
2024-10-17,30,Flamengo,Fluminense,0,2,Brasileirao Serie A 2024
2024-10-18,30,Atletico-GO,Cuiaba,0,0,Brasileirao Serie A 2024
2024-10-18,30,Botafogo-RJ,Criciuma,1,1,Brasileirao Serie A 2024
2024-10-18,30,Cruzeiro,Bahia,1,1,Brasileirao Serie A 2024
2024-10-19,30,Internacional,Gremio,1,0,Brasileirao Serie A 2024
2024-10-19,30,Vitoria,Bragantino,1,0,Brasileirao Serie A 2024
2024-10-20,30,Juventude,Palmeiras,3,5,Brasileirao Serie A 2024
2024-10-22,17,Fluminense,Athletico-PR,1,0,Brasileirao Serie A 2024
2024-10-24,19,Vasco,Cuiaba,1,0,Brasileirao Serie A 2024
2024-10-26,31,Athletico-PR,Cruzeiro,3,0,Brasileirao Serie A 2024
2024-10-26,31,Atletico-MG,Internacional,1,3,Brasileirao Serie A 2024
2024-10-26,31,Bragantino,Botafogo-RJ,0,1,Brasileirao Serie A 2024
2024-10-26,31,Criciuma,Sao Paulo,1,1,Brasileirao Serie A 2024
2024-10-26,31,Flamengo,Juventude,4,2,Brasileirao Serie A 2024
2024-10-26,31,Gremio,Atletico-GO,3,1,Brasileirao Serie A 2024
2024-10-26,31,Palmeiras,Fortaleza,2,2,Brasileirao Serie A 2024
2024-10-26,31,Vitoria,Fluminense,2,1,Brasileirao Serie A 2024
2024-10-28,31,Cuiaba,Corinthians,0,1,Brasileirao Serie A 2024
2024-10-28,31,Vasco,Bahia,3,2,Brasileirao Serie A 2024
2024-10-30,17,Internacional,Flamengo,1,1,Brasileirao Serie A 2024
2024-11-01,32,Fluminense,Gremio,2,2,Brasileirao Serie A 2024
2024-11-02,32,Athletico-PR,Vitoria,1,2,Brasileirao Serie A 2024
2024-11-02,32,Bragantino,Cuiaba,0,0,Brasileirao Serie A 2024
2024-11-02,32,Juventude,Fortaleza,0,3,Brasileirao Serie A 2024
2024-11-04,32,Corinthians,Palmeiras,2,0,Brasileirao Serie A 2024
2024-11-05,32,Bahia,Sao Paulo,0,3,Brasileirao Serie A 2024
2024-11-05,32,Botafogo-RJ,Vasco,3,0,Brasileirao Serie A 2024
2024-11-05,32,Internacional,Criciuma,2,0,Brasileirao Serie A 2024
2024-11-06,32,Atletico-GO,Atletico-MG,1,0,Brasileirao Serie A 2024
2024-11-06,32,Cruzeiro,Flamengo,0,1,Brasileirao Serie A 2024
2024-11-08,33,Internacional,Fluminense,2,0,Brasileirao Serie A 2024
2024-11-08,33,Palmeiras,Gremio,1,0,Brasileirao Serie A 2024
2024-11-09,33,Atletico-GO,Bragantino,0,0,Brasileirao Serie A 2024
2024-11-09,33,Botafogo-RJ,Cuiaba,0,0,Brasileirao Serie A 2024
2024-11-09,33,Cruzeiro,Criciuma,2,1,Brasileirao Serie A 2024
2024-11-09,33,Fortaleza,Vasco,3,0,Brasileirao Serie A 2024
2024-11-09,33,Juventude,Bahia,2,1,Brasileirao Serie A 2024
2024-11-09,33,Sao Paulo,Athletico-PR,2,1,Brasileirao Serie A 2024
2024-11-09,33,Vitoria,Corinthians,1,2,Brasileirao Serie A 2024
2024-11-13,33,Flamengo,Atletico-MG,0,0,Brasileirao Serie A 2024
2024-11-16,19,Athletico-PR,Atletico-MG,1,0,Brasileirao Serie A 2024
2024-11-20,34,Athletico-PR,Atletico-GO,2,0,Brasileirao Serie A 2024
2024-11-20,34,Atletico-MG,Botafogo-RJ,0,0,Brasileirao Serie A 2024
2024-11-20,34,Bahia,Palmeiras,1,2,Brasileirao Serie A 2024
2024-11-20,34,Bragantino,Sao Paulo,1,1,Brasileirao Serie A 2024
2024-11-20,34,Corinthians,Cruzeiro,2,1,Brasileirao Serie A 2024
2024-11-20,34,Criciuma,Vitoria,0,1,Brasileirao Serie A 2024
2024-11-20,34,Cuiaba,Flamengo,1,2,Brasileirao Serie A 2024
2024-11-20,34,Gremio,Juventude,2,2,Brasileirao Serie A 2024
2024-11-21,34,Vasco,Internacional,0,1,Brasileirao Serie A 2024
2024-11-22,34,Fluminense,Fortaleza,2,2,Brasileirao Serie A 2024
2024-11-23,35,Atletico-GO,Palmeiras,0,1,Brasileirao Serie A 2024
2024-11-23,35,Botafogo-RJ,Vitoria,1,1,Brasileirao Serie A 2024
2024-11-23,35,Juventude,Cuiaba,1,1,Brasileirao Serie A 2024
2024-11-23,35,Sao Paulo,Atletico-MG,2,2,Brasileirao Serie A 2024
2024-11-24,35,Bahia,Athletico-PR,1,1,Brasileirao Serie A 2024
2024-11-24,35,Corinthians,Vasco,3,1,Brasileirao Serie A 2024
2024-11-24,35,Internacional,Bragantino,4,1,Brasileirao Serie A 2024
2024-11-26,36,Atletico-MG,Juventude,2,3,Brasileirao Serie A 2024
2024-11-26,35,Fluminense,Criciuma,0,0,Brasileirao Serie A 2024
2024-11-26,35,Fortaleza,Flamengo,0,0,Brasileirao Serie A 2024
2024-11-26,36,Palmeiras,Botafogo-RJ,1,3,Brasileirao Serie A 2024
2024-11-27,35,Cruzeiro,Gremio,1,1,Brasileirao Serie A 2024
2024-11-30,36,Criciuma,Corinthians,2,4,Brasileirao Serie A 2024
2024-11-30,36,Cuiaba,Bahia,1,2,Brasileirao Serie A 2024
2024-11-30,36,Vasco,Atletico-GO,2,2,Brasileirao Serie A 2024
2024-12-01,36,Athletico-PR,Fluminense,1,1,Brasileirao Serie A 2024
2024-12-01,36,Bragantino,Cruzeiro,1,1,Brasileirao Serie A 2024
2024-12-01,36,Flamengo,Internacional,3,2,Brasileirao Serie A 2024
2024-12-01,36,Gremio,Sao Paulo,2,1,Brasileirao Serie A 2024
2024-12-01,36,Vitoria,Fortaleza,2,0,Brasileirao Serie A 2024
2024-12-03,37,Corinthians,Bahia,3,0,Brasileirao Serie A 2024
2024-12-04,37,Atletico-GO,Fortaleza,3,1,Brasileirao Serie A 2024
2024-12-04,37,Criciuma,Flamengo,0,3,Brasileirao Serie A 2024
2024-12-04,37,Cruzeiro,Palmeiras,1,2,Brasileirao Serie A 2024
2024-12-04,37,Internacional,Botafogo-RJ,0,1,Brasileirao Serie A 2024
2024-12-04,37,Sao Paulo,Juventude,1,2,Brasileirao Serie A 2024
2024-12-04,37,Vasco,Atletico-MG,2,0,Brasileirao Serie A 2024
2024-12-04,37,Vitoria,Gremio,1,1,Brasileirao Serie A 2024
2024-12-05,37,Athletico-PR,Bragantino,1,2,Brasileirao Serie A 2024
2024-12-05,37,Fluminense,Cuiaba,1,0,Brasileirao Serie A 2024
2024-12-08,38,Atletico-MG,Athletico-PR,1,0,Brasileirao Serie A 2024
2024-12-08,38,Bahia,Atletico-GO,2,0,Brasileirao Serie A 2024
2024-12-08,38,Botafogo-RJ,Sao Paulo,2,1,Brasileirao Serie A 2024
2024-12-08,38,Bragantino,Criciuma,5,1,Brasileirao Serie A 2024
2024-12-08,38,Cuiaba,Vasco,1,2,Brasileirao Serie A 2024
2024-12-08,38,Flamengo,Vitoria,2,2,Brasileirao Serie A 2024
2024-12-08,38,Fortaleza,Internacional,3,0,Brasileirao Serie A 2024
2024-12-08,38,Gremio,Corinthians,0,3,Brasileirao Serie A 2024
2024-12-08,38,Juventude,Cruzeiro,0,1,Brasileirao Serie A 2024
2024-12-08,38,Palmeiras,Fluminense,0,1,Brasileirao Serie A 2024
