data,rodada,mandante,visitante,gols_mandante,gols_visitante,competicao
2015-05-09,1,Chapecoense,Coritiba,2,1,Brasileirao Serie A 2015
2015-05-09,1,Fluminense,Joinville,1,0,Brasileirao Serie A 2015
2015-05-09,1,Palmeiras,Atletico-MG,2,2,Brasileirao Serie A 2015
2015-05-10,1,Athletico-PR,Internacional,3,0,Brasileirao Serie A 2015
2015-05-10,1,Avai,Santos,1,1,Brasileirao Serie A 2015
2015-05-10,1,Cruzeiro,Corinthians,0,1,Brasileirao Serie A 2015
2015-05-10,1,Gremio,Ponte Preta,3,3,Brasileirao Serie A 2015
2015-05-10,1,Sao Paulo,Flamengo,2,1,Brasileirao Serie A 2015
2015-05-10,1,Sport,Figueirense,4,1,Brasileirao Serie A 2015
2015-05-10,1,Vasco,Goias,0,0,Brasileirao Serie A 2015
2015-05-16,2,Corinthians,Chapecoense,1,0,Brasileirao Serie A 2015
2015-05-16,2,Coritiba,Gremio,2,0,Brasileirao Serie A 2015
2015-05-16,2,Goias,Athletico-PR,2,0,Brasileirao Serie A 2015
2015-05-17,2,Atletico-MG,Fluminense,4,1,Brasileirao Serie A 2015
2015-05-17,2,Figueirense,Vasco,0,0,Brasileirao Serie A 2015
2015-05-17,2,Flamengo,Sport,2,2,Brasileirao Serie A 2015
2015-05-17,2,Internacional,Avai,1,0,Brasileirao Serie A 2015
2015-05-17,2,Joinville,Palmeiras,0,0,Brasileirao Serie A 2015
2015-05-17,2,Ponte Preta,Sao Paulo,1,0,Brasileirao Serie A 2015
2015-05-17,2,Santos,Cruzeiro,1,0,Brasileirao Serie A 2015
2015-05-23,3,Gremio,Figueirense,1,0,Brasileirao Serie A 2015
2015-05-23,3,Sao Paulo,Joinville,3,0,Brasileirao Serie A 2015
2015-05-23,3,Vasco,Internacional,1,1,Brasileirao Serie A 2015
2015-05-24,3,Athletico-PR,Atletico-MG,1,0,Brasileirao Serie A 2015
2015-05-24,3,Avai,Flamengo,2,1,Brasileirao Serie A 2015
2015-05-24,3,Chapecoense,Santos,1,0,Brasileirao Serie A 2015
2015-05-24,3,Cruzeiro,Ponte Preta,1,1,Brasileirao Serie A 2015
2015-05-24,3,Fluminense,Corinthians,0,0,Brasileirao Serie A 2015
2015-05-24,3,Palmeiras,Goias,0,1,Brasileirao Serie A 2015
2015-05-24,3,Sport,Coritiba,1,0,Brasileirao Serie A 2015
2015-05-30,4,Coritiba,Avai,1,2,Brasileirao Serie A 2015
2015-05-30,4,Joinville,Athletico-PR,1,2,Brasileirao Serie A 2015
2015-05-30,4,Ponte Preta,Chapecoense,3,1,Brasileirao Serie A 2015
2015-05-31,4,Atletico-MG,Vasco,3,0,Brasileirao Serie A 2015
2015-05-31,4,Corinthians,Palmeiras,0,2,Brasileirao Serie A 2015
2015-05-31,4,Figueirense,Cruzeiro,2,1,Brasileirao Serie A 2015
2015-05-31,4,Flamengo,Fluminense,2,3,Brasileirao Serie A 2015
2015-05-31,4,Goias,Gremio,1,1,Brasileirao Serie A 2015
2015-05-31,4,Internacional,Sao Paulo,0,0,Brasileirao Serie A 2015
2015-05-31,4,Santos,Sport,2,2,Brasileirao Serie A 2015
2015-06-03,5,Athletico-PR,Figueirense,1,0,Brasileirao Serie A 2015
2015-06-03,5,Avai,Atletico-MG,1,4,Brasileirao Serie A 2015
2015-06-03,5,Chapecoense,Joinville,2,0,Brasileirao Serie A 2015
2015-06-03,5,Cruzeiro,Flamengo,1,0,Brasileirao Serie A 2015
2015-06-03,5,Gremio,Corinthians,3,1,Brasileirao Serie A 2015
2015-06-03,5,Sao Paulo,Santos,3,2,Brasileirao Serie A 2015
2015-06-03,5,Vasco,Ponte Preta,0,3,Brasileirao Serie A 2015
2015-06-04,5,Fluminense,Coritiba,2,0,Brasileirao Serie A 2015
2015-06-04,5,Palmeiras,Internacional,1,1,Brasileirao Serie A 2015
2015-06-04,5,Sport,Goias,1,0,Brasileirao Serie A 2015
2015-06-06,6,Athletico-PR,Vasco,2,0,Brasileirao Serie A 2015
2015-06-06,6,Atletico-MG,Cruzeiro,1,3,Brasileirao Serie A 2015
2015-06-06,6,Flamengo,Chapecoense,1,0,Brasileirao Serie A 2015
2015-06-06,6,Joinville,Corinthians,0,1,Brasileirao Serie A 2015
2015-06-06,6,Santos,Ponte Preta,2,2,Brasileirao Serie A 2015
2015-06-06,6,Sao Paulo,Gremio,2,0,Brasileirao Serie A 2015
2015-06-07,6,Figueirense,Palmeiras,2,1,Brasileirao Serie A 2015
2015-06-07,6,Fluminense,Sport,0,0,Brasileirao Serie A 2015
2015-06-07,6,Goias,Avai,0,1,Brasileirao Serie A 2015
2015-06-07,6,Internacional,Coritiba,2,0,Brasileirao Serie A 2015
2015-06-10,7,Atletico-MG,Santos,2,2,Brasileirao Serie A 2015
2015-06-13,7,Chapecoense,Sao Paulo,0,1,Brasileirao Serie A 2015
2015-06-13,7,Corinthians,Internacional,2,1,Brasileirao Serie A 2015
2015-06-13,7,Coritiba,Flamengo,0,1,Brasileirao Serie A 2015
2015-06-13,7,Sport,Joinville,2,1,Brasileirao Serie A 2015
2015-06-13,7,Vasco,Cruzeiro,1,3,Brasileirao Serie A 2015
2015-06-14,7,Avai,Figueirense,1,1,Brasileirao Serie A 2015
2015-06-14,7,Gremio,Athletico-PR,2,1,Brasileirao Serie A 2015
2015-06-14,7,Palmeiras,Fluminense,2,1,Brasileirao Serie A 2015
2015-06-14,7,Ponte Preta,Goias,0,0,Brasileirao Serie A 2015
2015-06-18,8,Figueirense,Internacional,0,0,Brasileirao Serie A 2015
2015-06-20,8,Flamengo,Atletico-MG,0,2,Brasileirao Serie A 2015
2015-06-20,8,Gremio,Palmeiras,1,0,Brasileirao Serie A 2015
2015-06-20,8,Santos,Corinthians,1,0,Brasileirao Serie A 2015
2015-06-20,8,Sport,Vasco,2,1,Brasileirao Serie A 2015
2015-06-21,8,Athletico-PR,Coritiba,2,2,Brasileirao Serie A 2015
2015-06-21,8,Cruzeiro,Chapecoense,0,1,Brasileirao Serie A 2015
2015-06-21,8,Joinville,Goias,2,1,Brasileirao Serie A 2015
2015-06-21,8,Sao Paulo,Avai,1,1,Brasileirao Serie A 2015
2015-06-24,8,Fluminense,Ponte Preta,2,0,Brasileirao Serie A 2015
2015-06-27,9,Avai,Gremio,1,2,Brasileirao Serie A 2015
2015-06-27,9,Chapecoense,Sport,1,1,Brasileirao Serie A 2015
2015-06-27,9,Corinthians,Figueirense,2,1,Brasileirao Serie A 2015
2015-06-28,9,Atletico-MG,Joinville,1,0,Brasileirao Serie A 2015
2015-06-28,9,Coritiba,Cruzeiro,1,0,Brasileirao Serie A 2015
2015-06-28,9,Goias,Fluminense,1,2,Brasileirao Serie A 2015
2015-06-28,9,Internacional,Santos,1,0,Brasileirao Serie A 2015
2015-06-28,9,Palmeiras,Sao Paulo,4,0,Brasileirao Serie A 2015
2015-06-28,9,Ponte Preta,Athletico-PR,2,1,Brasileirao Serie A 2015
2015-06-28,9,Vasco,Flamengo,1,0,Brasileirao Serie A 2015
2015-07-01,10,Athletico-PR,Sao Paulo,2,1,Brasileirao Serie A 2015
2015-07-01,10,Atletico-MG,Coritiba,2,0,Brasileirao Serie A 2015
2015-07-01,10,Gremio,Cruzeiro,1,0,Brasileirao Serie A 2015
2015-07-01,10,Joinville,Flamengo,0,1,Brasileirao Serie A 2015
2015-07-01,10,Palmeiras,Chapecoense,2,0,Brasileirao Serie A 2015
2015-07-01,10,Sport,Internacional,3,0,Brasileirao Serie A 2015
2015-07-01,10,Vasco,Avai,1,0,Brasileirao Serie A 2015
2015-07-02,10,Corinthians,Ponte Preta,2,0,Brasileirao Serie A 2015
2015-07-02,10,Figueirense,Goias,3,1,Brasileirao Serie A 2015
2015-07-02,10,Fluminense,Santos,2,1,Brasileirao Serie A 2015
2015-07-04,11,Chapecoense,Vasco,1,0,Brasileirao Serie A 2015
2015-07-04,11,Coritiba,Joinville,0,0,Brasileirao Serie A 2015
2015-07-04,11,Cruzeiro,Athletico-PR,2,0,Brasileirao Serie A 2015
2015-07-05,11,Avai,Sport,2,2,Brasileirao Serie A 2015
2015-07-05,11,Flamengo,Figueirense,1,2,Brasileirao Serie A 2015
2015-07-05,11,Goias,Corinthians,0,0,Brasileirao Serie A 2015
2015-07-05,11,Internacional,Atletico-MG,1,3,Brasileirao Serie A 2015
2015-07-05,11,Ponte Preta,Palmeiras,0,2,Brasileirao Serie A 2015
2015-07-05,11,Santos,Gremio,1,3,Brasileirao Serie A 2015
2015-07-05,11,Sao Paulo,Fluminense,0,0,Brasileirao Serie A 2015
2015-07-08,12,Atletico-MG,Sport,2,1,Brasileirao Serie A 2015
2015-07-08,12,Chapecoense,Gremio,1,0,Brasileirao Serie A 2015
2015-07-08,12,Coritiba,Ponte Preta,0,0,Brasileirao Serie A 2015
2015-07-08,12,Figueirense,Joinville,0,2,Brasileirao Serie A 2015
2015-07-08,12,Goias,Santos,4,1,Brasileirao Serie A 2015
2015-07-08,12,Internacional,Flamengo,1,2,Brasileirao Serie A 2015
2015-07-08,12,Palmeiras,Avai,3,0,Brasileirao Serie A 2015
2015-07-08,12,Vasco,Sao Paulo,0,4,Brasileirao Serie A 2015
2015-07-09,12,Corinthians,Athletico-PR,2,0,Brasileirao Serie A 2015
2015-07-09,12,Fluminense,Cruzeiro,1,0,Brasileirao Serie A 2015
2015-07-11,13,Gremio,Vasco,2,0,Brasileirao Serie A 2015
2015-07-11,13,Ponte Preta,Atletico-MG,0,2,Brasileirao Serie A 2015
2015-07-11,13,Santos,Figueirense,3,0,Brasileirao Serie A 2015
2015-07-12,13,Athletico-PR,Fluminense,1,2,Brasileirao Serie A 2015
2015-07-12,13,Avai,Chapecoense,2,1,Brasileirao Serie A 2015
2015-07-12,13,Cruzeiro,Goias,1,0,Brasileirao Serie A 2015
2015-07-12,13,Flamengo,Corinthians,0,3,Brasileirao Serie A 2015
2015-07-12,13,Joinville,Internacional,0,2,Brasileirao Serie A 2015
2015-07-12,13,Sao Paulo,Coritiba,3,1,Brasileirao Serie A 2015
2015-07-12,13,Sport,Palmeiras,2,2,Brasileirao Serie A 2015
2015-07-18,14,Corinthians,Atletico-MG,1,0,Brasileirao Serie A 2015
2015-07-18,14,Flamengo,Gremio,1,0,Brasileirao Serie A 2015
2015-07-18,14,Internacional,Goias,2,1,Brasileirao Serie A 2015
2015-07-19,14,Athletico-PR,Chapecoense,1,0,Brasileirao Serie A 2015
2015-07-19,14,Cruzeiro,Avai,1,1,Brasileirao Serie A 2015
2015-07-19,14,Figueirense,Coritiba,0,0,Brasileirao Serie A 2015
2015-07-19,14,Fluminense,Vasco,1,2,Brasileirao Serie A 2015
2015-07-19,14,Joinville,Ponte Preta,1,1,Brasileirao Serie A 2015
2015-07-19,14,Palmeiras,Santos,1,0,Brasileirao Serie A 2015
2015-07-19,14,Sport,Sao Paulo,2,0,Brasileirao Serie A 2015
2015-07-25,15,Atletico-MG,Figueirense,1,0,Brasileirao Serie A 2015
2015-07-25,15,Avai,Athletico-PR,1,2,Brasileirao Serie A 2015
2015-07-25,15,Gremio,Sport,1,1,Brasileirao Serie A 2015
2015-07-26,15,Chapecoense,Fluminense,2,1,Brasileirao Serie A 2015
2015-07-26,15,Coritiba,Corinthians,1,1,Brasileirao Serie A 2015
2015-07-26,15,Goias,Flamengo,0,1,Brasileirao Serie A 2015
2015-07-26,15,Ponte Preta,Internacional,0,0,Brasileirao Serie A 2015
2015-07-26,15,Santos,Joinville,2,0,Brasileirao Serie A 2015
2015-07-26,15,Sao Paulo,Cruzeiro,1,0,Brasileirao Serie A 2015
2015-07-26,15,Vasco,Palmeiras,1,4,Brasileirao Serie A 2015
2015-07-29,16,Atletico-MG,Sao Paulo,3,1,Brasileirao Serie A 2015
2015-07-29,16,Corinthians,Vasco,3,0,Brasileirao Serie A 2015
2015-08-01,16,Fluminense,Gremio,1,0,Brasileirao Serie A 2015
2015-08-02,16,Coritiba,Goias,1,1,Brasileirao Serie A 2015
2015-08-02,16,Figueirense,Ponte Preta,3,1,Brasileirao Serie A 2015
2015-08-02,16,Flamengo,Santos,2,2,Brasileirao Serie A 2015
2015-08-02,16,Internacional,Chapecoense,0,0,Brasileirao Serie A 2015
2015-08-02,16,Joinville,Avai,2,0,Brasileirao Serie A 2015
2015-08-02,16,Palmeiras,Athletico-PR,0,1,Brasileirao Serie A 2015
2015-08-02,16,Sport,Cruzeiro,0,0,Brasileirao Serie A 2015
2015-08-08,17,Avai,Fluminense,1,0,Brasileirao Serie A 2015
2015-08-08,17,Santos,Coritiba,3,0,Brasileirao Serie A 2015
2015-08-09,17,Athletico-PR,Sport,1,1,Brasileirao Serie A 2015
2015-08-09,17,Chapecoense,Figueirense,2,2,Brasileirao Serie A 2015
2015-08-09,17,Cruzeiro,Palmeiras,2,1,Brasileirao Serie A 2015
2015-08-09,17,Goias,Atletico-MG,0,0,Brasileirao Serie A 2015
2015-08-09,17,Gremio,Internacional,5,0,Brasileirao Serie A 2015
2015-08-09,17,Ponte Preta,Flamengo,1,0,Brasileirao Serie A 2015
2015-08-09,17,Sao Paulo,Corinthians,1,1,Brasileirao Serie A 2015
2015-08-09,17,Vasco,Joinville,0,0,Brasileirao Serie A 2015
2015-08-12,18,Corinthians,Sport,4,3,Brasileirao Serie A 2015
2015-08-12,18,Coritiba,Palmeiras,2,1,Brasileirao Serie A 2015
2015-08-12,18,Figueirense,Sao Paulo,0,2,Brasileirao Serie A 2015
2015-08-12,18,Flamengo,Athletico-PR,3,2,Brasileirao Serie A 2015
2015-08-12,18,Goias,Chapecoense,0,0,Brasileirao Serie A 2015
2015-08-12,18,Internacional,Fluminense,1,0,Brasileirao Serie A 2015
2015-08-12,18,Santos,Vasco,1,0,Brasileirao Serie A 2015
2015-08-13,18,Atletico-MG,Gremio,0,2,Brasileirao Serie A 2015
2015-08-13,18,Joinville,Cruzeiro,3,0,Brasileirao Serie A 2015
2015-08-13,18,Ponte Preta,Avai,2,0,Brasileirao Serie A 2015
2015-08-15,19,Athletico-PR,Santos,0,0,Brasileirao Serie A 2015
2015-08-15,19,Sao Paulo,Goias,0,3,Brasileirao Serie A 2015
2015-08-15,19,Vasco,Coritiba,0,1,Brasileirao Serie A 2015
2015-08-16,19,Avai,Corinthians,1,2,Brasileirao Serie A 2015
2015-08-16,19,Chapecoense,Atletico-MG,2,1,Brasileirao Serie A 2015
2015-08-16,19,Cruzeiro,Internacional,0,0,Brasileirao Serie A 2015
2015-08-16,19,Fluminense,Figueirense,2,1,Brasileirao Serie A 2015
2015-08-16,19,Gremio,Joinville,2,1,Brasileirao Serie A 2015
2015-08-16,19,Palmeiras,Flamengo,4,2,Brasileirao Serie A 2015
2015-08-16,19,Sport,Ponte Preta,1,1,Brasileirao Serie A 2015
2015-08-22,20,Figueirense,Sport,2,1,Brasileirao Serie A 2015
2015-08-22,20,Goias,Vasco,3,0,Brasileirao Serie A 2015
2015-08-22,20,Santos,Avai,5,2,Brasileirao Serie A 2015
2015-08-23,20,Atletico-MG,Palmeiras,2,1,Brasileirao Serie A 2015
2015-08-23,20,Corinthians,Cruzeiro,3,0,Brasileirao Serie A 2015
2015-08-23,20,Coritiba,Chapecoense,1,0,Brasileirao Serie A 2015
2015-08-23,20,Flamengo,Sao Paulo,2,1,Brasileirao Serie A 2015
2015-08-23,20,Internacional,Athletico-PR,2,0,Brasileirao Serie A 2015
2015-08-23,20,Joinville,Fluminense,2,1,Brasileirao Serie A 2015
2015-08-23,20,Ponte Preta,Gremio,0,0,Brasileirao Serie A 2015
2015-08-29,21,Sao Paulo,Ponte Preta,3,0,Brasileirao Serie A 2015
2015-08-29,21,Vasco,Figueirense,0,1,Brasileirao Serie A 2015
2015-08-30,21,Athletico-PR,Goias,3,0,Brasileirao Serie A 2015
2015-08-30,21,Avai,Internacional,3,0,Brasileirao Serie A 2015
2015-08-30,21,Chapecoense,Corinthians,1,3,Brasileirao Serie A 2015
2015-08-30,21,Cruzeiro,Santos,0,1,Brasileirao Serie A 2015
2015-08-30,21,Fluminense,Atletico-MG,1,2,Brasileirao Serie A 2015
2015-08-30,21,Gremio,Coritiba,0,0,Brasileirao Serie A 2015
2015-08-30,21,Palmeiras,Joinville,3,2,Brasileirao Serie A 2015
2015-08-30,21,Sport,Flamengo,0,1,Brasileirao Serie A 2015
2015-09-02,22,Atletico-MG,Athletico-PR,0,1,Brasileirao Serie A 2015
2015-09-02,22,Corinthians,Fluminense,2,0,Brasileirao Serie A 2015
2015-09-02,22,Coritiba,Sport,0,0,Brasileirao Serie A 2015
2015-09-02,22,Flamengo,Avai,3,0,Brasileirao Serie A 2015
2015-09-02,22,Goias,Palmeiras,1,0,Brasileirao Serie A 2015
2015-09-02,22,Internacional,Vasco,6,0,Brasileirao Serie A 2015
2015-09-02,22,Joinville,Sao Paulo,0,0,Brasileirao Serie A 2015
2015-09-02,22,Ponte Preta,Cruzeiro,1,2,Brasileirao Serie A 2015
2015-09-03,22,Figueirense,Gremio,0,2,Brasileirao Serie A 2015
2015-09-03,22,Santos,Chapecoense,3,1,Brasileirao Serie A 2015
2015-09-05,23,Athletico-PR,Joinville,0,0,Brasileirao Serie A 2015
2015-09-05,23,Sao Paulo,Internacional,2,0,Brasileirao Serie A 2015
2015-09-05,23,Vasco,Atletico-MG,1,2,Brasileirao Serie A 2015
2015-09-06,23,Avai,Coritiba,0,2,Brasileirao Serie A 2015
2015-09-06,23,Chapecoense,Ponte Preta,0,0,Brasileirao Serie A 2015
2015-09-06,23,Cruzeiro,Figueirense,5,1,Brasileirao Serie A 2015
2015-09-06,23,Fluminense,Flamengo,1,3,Brasileirao Serie A 2015
2015-09-06,23,Gremio,Goias,2,1,Brasileirao Serie A 2015
2015-09-06,23,Palmeiras,Corinthians,3,3,Brasileirao Serie A 2015
2015-09-06,23,Sport,Santos,1,1,Brasileirao Serie A 2015
2015-09-09,24,Atletico-MG,Avai,2,0,Brasileirao Serie A 2015
2015-09-09,24,Corinthians,Gremio,1,1,Brasileirao Serie A 2015
2015-09-09,24,Coritiba,Fluminense,1,1,Brasileirao Serie A 2015
2015-09-09,24,Figueirense,Athletico-PR,1,1,Brasileirao Serie A 2015
2015-09-09,24,Internacional,Palmeiras,1,0,Brasileirao Serie A 2015
2015-09-09,24,Ponte Preta,Vasco,0,1,Brasileirao Serie A 2015
2015-09-09,24,Santos,Sao Paulo,3,0,Brasileirao Serie A 2015
2015-09-10,24,Flamengo,Cruzeiro,2,0,Brasileirao Serie A 2015
2015-09-10,24,Goias,Sport,1,0,Brasileirao Serie A 2015
2015-09-10,24,Joinville,Chapecoense,0,0,Brasileirao Serie A 2015
2015-09-12,25,Coritiba,Internacional,0,1,Brasileirao Serie A 2015
2015-09-12,25,Palmeiras,Figueirense,2,0,Brasileirao Serie A 2015
2015-09-13,25,Avai,Goias,2,1,Brasileirao Serie A 2015
2015-09-13,25,Chapecoense,Flamengo,1,3,Brasileirao Serie A 2015
2015-09-13,25,Corinthians,Joinville,3,0,Brasileirao Serie A 2015
2015-09-13,25,Cruzeiro,Atletico-MG,1,1,Brasileirao Serie A 2015
2015-09-13,25,Gremio,Sao Paulo,1,2,Brasileirao Serie A 2015
2015-09-13,25,Ponte Preta,Santos,3,1,Brasileirao Serie A 2015
2015-09-13,25,Sport,Fluminense,1,0,Brasileirao Serie A 2015
2015-09-13,25,Vasco,Athletico-PR,2,0,Brasileirao Serie A 2015
2015-09-16,26,Athletico-PR,Gremio,1,2,Brasileirao Serie A 2015
2015-09-16,26,Cruzeiro,Vasco,2,2,Brasileirao Serie A 2015
2015-09-16,26,Figueirense,Avai,0,1,Brasileirao Serie A 2015
2015-09-16,26,Fluminense,Palmeiras,1,4,Brasileirao Serie A 2015
2015-09-16,26,Goias,Ponte Preta,1,2,Brasileirao Serie A 2015
2015-09-16,26,Internacional,Corinthians,2,1,Brasileirao Serie A 2015
2015-09-16,26,Joinville,Sport,1,1,Brasileirao Serie A 2015
2015-09-16,26,Santos,Atletico-MG,4,0,Brasileirao Serie A 2015
2015-09-17,26,Flamengo,Coritiba,0,2,Brasileirao Serie A 2015
2015-09-17,26,Sao Paulo,Chapecoense,0,0,Brasileirao Serie A 2015
2015-09-19,27,Internacional,Figueirense,1,1,Brasileirao Serie A 2015
2015-09-19,27,Palmeiras,Gremio,3,2,Brasileirao Serie A 2015
2015-09-19,27,Ponte Preta,Fluminense,3,1,Brasileirao Serie A 2015
2015-09-20,27,Atletico-MG,Flamengo,4,1,Brasileirao Serie A 2015
2015-09-20,27,Avai,Sao Paulo,2,1,Brasileirao Serie A 2015
2015-09-20,27,Chapecoense,Cruzeiro,0,2,Brasileirao Serie A 2015
2015-09-20,27,Corinthians,Santos,2,0,Brasileirao Serie A 2015
2015-09-20,27,Coritiba,Athletico-PR,2,0,Brasileirao Serie A 2015
2015-09-20,27,Goias,Joinville,3,0,Brasileirao Serie A 2015
2015-09-20,27,Vasco,Sport,2,1,Brasileirao Serie A 2015
2015-09-26,28,Fluminense,Goias,2,0,Brasileirao Serie A 2015
2015-09-26,28,Gremio,Avai,3,1,Brasileirao Serie A 2015
2015-09-27,28,Athletico-PR,Ponte Preta,1,2,Brasileirao Serie A 2015
2015-09-27,28,Cruzeiro,Coritiba,2,0,Brasileirao Serie A 2015
2015-09-27,28,Figueirense,Corinthians,1,3,Brasileirao Serie A 2015
2015-09-27,28,Flamengo,Vasco,1,2,Brasileirao Serie A 2015
2015-09-27,28,Joinville,Atletico-MG,2,2,Brasileirao Serie A 2015
2015-09-27,28,Santos,Internacional,3,1,Brasileirao Serie A 2015
2015-09-27,28,Sao Paulo,Palmeiras,1,1,Brasileirao Serie A 2015
2015-09-27,28,Sport,Chapecoense,3,0,Brasileirao Serie A 2015
2015-10-03,29,Coritiba,Atletico-MG,0,3,Brasileirao Serie A 2015
2015-10-03,29,Internacional,Sport,2,1,Brasileirao Serie A 2015
2015-10-03,29,Sao Paulo,Athletico-PR,1,0,Brasileirao Serie A 2015
2015-10-04,29,Avai,Vasco,1,1,Brasileirao Serie A 2015
2015-10-04,29,Chapecoense,Palmeiras,5,1,Brasileirao Serie A 2015
2015-10-04,29,Cruzeiro,Gremio,0,0,Brasileirao Serie A 2015
2015-10-04,29,Flamengo,Joinville,2,0,Brasileirao Serie A 2015
2015-10-04,29,Goias,Figueirense,2,3,Brasileirao Serie A 2015
2015-10-04,29,Ponte Preta,Corinthians,2,2,Brasileirao Serie A 2015
2015-10-04,29,Santos,Fluminense,3,1,Brasileirao Serie A 2015
2015-10-14,30,Athletico-PR,Cruzeiro,2,2,Brasileirao Serie A 2015
2015-10-14,30,Atletico-MG,Internacional,2,1,Brasileirao Serie A 2015
2015-10-14,30,Figueirense,Flamengo,3,0,Brasileirao Serie A 2015
2015-10-14,30,Fluminense,Sao Paulo,2,0,Brasileirao Serie A 2015
2015-10-14,30,Joinville,Coritiba,3,1,Brasileirao Serie A 2015
2015-10-14,30,Palmeiras,Ponte Preta,0,1,Brasileirao Serie A 2015
2015-10-14,30,Sport,Avai,3,0,Brasileirao Serie A 2015
2015-10-15,30,Corinthians,Goias,3,0,Brasileirao Serie A 2015
2015-10-15,30,Gremio,Santos,1,0,Brasileirao Serie A 2015
2015-10-15,30,Vasco,Chapecoense,1,1,Brasileirao Serie A 2015
2015-10-17,31,Avai,Palmeiras,1,3,Brasileirao Serie A 2015
2015-10-17,31,Joinville,Figueirense,1,0,Brasileirao Serie A 2015
2015-10-18,31,Athletico-PR,Corinthians,1,4,Brasileirao Serie A 2015
2015-10-18,31,Cruzeiro,Fluminense,2,0,Brasileirao Serie A 2015
2015-10-18,31,Flamengo,Internacional,0,1,Brasileirao Serie A 2015
2015-10-18,31,Gremio,Chapecoense,2,3,Brasileirao Serie A 2015
2015-10-18,31,Ponte Preta,Coritiba,3,0,Brasileirao Serie A 2015
2015-10-18,31,Santos,Goias,3,1,Brasileirao Serie A 2015
2015-10-18,31,Sao Paulo,Vasco,2,2,Brasileirao Serie A 2015
2015-10-18,31,Sport,Atletico-MG,4,1,Brasileirao Serie A 2015
2015-10-24,32,Figueirense,Santos,0,0,Brasileirao Serie A 2015
2015-10-24,32,Fluminense,Athletico-PR,0,1,Brasileirao Serie A 2015
2015-10-24,32,Internacional,Joinville,1,0,Brasileirao Serie A 2015
2015-10-24,32,Palmeiras,Sport,0,2,Brasileirao Serie A 2015
2015-10-25,32,Atletico-MG,Ponte Preta,2,1,Brasileirao Serie A 2015
2015-10-25,32,Chapecoense,Avai,0,0,Brasileirao Serie A 2015
2015-10-25,32,Corinthians,Flamengo,1,0,Brasileirao Serie A 2015
2015-10-25,32,Coritiba,Sao Paulo,1,2,Brasileirao Serie A 2015
2015-10-25,32,Goias,Cruzeiro,0,1,Brasileirao Serie A 2015
2015-10-25,32,Vasco,Gremio,0,0,Brasileirao Serie A 2015
2015-10-31,33,Avai,Cruzeiro,1,1,Brasileirao Serie A 2015
2015-10-31,33,Coritiba,Figueirense,1,1,Brasileirao Serie A 2015
2015-10-31,33,Ponte Preta,Joinville,1,0,Brasileirao Serie A 2015
2015-10-31,33,Sao Paulo,Sport,3,0,Brasileirao Serie A 2015
2015-11-01,33,Atletico-MG,Corinthians,0,3,Brasileirao Serie A 2015
2015-11-01,33,Chapecoense,Athletico-PR,0,0,Brasileirao Serie A 2015
2015-11-01,33,Goias,Internacional,2,1,Brasileirao Serie A 2015
2015-11-01,33,Gremio,Flamengo,2,0,Brasileirao Serie A 2015
2015-11-01,33,Santos,Palmeiras,2,1,Brasileirao Serie A 2015
2015-11-01,33,Vasco,Fluminense,0,1,Brasileirao Serie A 2015
2015-11-07,34,Athletico-PR,Avai,2,1,Brasileirao Serie A 2015
2015-11-07,34,Corinthians,Coritiba,2,1,Brasileirao Serie A 2015
2015-11-07,34,Fluminense,Chapecoense,2,3,Brasileirao Serie A 2015
2015-11-07,34,Internacional,Ponte Preta,1,0,Brasileirao Serie A 2015
2015-11-08,34,Cruzeiro,Sao Paulo,2,1,Brasileirao Serie A 2015
2015-11-08,34,Figueirense,Atletico-MG,0,1,Brasileirao Serie A 2015
2015-11-08,34,Flamengo,Goias,4,1,Brasileirao Serie A 2015
2015-11-08,34,Joinville,Santos,0,0,Brasileirao Serie A 2015
2015-11-08,34,Palmeiras,Vasco,0,2,Brasileirao Serie A 2015
2015-11-08,34,Sport,Gremio,1,0,Brasileirao Serie A 2015
2015-11-15,35,Cruzeiro,Sport,3,0,Brasileirao Serie A 2015
2015-11-18,35,Athletico-PR,Palmeiras,3,3,Brasileirao Serie A 2015
2015-11-18,35,Avai,Joinville,2,1,Brasileirao Serie A 2015
2015-11-18,35,Goias,Coritiba,1,3,Brasileirao Serie A 2015
2015-11-18,35,Ponte Preta,Figueirense,0,1,Brasileirao Serie A 2015
2015-11-19,35,Chapecoense,Internacional,1,0,Brasileirao Serie A 2015
2015-11-19,35,Gremio,Fluminense,1,0,Brasileirao Serie A 2015
2015-11-19,35,Santos,Flamengo,0,0,Brasileirao Serie A 2015
2015-11-19,35,Sao Paulo,Atletico-MG,4,2,Brasileirao Serie A 2015
2015-11-19,35,Vasco,Corinthians,1,1,Brasileirao Serie A 2015
2015-11-21,36,Palmeiras,Cruzeiro,1,1,Brasileirao Serie A 2015
2015-11-22,36,Atletico-MG,Goias,2,2,Brasileirao Serie A 2015
2015-11-22,36,Corinthians,Sao Paulo,6,1,Brasileirao Serie A 2015
2015-11-22,36,Coritiba,Santos,1,0,Brasileirao Serie A 2015
2015-11-22,36,Figueirense,Chapecoense,0,0,Brasileirao Serie A 2015
2015-11-22,36,Flamengo,Ponte Preta,1,1,Brasileirao Serie A 2015
2015-11-22,36,Fluminense,Avai,3,1,Brasileirao Serie A 2015
2015-11-22,36,Internacional,Gremio,1,0,Brasileirao Serie A 2015
2015-11-22,36,Joinville,Vasco,1,2,Brasileirao Serie A 2015
2015-11-22,36,Sport,Athletico-PR,0,0,Brasileirao Serie A 2015
2015-11-28,37,Avai,Ponte Preta,1,0,Brasileirao Serie A 2015
2015-11-28,37,Fluminense,Internacional,1,1,Brasileirao Serie A 2015
2015-11-28,37,Sao Paulo,Figueirense,3,2,Brasileirao Serie A 2015
2015-11-29,37,Athletico-PR,Flamengo,3,0,Brasileirao Serie A 2015
2015-11-29,37,Chapecoense,Goias,1,3,Brasileirao Serie A 2015
2015-11-29,37,Cruzeiro,Joinville,3,0,Brasileirao Serie A 2015
2015-11-29,37,Gremio,Atletico-MG,2,1,Brasileirao Serie A 2015
2015-11-29,37,Palmeiras,Coritiba,0,2,Brasileirao Serie A 2015
2015-11-29,37,Sport,Corinthians,2,0,Brasileirao Serie A 2015
2015-11-29,37,Vasco,Santos,1,0,Brasileirao Serie A 2015
2015-12-06,38,Atletico-MG,Chapecoense,3,0,Brasileirao Serie A 2015
2015-12-06,38,Corinthians,Avai,1,1,Brasileirao Serie A 2015
2015-12-06,38,Coritiba,Vasco,0,0,Brasileirao Serie A 2015
2015-12-06,38,Figueirense,Fluminense,1,0,Brasileirao Serie A 2015
2015-12-06,38,Flamengo,Palmeiras,1,2,Brasileirao Serie A 2015
2015-12-06,38,Goias,Sao Paulo,0,1,Brasileirao Serie A 2015
2015-12-06,38,Internacional,Cruzeiro,2,0,Brasileirao Serie A 2015
2015-12-06,38,Joinville,Gremio,0,2,Brasileirao Serie A 2015
2015-12-06,38,Ponte Preta,Sport,0,1,Brasileirao Serie A 2015
2015-12-06,38,Santos,Athletico-PR,5,1,Brasileirao Serie A 2015
2016-05-14,1,Atletico-MG,Santos,1,0,Brasileirao Serie A 2016
2016-05-14,1,Coritiba,Cruzeiro,1,0,Brasileirao Serie A 2016
2016-05-14,1,Flamengo,Sport,1,0,Brasileirao Serie A 2016
2016-05-14,1,Palmeiras,Athletico-PR,4,0,Brasileirao Serie A 2016
2016-05-15,1,America-MG,Fluminense,0,1,Brasileirao Serie A 2016
2016-05-15,1,Botafogo-RJ,Sao Paulo,0,1,Brasileirao Serie A 2016
2016-05-15,1,Corinthians,Gremio,0,0,Brasileirao Serie A 2016
2016-05-15,1,Figueirense,Ponte Preta,0,0,Brasileirao Serie A 2016
2016-05-15,1,Internacional,Chapecoense,0,0,Brasileirao Serie A 2016
2016-05-15,1,Santa Cruz,Vitoria,4,1,Brasileirao Serie A 2016
2016-05-21,2,Cruzeiro,Figueirense,2,2,Brasileirao Serie A 2016
2016-05-21,2,Fluminense,Santa Cruz,2,2,Brasileirao Serie A 2016
2016-05-21,2,Ponte Preta,Palmeiras,2,1,Brasileirao Serie A 2016
2016-05-22,2,Athletico-PR,Atletico-MG,1,1,Brasileirao Serie A 2016
2016-05-22,2,Chapecoense,America-MG,3,1,Brasileirao Serie A 2016
2016-05-22,2,Gremio,Flamengo,1,0,Brasileirao Serie A 2016
2016-05-22,2,Santos,Coritiba,2,1,Brasileirao Serie A 2016
2016-05-22,2,Sao Paulo,Internacional,1,2,Brasileirao Serie A 2016
2016-05-22,2,Sport,Botafogo-RJ,1,1,Brasileirao Serie A 2016
2016-05-22,2,Vitoria,Corinthians,3,2,Brasileirao Serie A 2016
2016-05-25,3,America-MG,Vitoria,1,1,Brasileirao Serie A 2016
2016-05-25,3,Botafogo-RJ,Athletico-PR,2,1,Brasileirao Serie A 2016
2016-05-25,3,Coritiba,Sao Paulo,1,1,Brasileirao Serie A 2016
2016-05-25,3,Figueirense,Santos,2,2,Brasileirao Serie A 2016
2016-05-25,3,Flamengo,Chapecoense,2,2,Brasileirao Serie A 2016
2016-05-25,3,Palmeiras,Fluminense,2,0,Brasileirao Serie A 2016
2016-05-25,3,Santa Cruz,Cruzeiro,4,1,Brasileirao Serie A 2016
2016-05-26,3,Atletico-MG,Gremio,0,3,Brasileirao Serie A 2016
2016-05-26,3,Corinthians,Ponte Preta,3,0,Brasileirao Serie A 2016
2016-05-26,3,Internacional,Sport,1,0,Brasileirao Serie A 2016
2016-05-28,4,Athletico-PR,Figueirense,2,1,Brasileirao Serie A 2016
2016-05-28,4,Chapecoense,Santa Cruz,1,1,Brasileirao Serie A 2016
2016-05-28,4,Cruzeiro,America-MG,1,1,Brasileirao Serie A 2016
2016-05-29,4,Fluminense,Botafogo-RJ,1,0,Brasileirao Serie A 2016
2016-05-29,4,Gremio,Coritiba,2,0,Brasileirao Serie A 2016
2016-05-29,4,Ponte Preta,Flamengo,1,2,Brasileirao Serie A 2016
2016-05-29,4,Santos,Internacional,0,1,Brasileirao Serie A 2016
2016-05-29,4,Sao Paulo,Palmeiras,1,0,Brasileirao Serie A 2016
2016-05-29,4,Sport,Corinthians,0,2,Brasileirao Serie A 2016
2016-05-29,4,Vitoria,Atletico-MG,1,1,Brasileirao Serie A 2016
2016-06-01,5,Atletico-MG,Fluminense,1,1,Brasileirao Serie A 2016
2016-06-01,5,Botafogo-RJ,Cruzeiro,0,1,Brasileirao Serie A 2016
2016-06-01,5,Corinthians,Santos,1,0,Brasileirao Serie A 2016
2016-06-01,5,Coritiba,Chapecoense,3,4,Brasileirao Serie A 2016
2016-06-01,5,Figueirense,Sao Paulo,1,0,Brasileirao Serie A 2016
2016-06-01,5,Internacional,Athletico-PR,1,0,Brasileirao Serie A 2016
2016-06-01,5,Santa Cruz,Sport,0,1,Brasileirao Serie A 2016
2016-06-02,5,America-MG,Ponte Preta,1,2,Brasileirao Serie A 2016
2016-06-02,5,Flamengo,Vitoria,1,0,Brasileirao Serie A 2016
2016-06-02,5,Palmeiras,Gremio,4,3,Brasileirao Serie A 2016
2016-06-04,6,Athletico-PR,Santa Cruz,1,0,Brasileirao Serie A 2016
2016-06-04,6,Chapecoense,Fluminense,0,0,Brasileirao Serie A 2016
2016-06-04,6,Corinthians,Coritiba,2,1,Brasileirao Serie A 2016
2016-06-05,6,America-MG,Figueirense,1,0,Brasileirao Serie A 2016
2016-06-05,6,Cruzeiro,Sao Paulo,0,1,Brasileirao Serie A 2016
2016-06-05,6,Flamengo,Palmeiras,1,2,Brasileirao Serie A 2016
2016-06-05,6,Gremio,Ponte Preta,1,0,Brasileirao Serie A 2016
2016-06-05,6,Santos,Botafogo-RJ,3,0,Brasileirao Serie A 2016
2016-06-05,6,Sport,Atletico-MG,4,4,Brasileirao Serie A 2016
2016-06-05,6,Vitoria,Internacional,1,0,Brasileirao Serie A 2016
2016-06-11,7,Fluminense,Gremio,1,1,Brasileirao Serie A 2016
2016-06-11,7,Internacional,America-MG,3,1,Brasileirao Serie A 2016
2016-06-11,7,Ponte Preta,Chapecoense,2,1,Brasileirao Serie A 2016
2016-06-11,7,Sao Paulo,Athletico-PR,1,2,Brasileirao Serie A 2016
2016-06-12,7,Atletico-MG,Cruzeiro,2,3,Brasileirao Serie A 2016
2016-06-12,7,Botafogo-RJ,Vitoria,1,1,Brasileirao Serie A 2016
2016-06-12,7,Coritiba,Sport,3,2,Brasileirao Serie A 2016
2016-06-12,7,Figueirense,Flamengo,1,0,Brasileirao Serie A 2016
2016-06-12,7,Palmeiras,Corinthians,1,0,Brasileirao Serie A 2016
2016-06-12,7,Santa Cruz,Santos,0,2,Brasileirao Serie A 2016
2016-06-15,8,Botafogo-RJ,America-MG,3,1,Brasileirao Serie A 2016
2016-06-15,8,Chapecoense,Gremio,3,3,Brasileirao Serie A 2016
2016-06-15,8,Coritiba,Palmeiras,2,2,Brasileirao Serie A 2016
2016-06-15,8,Cruzeiro,Flamengo,0,1,Brasileirao Serie A 2016
2016-06-15,8,Ponte Preta,Athletico-PR,3,2,Brasileirao Serie A 2016
2016-06-15,8,Santa Cruz,Figueirense,1,0,Brasileirao Serie A 2016
2016-06-15,8,Santos,Sport,2,0,Brasileirao Serie A 2016
2016-06-15,8,Sao Paulo,Vitoria,2,0,Brasileirao Serie A 2016
2016-06-16,8,Fluminense,Corinthians,1,0,Brasileirao Serie A 2016
2016-06-16,8,Internacional,Atletico-MG,2,0,Brasileirao Serie A 2016
2016-06-18,9,America-MG,Coritiba,2,1,Brasileirao Serie A 2016
2016-06-18,9,Athletico-PR,Santos,1,0,Brasileirao Serie A 2016
2016-06-18,9,Palmeiras,Santa Cruz,3,1,Brasileirao Serie A 2016
2016-06-19,9,Atletico-MG,Ponte Preta,3,0,Brasileirao Serie A 2016
2016-06-19,9,Corinthians,Botafogo-RJ,3,1,Brasileirao Serie A 2016
2016-06-19,9,Figueirense,Internacional,3,2,Brasileirao Serie A 2016
2016-06-19,9,Flamengo,Sao Paulo,2,2,Brasileirao Serie A 2016
2016-06-19,9,Gremio,Cruzeiro,2,0,Brasileirao Serie A 2016
2016-06-19,9,Sport,Fluminense,2,1,Brasileirao Serie A 2016
2016-06-19,9,Vitoria,Chapecoense,1,2,Brasileirao Serie A 2016
2016-06-21,10,Palmeiras,America-MG,2,0,Brasileirao Serie A 2016
2016-06-22,10,Atletico-MG,Corinthians,2,1,Brasileirao Serie A 2016
2016-06-22,10,Botafogo-RJ,Figueirense,0,0,Brasileirao Serie A 2016
2016-06-22,10,Fluminense,Santos,2,4,Brasileirao Serie A 2016
2016-06-22,10,Ponte Preta,Cruzeiro,0,4,Brasileirao Serie A 2016
2016-06-22,10,Santa Cruz,Flamengo,0,1,Brasileirao Serie A 2016
2016-06-23,10,Chapecoense,Athletico-PR,0,0,Brasileirao Serie A 2016
2016-06-23,10,Coritiba,Internacional,1,1,Brasileirao Serie A 2016
2016-06-23,10,Gremio,Vitoria,1,2,Brasileirao Serie A 2016
2016-06-23,10,Sao Paulo,Sport,0,0,Brasileirao Serie A 2016
2016-06-25,11,Corinthians,Santa Cruz,2,1,Brasileirao Serie A 2016
2016-06-25,11,Cruzeiro,Palmeiras,2,1,Brasileirao Serie A 2016
2016-06-26,11,America-MG,Atletico-MG,0,1,Brasileirao Serie A 2016
2016-06-26,11,Athletico-PR,Gremio,2,0,Brasileirao Serie A 2016
2016-06-26,11,Figueirense,Coritiba,0,0,Brasileirao Serie A 2016
2016-06-26,11,Flamengo,Fluminense,1,2,Brasileirao Serie A 2016
2016-06-26,11,Internacional,Botafogo-RJ,2,3,Brasileirao Serie A 2016
2016-06-26,11,Santos,Sao Paulo,3,0,Brasileirao Serie A 2016
2016-06-26,11,Sport,Chapecoense,5,1,Brasileirao Serie A 2016
2016-06-26,11,Vitoria,Ponte Preta,1,1,Brasileirao Serie A 2016
2016-06-29,12,America-MG,Corinthians,0,2,Brasileirao Serie A 2016
2016-06-29,12,Chapecoense,Cruzeiro,3,2,Brasileirao Serie A 2016
2016-06-29,12,Coritiba,Athletico-PR,1,0,Brasileirao Serie A 2016
2016-06-29,12,Flamengo,Internacional,1,0,Brasileirao Serie A 2016
2016-06-29,12,Gremio,Santos,3,2,Brasileirao Serie A 2016
2016-06-29,12,Sao Paulo,Fluminense,2,1,Brasileirao Serie A 2016
2016-06-29,12,Vitoria,Sport,3,2,Brasileirao Serie A 2016
2016-06-30,12,Atletico-MG,Botafogo-RJ,5,3,Brasileirao Serie A 2016
2016-06-30,12,Palmeiras,Figueirense,4,0,Brasileirao Serie A 2016
2016-06-30,12,Santa Cruz,Ponte Preta,0,3,Brasileirao Serie A 2016
2016-07-02,13,Athletico-PR,America-MG,1,0,Brasileirao Serie A 2016
2016-07-02,13,Fluminense,Coritiba,0,0,Brasileirao Serie A 2016
2016-07-03,13,Botafogo-RJ,Santa Cruz,2,1,Brasileirao Serie A 2016
2016-07-03,13,Corinthians,Flamengo,4,0,Brasileirao Serie A 2016
2016-07-03,13,Cruzeiro,Vitoria,2,2,Brasileirao Serie A 2016
2016-07-03,13,Figueirense,Atletico-MG,1,1,Brasileirao Serie A 2016
2016-07-03,13,Internacional,Gremio,0,1,Brasileirao Serie A 2016
2016-07-03,13,Ponte Preta,Sao Paulo,1,0,Brasileirao Serie A 2016
2016-07-03,13,Santos,Chapecoense,3,0,Brasileirao Serie A 2016
2016-07-04,13,Sport,Palmeiras,1,3,Brasileirao Serie A 2016
2016-07-09,14,Chapecoense,Corinthians,0,2,Brasileirao Serie A 2016
2016-07-09,14,Coritiba,Botafogo-RJ,0,0,Brasileirao Serie A 2016
2016-07-09,14,Ponte Preta,Sport,2,1,Brasileirao Serie A 2016
2016-07-10,14,Flamengo,Atletico-MG,2,0,Brasileirao Serie A 2016
2016-07-10,14,Gremio,Figueirense,2,1,Brasileirao Serie A 2016
2016-07-10,14,Santa Cruz,Internacional,1,0,Brasileirao Serie A 2016
2016-07-10,14,Sao Paulo,America-MG,3,0,Brasileirao Serie A 2016
2016-07-10,14,Vitoria,Fluminense,0,0,Brasileirao Serie A 2016
2016-07-11,14,Cruzeiro,Athletico-PR,0,3,Brasileirao Serie A 2016
2016-07-12,14,Palmeiras,Santos,1,1,Brasileirao Serie A 2016
2016-07-16,15,Botafogo-RJ,Flamengo,3,3,Brasileirao Serie A 2016
2016-07-16,15,Santos,Ponte Preta,3,1,Brasileirao Serie A 2016
2016-07-17,15,America-MG,Santa Cruz,0,3,Brasileirao Serie A 2016
2016-07-17,15,Athletico-PR,Vitoria,1,1,Brasileirao Serie A 2016
2016-07-17,15,Corinthians,Sao Paulo,1,1,Brasileirao Serie A 2016
2016-07-17,15,Figueirense,Chapecoense,1,1,Brasileirao Serie A 2016
2016-07-17,15,Fluminense,Cruzeiro,2,0,Brasileirao Serie A 2016
2016-07-17,15,Internacional,Palmeiras,0,1,Brasileirao Serie A 2016
2016-07-17,15,Sport,Gremio,4,2,Brasileirao Serie A 2016
2016-07-18,15,Atletico-MG,Coritiba,2,1,Brasileirao Serie A 2016
2016-07-23,16,Corinthians,Figueirense,1,1,Brasileirao Serie A 2016
2016-07-23,16,Santa Cruz,Coritiba,0,1,Brasileirao Serie A 2016
2016-07-24,16,Athletico-PR,Fluminense,1,0,Brasileirao Serie A 2016
2016-07-24,16,Chapecoense,Botafogo-RJ,2,1,Brasileirao Serie A 2016
2016-07-24,16,Cruzeiro,Sport,1,2,Brasileirao Serie A 2016
2016-07-24,16,Gremio,Sao Paulo,1,0,Brasileirao Serie A 2016
2016-07-24,16,Palmeiras,Atletico-MG,0,1,Brasileirao Serie A 2016
2016-07-24,16,Ponte Preta,Internacional,2,2,Brasileirao Serie A 2016
2016-07-24,16,Vitoria,Santos,2,3,Brasileirao Serie A 2016
2016-07-25,16,Flamengo,America-MG,2,1,Brasileirao Serie A 2016
2016-07-30,17,Atletico-MG,Santa Cruz,3,0,Brasileirao Serie A 2016
2016-07-30,17,Figueirense,Vitoria,1,0,Brasileirao Serie A 2016
2016-07-30,17,Sport,Athletico-PR,2,0,Brasileirao Serie A 2016
2016-07-31,17,America-MG,Gremio,0,0,Brasileirao Serie A 2016
2016-07-31,17,Botafogo-RJ,Palmeiras,3,1,Brasileirao Serie A 2016
2016-07-31,17,Coritiba,Flamengo,0,2,Brasileirao Serie A 2016
2016-07-31,17,Fluminense,Ponte Preta,3,0,Brasileirao Serie A 2016
2016-07-31,17,Internacional,Corinthians,0,1,Brasileirao Serie A 2016
2016-07-31,17,Santos,Cruzeiro,2,0,Brasileirao Serie A 2016
2016-07-31,17,Sao Paulo,Chapecoense,2,2,Brasileirao Serie A 2016
2016-08-03,18,Athletico-PR,Corinthians,2,0,Brasileirao Serie A 2016
2016-08-03,18,Santos,Flamengo,0,0,Brasileirao Serie A 2016
2016-08-03,18,Sport,America-MG,1,1,Brasileirao Serie A 2016
2016-08-03,18,Vitoria,Coritiba,3,1,Brasileirao Serie A 2016
2016-08-04,18,Chapecoense,Palmeiras,1,1,Brasileirao Serie A 2016
2016-08-04,18,Cruzeiro,Internacional,4,2,Brasileirao Serie A 2016
2016-08-04,18,Gremio,Santa Cruz,0,0,Brasileirao Serie A 2016
2016-08-04,18,Ponte Preta,Botafogo-RJ,2,0,Brasileirao Serie A 2016
2016-08-04,18,Sao Paulo,Atletico-MG,1,2,Brasileirao Serie A 2016
2016-08-06,19,Flamengo,Athletico-PR,1,0,Brasileirao Serie A 2016
2016-08-07,19,America-MG,Santos,1,0,Brasileirao Serie A 2016
2016-08-07,19,Coritiba,Ponte Preta,3,1,Brasileirao Serie A 2016
2016-08-07,19,Figueirense,Sport,1,1,Brasileirao Serie A 2016
2016-08-07,19,Internacional,Fluminense,2,2,Brasileirao Serie A 2016
2016-08-07,19,Palmeiras,Vitoria,2,1,Brasileirao Serie A 2016
2016-08-07,19,Santa Cruz,Sao Paulo,1,2,Brasileirao Serie A 2016
2016-08-08,19,Atletico-MG,Chapecoense,3,1,Brasileirao Serie A 2016
2016-08-08,19,Corinthians,Cruzeiro,1,1,Brasileirao Serie A 2016
2016-08-13,20,Ponte Preta,Figueirense,2,0,Brasileirao Serie A 2016
2016-08-13,20,Sport,Flamengo,1,0,Brasileirao Serie A 2016
2016-08-14,20,Athletico-PR,Palmeiras,0,1,Brasileirao Serie A 2016
2016-08-14,20,Cruzeiro,Coritiba,2,2,Brasileirao Serie A 2016
2016-08-14,20,Fluminense,America-MG,1,0,Brasileirao Serie A 2016
2016-08-14,20,Gremio,Corinthians,3,0,Brasileirao Serie A 2016
2016-08-14,20,Santos,Atletico-MG,3,0,Brasileirao Serie A 2016
2016-08-14,20,Sao Paulo,Botafogo-RJ,0,1,Brasileirao Serie A 2016
2016-08-14,20,Vitoria,Santa Cruz,2,2,Brasileirao Serie A 2016
2016-08-15,20,Chapecoense,Internacional,1,0,Brasileirao Serie A 2016
2016-08-19,21,America-MG,Chapecoense,1,2,Brasileirao Serie A 2016
2016-08-20,21,Botafogo-RJ,Sport,3,0,Brasileirao Serie A 2016
2016-08-21,21,Atletico-MG,Athletico-PR,1,0,Brasileirao Serie A 2016
2016-08-21,21,Coritiba,Santos,2,1,Brasileirao Serie A 2016
2016-08-21,21,Figueirense,Cruzeiro,1,2,Brasileirao Serie A 2016
2016-08-21,21,Flamengo,Gremio,2,1,Brasileirao Serie A 2016
2016-08-21,21,Internacional,Sao Paulo,1,1,Brasileirao Serie A 2016
2016-08-21,21,Palmeiras,Ponte Preta,2,2,Brasileirao Serie A 2016
2016-08-21,21,Santa Cruz,Fluminense,0,1,Brasileirao Serie A 2016
2016-08-22,21,Corinthians,Vitoria,2,1,Brasileirao Serie A 2016
2016-08-27,22,Ponte Preta,Corinthians,2,0,Brasileirao Serie A 2016
2016-08-28,22,Chapecoense,Flamengo,1,3,Brasileirao Serie A 2016
2016-08-28,22,Cruzeiro,Santa Cruz,2,0,Brasileirao Serie A 2016
2016-08-28,22,Fluminense,Palmeiras,0,2,Brasileirao Serie A 2016
2016-08-28,22,Gremio,Atletico-MG,1,1,Brasileirao Serie A 2016
2016-08-28,22,Santos,Figueirense,0,1,Brasileirao Serie A 2016
2016-08-28,22,Sao Paulo,Coritiba,0,0,Brasileirao Serie A 2016
2016-08-28,22,Sport,Internacional,1,1,Brasileirao Serie A 2016
2016-08-28,22,Vitoria,America-MG,2,1,Brasileirao Serie A 2016
2016-08-29,22,Athletico-PR,Botafogo-RJ,1,0,Brasileirao Serie A 2016
2016-09-03,18,Fluminense,Figueirense,3,2,Brasileirao Serie A 2016
2016-09-04,19,Botafogo-RJ,Gremio,2,1,Brasileirao Serie A 2016
2016-09-07,23,Atletico-MG,Vitoria,2,1,Brasileirao Serie A 2016
2016-09-07,23,Botafogo-RJ,Fluminense,1,0,Brasileirao Serie A 2016
2016-09-07,23,Coritiba,Gremio,4,0,Brasileirao Serie A 2016
2016-09-07,23,Figueirense,Athletico-PR,1,0,Brasileirao Serie A 2016
2016-09-07,23,Flamengo,Ponte Preta,2,1,Brasileirao Serie A 2016
2016-09-07,23,Palmeiras,Sao Paulo,2,1,Brasileirao Serie A 2016
2016-09-07,23,Santa Cruz,Chapecoense,2,2,Brasileirao Serie A 2016
2016-09-08,23,America-MG,Cruzeiro,0,2,Brasileirao Serie A 2016
2016-09-08,23,Corinthians,Sport,3,0,Brasileirao Serie A 2016
2016-09-08,23,Internacional,Santos,2,1,Brasileirao Serie A 2016
2016-09-10,24,Vitoria,Flamengo,1,2,Brasileirao Serie A 2016
2016-09-11,24,Athletico-PR,Internacional,2,1,Brasileirao Serie A 2016
2016-09-11,24,Chapecoense,Coritiba,1,0,Brasileirao Serie A 2016
2016-09-11,24,Cruzeiro,Botafogo-RJ,0,2,Brasileirao Serie A 2016
2016-09-11,24,Gremio,Palmeiras,0,0,Brasileirao Serie A 2016
2016-09-11,24,Ponte Preta,America-MG,1,1,Brasileirao Serie A 2016
2016-09-11,24,Santos,Corinthians,2,1,Brasileirao Serie A 2016
2016-09-11,24,Sao Paulo,Figueirense,3,1,Brasileirao Serie A 2016
2016-09-11,24,Sport,Santa Cruz,5,3,Brasileirao Serie A 2016
2016-09-12,24,Fluminense,Atletico-MG,4,2,Brasileirao Serie A 2016
2016-09-14,25,Botafogo-RJ,Santos,0,1,Brasileirao Serie A 2016
2016-09-14,25,Coritiba,Corinthians,1,1,Brasileirao Serie A 2016
2016-09-14,25,Figueirense,America-MG,2,2,Brasileirao Serie A 2016
2016-09-14,25,Palmeiras,Flamengo,1,1,Brasileirao Serie A 2016
2016-09-14,25,Ponte Preta,Gremio,3,0,Brasileirao Serie A 2016
2016-09-14,25,Santa Cruz,Athletico-PR,1,0,Brasileirao Serie A 2016
2016-09-15,25,Atletico-MG,Sport,1,0,Brasileirao Serie A 2016
2016-09-15,25,Fluminense,Chapecoense,1,2,Brasileirao Serie A 2016
2016-09-15,25,Internacional,Vitoria,0,1,Brasileirao Serie A 2016
2016-09-15,25,Sao Paulo,Cruzeiro,1,0,Brasileirao Serie A 2016
2016-09-17,26,Corinthians,Palmeiras,0,2,Brasileirao Serie A 2016
2016-09-18,26,Athletico-PR,Sao Paulo,1,0,Brasileirao Serie A 2016
2016-09-18,26,Chapecoense,Ponte Preta,2,2,Brasileirao Serie A 2016
2016-09-18,26,Cruzeiro,Atletico-MG,1,1,Brasileirao Serie A 2016
2016-09-18,26,Flamengo,Figueirense,2,0,Brasileirao Serie A 2016
2016-09-18,26,Gremio,Fluminense,0,1,Brasileirao Serie A 2016
2016-09-18,26,Santos,Santa Cruz,3,2,Brasileirao Serie A 2016
2016-09-18,26,Sport,Coritiba,0,1,Brasileirao Serie A 2016
2016-09-18,26,Vitoria,Botafogo-RJ,0,1,Brasileirao Serie A 2016
2016-09-19,26,America-MG,Internacional,1,0,Brasileirao Serie A 2016
2016-09-24,27,America-MG,Botafogo-RJ,1,0,Brasileirao Serie A 2016
2016-09-24,27,Palmeiras,Coritiba,2,1,Brasileirao Serie A 2016
2016-09-24,27,Sport,Santos,1,0,Brasileirao Serie A 2016
2016-09-25,27,Athletico-PR,Ponte Preta,3,0,Brasileirao Serie A 2016
2016-09-25,27,Atletico-MG,Internacional,3,1,Brasileirao Serie A 2016
2016-09-25,27,Corinthians,Fluminense,0,1,Brasileirao Serie A 2016
2016-09-25,27,Figueirense,Santa Cruz,3,1,Brasileirao Serie A 2016
2016-09-25,27,Flamengo,Cruzeiro,2,1,Brasileirao Serie A 2016
2016-09-25,27,Gremio,Chapecoense,1,0,Brasileirao Serie A 2016
2016-09-25,27,Vitoria,Sao Paulo,2,0,Brasileirao Serie A 2016
2016-10-01,28,Botafogo-RJ,Corinthians,2,0,Brasileirao Serie A 2016
2016-10-01,28,Chapecoense,Vitoria,1,4,Brasileirao Serie A 2016
2016-10-01,28,Cruzeiro,Gremio,1,0,Brasileirao Serie A 2016
2016-10-01,28,Fluminense,Sport,3,1,Brasileirao Serie A 2016
2016-10-01,28,Internacional,Figueirense,1,0,Brasileirao Serie A 2016
2016-10-01,28,Ponte Preta,Atletico-MG,1,2,Brasileirao Serie A 2016
2016-10-01,28,Santos,Athletico-PR,2,0,Brasileirao Serie A 2016
2016-10-01,28,Sao Paulo,Flamengo,0,0,Brasileirao Serie A 2016
2016-10-03,28,Coritiba,America-MG,3,0,Brasileirao Serie A 2016
2016-10-03,28,Santa Cruz,Palmeiras,2,3,Brasileirao Serie A 2016
2016-10-05,29,Athletico-PR,Chapecoense,3,1,Brasileirao Serie A 2016
2016-10-05,29,Corinthians,Atletico-MG,0,0,Brasileirao Serie A 2016
2016-10-05,29,Santos,Fluminense,2,1,Brasileirao Serie A 2016
2016-10-05,29,Sport,Sao Paulo,1,1,Brasileirao Serie A 2016
2016-10-05,29,Vitoria,Gremio,0,1,Brasileirao Serie A 2016
2016-10-06,29,Internacional,Coritiba,1,0,Brasileirao Serie A 2016
2016-10-08,29,Cruzeiro,Ponte Preta,2,0,Brasileirao Serie A 2016
2016-10-09,29,America-MG,Palmeiras,0,2,Brasileirao Serie A 2016
2016-10-09,29,Figueirense,Botafogo-RJ,0,1,Brasileirao Serie A 2016
2016-10-09,29,Flamengo,Santa Cruz,3,0,Brasileirao Serie A 2016
2016-10-12,30,Botafogo-RJ,Internacional,1,0,Brasileirao Serie A 2016
2016-10-12,30,Chapecoense,Sport,3,0,Brasileirao Serie A 2016
2016-10-12,30,Coritiba,Figueirense,0,0,Brasileirao Serie A 2016
2016-10-12,30,Santa Cruz,Corinthians,2,4,Brasileirao Serie A 2016
2016-10-13,30,Atletico-MG,America-MG,3,0,Brasileirao Serie A 2016
2016-10-13,30,Fluminense,Flamengo,1,2,Brasileirao Serie A 2016
2016-10-13,30,Gremio,Athletico-PR,1,0,Brasileirao Serie A 2016
2016-10-13,30,Palmeiras,Cruzeiro,0,0,Brasileirao Serie A 2016
2016-10-13,30,Ponte Preta,Vitoria,2,0,Brasileirao Serie A 2016
2016-10-13,30,Sao Paulo,Santos,0,1,Brasileirao Serie A 2016
2016-10-16,31,Athletico-PR,Coritiba,2,0,Brasileirao Serie A 2016
2016-10-16,31,Botafogo-RJ,Atletico-MG,3,2,Brasileirao Serie A 2016
2016-10-16,31,Corinthians,America-MG,2,0,Brasileirao Serie A 2016
2016-10-16,31,Cruzeiro,Chapecoense,0,0,Brasileirao Serie A 2016
2016-10-16,31,Figueirense,Palmeiras,1,2,Brasileirao Serie A 2016
2016-10-16,31,Internacional,Flamengo,2,1,Brasileirao Serie A 2016
2016-10-16,31,Ponte Preta,Santa Cruz,3,0,Brasileirao Serie A 2016
2016-10-16,31,Santos,Gremio,1,1,Brasileirao Serie A 2016
2016-10-16,31,Sport,Vitoria,1,0,Brasileirao Serie A 2016
2016-10-17,31,Fluminense,Sao Paulo,1,2,Brasileirao Serie A 2016
2016-10-19,32,Santa Cruz,Botafogo-RJ,0,1,Brasileirao Serie A 2016
2016-10-22,32,Sao Paulo,Ponte Preta,2,0,Brasileirao Serie A 2016
2016-10-23,32,Atletico-MG,Figueirense,3,0,Brasileirao Serie A 2016
2016-10-23,32,Chapecoense,Santos,0,1,Brasileirao Serie A 2016
2016-10-23,32,Coritiba,Fluminense,1,1,Brasileirao Serie A 2016
2016-10-23,32,Flamengo,Corinthians,2,2,Brasileirao Serie A 2016
2016-10-23,32,Gremio,Internacional,0,0,Brasileirao Serie A 2016
2016-10-23,32,Palmeiras,Sport,2,1,Brasileirao Serie A 2016
2016-10-23,32,Vitoria,Cruzeiro,0,1,Brasileirao Serie A 2016
2016-10-24,32,America-MG,Athletico-PR,1,0,Brasileirao Serie A 2016
2016-10-27,33,Sport,Ponte Preta,1,0,Brasileirao Serie A 2016
2016-10-28,33,Fluminense,Vitoria,2,2,Brasileirao Serie A 2016
2016-10-29,33,Athletico-PR,Cruzeiro,1,0,Brasileirao Serie A 2016
2016-10-29,33,Atletico-MG,Flamengo,2,2,Brasileirao Serie A 2016
2016-10-29,33,Botafogo-RJ,Coritiba,0,0,Brasileirao Serie A 2016
2016-10-29,33,Corinthians,Chapecoense,1,1,Brasileirao Serie A 2016
2016-10-29,33,Figueirense,Gremio,0,0,Brasileirao Serie A 2016
2016-10-29,33,Internacional,Santa Cruz,1,1,Brasileirao Serie A 2016
2016-10-29,33,Santos,Palmeiras,1,0,Brasileirao Serie A 2016
2016-10-31,33,America-MG,Sao Paulo,1,0,Brasileirao Serie A 2016
2016-11-05,34,Flamengo,Botafogo-RJ,0,0,Brasileirao Serie A 2016
2016-11-05,34,Sao Paulo,Corinthians,4,0,Brasileirao Serie A 2016
2016-11-06,34,Chapecoense,Figueirense,1,0,Brasileirao Serie A 2016
2016-11-06,34,Coritiba,Atletico-MG,2,0,Brasileirao Serie A 2016
2016-11-06,34,Cruzeiro,Fluminense,4,2,Brasileirao Serie A 2016
2016-11-06,34,Palmeiras,Internacional,1,0,Brasileirao Serie A 2016
2016-11-06,34,Ponte Preta,Santos,1,2,Brasileirao Serie A 2016
2016-11-06,34,Santa Cruz,America-MG,1,0,Brasileirao Serie A 2016
2016-11-06,34,Vitoria,Athletico-PR,3,2,Brasileirao Serie A 2016
2016-11-07,34,Gremio,Sport,0,3,Brasileirao Serie A 2016
2016-11-15,35,Fluminense,Athletico-PR,1,1,Brasileirao Serie A 2016
2016-11-16,35,America-MG,Flamengo,0,1,Brasileirao Serie A 2016
2016-11-16,35,Botafogo-RJ,Chapecoense,0,2,Brasileirao Serie A 2016
2016-11-16,35,Coritiba,Santa Cruz,1,0,Brasileirao Serie A 2016
2016-11-16,35,Figueirense,Corinthians,1,1,Brasileirao Serie A 2016
2016-11-16,35,Sport,Cruzeiro,0,1,Brasileirao Serie A 2016
2016-11-17,35,Atletico-MG,Palmeiras,1,1,Brasileirao Serie A 2016
2016-11-17,35,Internacional,Ponte Preta,1,1,Brasileirao Serie A 2016
2016-11-17,35,Santos,Vitoria,3,2,Brasileirao Serie A 2016
2016-11-17,35,Sao Paulo,Gremio,1,1,Brasileirao Serie A 2016
2016-11-20,36,Athletico-PR,Sport,2,0,Brasileirao Serie A 2016
2016-11-20,36,Chapecoense,Sao Paulo,2,0,Brasileirao Serie A 2016
2016-11-20,36,Cruzeiro,Santos,2,2,Brasileirao Serie A 2016
2016-11-20,36,Flamengo,Coritiba,2,2,Brasileirao Serie A 2016
2016-11-20,36,Gremio,America-MG,3,0,Brasileirao Serie A 2016
2016-11-20,36,Palmeiras,Botafogo-RJ,1,0,Brasileirao Serie A 2016
2016-11-20,36,Ponte Preta,Fluminense,1,0,Brasileirao Serie A 2016
2016-11-20,36,Santa Cruz,Atletico-MG,3,3,Brasileirao Serie A 2016
2016-11-20,36,Vitoria,Figueirense,4,0,Brasileirao Serie A 2016
2016-11-21,36,Corinthians,Internacional,1,0,Brasileirao Serie A 2016
2016-11-26,37,America-MG,Sport,2,2,Brasileirao Serie A 2016
2016-11-26,37,Botafogo-RJ,Ponte Preta,1,1,Brasileirao Serie A 2016
2016-11-26,37,Corinthians,Athletico-PR,0,0,Brasileirao Serie A 2016
2016-11-27,37,Atletico-MG,Sao Paulo,1,2,Brasileirao Serie A 2016
2016-11-27,37,Figueirense,Fluminense,1,0,Brasileirao Serie A 2016
2016-11-27,37,Flamengo,Santos,2,0,Brasileirao Serie A 2016
2016-11-27,37,Internacional,Cruzeiro,1,0,Brasileirao Serie A 2016
2016-11-27,37,Palmeiras,Chapecoense,1,0,Brasileirao Serie A 2016
2016-11-27,37,Santa Cruz,Gremio,5,1,Brasileirao Serie A 2016
2016-11-28,37,Coritiba,Vitoria,0,1,Brasileirao Serie A 2016
2016-12-11,38,Athletico-PR,Flamengo,0,0,Brasileirao Serie A 2016
2016-12-11,38,Cruzeiro,Corinthians,3,2,Brasileirao Serie A 2016
2016-12-11,38,Fluminense,Internacional,1,1,Brasileirao Serie A 2016
2016-12-11,38,Gremio,Botafogo-RJ,0,1,Brasileirao Serie A 2016
2016-12-11,38,Ponte Preta,Coritiba,2,0,Brasileirao Serie A 2016
2016-12-11,38,Santos,America-MG,1,0,Brasileirao Serie A 2016
2016-12-11,38,Sao Paulo,Santa Cruz,5,0,Brasileirao Serie A 2016
2016-12-11,38,Sport,Figueirense,2,0,Brasileirao Serie A 2016
2016-12-11,38,Vitoria,Palmeiras,1,2,Brasileirao Serie A 2016
2017-05-13,1,Corinthians,Chapecoense,1,1,Brasileirao Serie A 2017
2017-05-13,1,Flamengo,Atletico-MG,1,1,Brasileirao Serie A 2017
2017-05-14,1,Avai,Vitoria,0,0,Brasileirao Serie A 2017
2017-05-14,1,Bahia,Athletico-PR,6,2,Brasileirao Serie A 2017
2017-05-14,1,Cruzeiro,Sao Paulo,1,0,Brasileirao Serie A 2017
2017-05-14,1,Fluminense,Santos,3,2,Brasileirao Serie A 2017
2017-05-14,1,Gremio,Botafogo-RJ,2,0,Brasileirao Serie A 2017
2017-05-14,1,Palmeiras,Vasco,4,0,Brasileirao Serie A 2017
2017-05-14,1,Ponte Preta,Sport,4,0,Brasileirao Serie A 2017
2017-05-15,1,Coritiba,Atletico-GO,4,1,Brasileirao Serie A 2017
2017-05-20,2,Atletico-GO,Flamengo,0,3,Brasileirao Serie A 2017
2017-05-20,2,Chapecoense,Palmeiras,1,0,Brasileirao Serie A 2017
2017-05-20,2,Santos,Coritiba,1,0,Brasileirao Serie A 2017
2017-05-21,2,Athletico-PR,Gremio,0,2,Brasileirao Serie A 2017
2017-05-21,2,Atletico-MG,Fluminense,1,2,Brasileirao Serie A 2017
2017-05-21,2,Botafogo-RJ,Ponte Preta,2,0,Brasileirao Serie A 2017
2017-05-21,2,Sport,Cruzeiro,1,1,Brasileirao Serie A 2017
2017-05-21,2,Vasco,Bahia,2,1,Brasileirao Serie A 2017
2017-05-21,2,Vitoria,Corinthians,0,1,Brasileirao Serie A 2017
2017-05-22,2,Sao Paulo,Avai,2,0,Brasileirao Serie A 2017
2017-05-27,3,Sao Paulo,Palmeiras,2,0,Brasileirao Serie A 2017
2017-05-27,3,Vasco,Fluminense,3,2,Brasileirao Serie A 2017
2017-05-27,3,Vitoria,Coritiba,0,1,Brasileirao Serie A 2017
2017-05-28,3,Athletico-PR,Flamengo,1,1,Brasileirao Serie A 2017
2017-05-28,3,Atletico-GO,Corinthians,0,1,Brasileirao Serie A 2017
2017-05-28,3,Atletico-MG,Ponte Preta,2,2,Brasileirao Serie A 2017
2017-05-28,3,Botafogo-RJ,Bahia,1,0,Brasileirao Serie A 2017
2017-05-28,3,Santos,Cruzeiro,0,1,Brasileirao Serie A 2017
2017-05-28,3,Sport,Gremio,4,3,Brasileirao Serie A 2017
2017-05-29,3,Chapecoense,Avai,2,0,Brasileirao Serie A 2017
2017-06-03,4,Corinthians,Santos,2,0,Brasileirao Serie A 2017
2017-06-03,4,Coritiba,Athletico-PR,1,0,Brasileirao Serie A 2017
2017-06-03,4,Fluminense,Vitoria,2,1,Brasileirao Serie A 2017
2017-06-04,4,Avai,Sport,1,0,Brasileirao Serie A 2017
2017-06-04,4,Cruzeiro,Chapecoense,0,2,Brasileirao Serie A 2017
2017-06-04,4,Flamengo,Botafogo-RJ,0,0,Brasileirao Serie A 2017
2017-06-04,4,Gremio,Vasco,2,0,Brasileirao Serie A 2017
2017-06-04,4,Palmeiras,Atletico-MG,0,0,Brasileirao Serie A 2017
2017-06-04,4,Ponte Preta,Sao Paulo,1,0,Brasileirao Serie A 2017
2017-06-05,4,Bahia,Atletico-GO,3,0,Brasileirao Serie A 2017
2017-06-06,5,Fluminense,Athletico-PR,1,1,Brasileirao Serie A 2017
2017-06-07,5,Atletico-MG,Avai,1,0,Brasileirao Serie A 2017
2017-06-07,5,Coritiba,Palmeiras,1,0,Brasileirao Serie A 2017
2017-06-07,5,Santos,Botafogo-RJ,1,0,Brasileirao Serie A 2017
2017-06-07,5,Sport,Flamengo,2,0,Brasileirao Serie A 2017
2017-06-07,5,Vasco,Corinthians,2,5,Brasileirao Serie A 2017
2017-06-08,5,Atletico-GO,Ponte Preta,3,0,Brasileirao Serie A 2017
2017-06-08,5,Bahia,Cruzeiro,1,0,Brasileirao Serie A 2017
2017-06-08,5,Chapecoense,Gremio,3,6,Brasileirao Serie A 2017
2017-06-08,5,Sao Paulo,Vitoria,2,0,Brasileirao Serie A 2017
2017-06-10,6,Palmeiras,Fluminense,3,1,Brasileirao Serie A 2017
2017-06-10,6,Vasco,Sport,2,1,Brasileirao Serie A 2017
2017-06-11,6,Athletico-PR,Santos,0,2,Brasileirao Serie A 2017
2017-06-11,6,Avai,Flamengo,1,1,Brasileirao Serie A 2017
2017-06-11,6,Botafogo-RJ,Coritiba,2,2,Brasileirao Serie A 2017
2017-06-11,6,Corinthians,Sao Paulo,3,2,Brasileirao Serie A 2017
2017-06-11,6,Cruzeiro,Atletico-GO,2,0,Brasileirao Serie A 2017
2017-06-11,6,Ponte Preta,Chapecoense,3,2,Brasileirao Serie A 2017
2017-06-11,6,Vitoria,Atletico-MG,2,0,Brasileirao Serie A 2017
2017-06-12,6,Gremio,Bahia,1,0,Brasileirao Serie A 2017
2017-06-14,7,Atletico-GO,Avai,3,1,Brasileirao Serie A 2017
2017-06-14,7,Atletico-MG,Athletico-PR,0,1,Brasileirao Serie A 2017
2017-06-14,7,Chapecoense,Vasco,2,1,Brasileirao Serie A 2017
2017-06-14,7,Corinthians,Cruzeiro,1,0,Brasileirao Serie A 2017
2017-06-14,7,Flamengo,Ponte Preta,2,0,Brasileirao Serie A 2017
2017-06-14,7,Santos,Palmeiras,1,0,Brasileirao Serie A 2017
2017-06-14,7,Sport,Sao Paulo,0,0,Brasileirao Serie A 2017
2017-06-14,7,Vitoria,Botafogo-RJ,2,2,Brasileirao Serie A 2017
2017-06-15,7,Coritiba,Bahia,0,0,Brasileirao Serie A 2017
2017-06-15,7,Fluminense,Gremio,0,2,Brasileirao Serie A 2017
2017-06-17,8,Atletico-GO,Athletico-PR,0,1,Brasileirao Serie A 2017
2017-06-17,8,Santos,Ponte Preta,0,0,Brasileirao Serie A 2017
2017-06-17,8,Vasco,Avai,1,0,Brasileirao Serie A 2017
2017-06-18,8,Bahia,Palmeiras,2,4,Brasileirao Serie A 2017
2017-06-18,8,Chapecoense,Botafogo-RJ,0,2,Brasileirao Serie A 2017
2017-06-18,8,Coritiba,Corinthians,0,0,Brasileirao Serie A 2017
2017-06-18,8,Fluminense,Flamengo,2,2,Brasileirao Serie A 2017
2017-06-18,8,Sao Paulo,Atletico-MG,1,2,Brasileirao Serie A 2017
2017-06-18,8,Sport,Vitoria,1,3,Brasileirao Serie A 2017
2017-06-19,8,Cruzeiro,Gremio,3,3,Brasileirao Serie A 2017
2017-06-21,9,Athletico-PR,Sao Paulo,1,0,Brasileirao Serie A 2017
2017-06-21,9,Atletico-MG,Sport,2,2,Brasileirao Serie A 2017
2017-06-21,9,Avai,Fluminense,0,3,Brasileirao Serie A 2017
2017-06-21,9,Botafogo-RJ,Vasco,3,1,Brasileirao Serie A 2017
2017-06-21,9,Palmeiras,Atletico-GO,1,0,Brasileirao Serie A 2017
2017-06-21,9,Vitoria,Santos,0,2,Brasileirao Serie A 2017
2017-06-22,9,Corinthians,Bahia,3,0,Brasileirao Serie A 2017
2017-06-22,9,Flamengo,Chapecoense,5,1,Brasileirao Serie A 2017
2017-06-22,9,Gremio,Coritiba,2,0,Brasileirao Serie A 2017
2017-06-22,9,Ponte Preta,Cruzeiro,1,0,Brasileirao Serie A 2017
2017-06-24,10,Santos,Sport,0,1,Brasileirao Serie A 2017
2017-06-25,10,Athletico-PR,Vitoria,4,1,Brasileirao Serie A 2017
2017-06-25,10,Bahia,Flamengo,0,1,Brasileirao Serie A 2017
2017-06-25,10,Chapecoense,Atletico-MG,0,1,Brasileirao Serie A 2017
2017-06-25,10,Cruzeiro,Coritiba,2,0,Brasileirao Serie A 2017
2017-06-25,10,Gremio,Corinthians,0,1,Brasileirao Serie A 2017
2017-06-25,10,Ponte Preta,Palmeiras,1,2,Brasileirao Serie A 2017
2017-06-25,10,Sao Paulo,Fluminense,1,1,Brasileirao Serie A 2017
2017-06-25,10,Vasco,Atletico-GO,1,0,Brasileirao Serie A 2017
2017-06-26,10,Botafogo-RJ,Avai,0,2,Brasileirao Serie A 2017
2017-07-01,11,Atletico-GO,Santos,1,1,Brasileirao Serie A 2017
2017-07-01,11,Palmeiras,Gremio,1,0,Brasileirao Serie A 2017
2017-07-02,11,Atletico-MG,Cruzeiro,3,1,Brasileirao Serie A 2017
2017-07-02,11,Avai,Ponte Preta,0,0,Brasileirao Serie A 2017
2017-07-02,11,Corinthians,Botafogo-RJ,1,0,Brasileirao Serie A 2017
2017-07-02,11,Coritiba,Vasco,2,2,Brasileirao Serie A 2017
2017-07-02,11,Flamengo,Sao Paulo,2,0,Brasileirao Serie A 2017
2017-07-02,11,Sport,Athletico-PR,1,0,Brasileirao Serie A 2017
2017-07-02,11,Vitoria,Bahia,0,0,Brasileirao Serie A 2017
2017-07-03,11,Fluminense,Chapecoense,3,3,Brasileirao Serie A 2017
2017-07-08,12,Atletico-GO,Vitoria,1,2,Brasileirao Serie A 2017
2017-07-08,12,Corinthians,Ponte Preta,2,0,Brasileirao Serie A 2017
2017-07-08,12,Vasco,Flamengo,0,1,Brasileirao Serie A 2017
2017-07-09,12,Bahia,Fluminense,1,1,Brasileirao Serie A 2017
2017-07-09,12,Botafogo-RJ,Atletico-MG,1,1,Brasileirao Serie A 2017
2017-07-09,12,Chapecoense,Athletico-PR,1,1,Brasileirao Serie A 2017
2017-07-09,12,Cruzeiro,Palmeiras,3,1,Brasileirao Serie A 2017
2017-07-09,12,Gremio,Avai,0,2,Brasileirao Serie A 2017
2017-07-09,12,Santos,Sao Paulo,3,2,Brasileirao Serie A 2017
2017-07-10,12,Coritiba,Sport,0,3,Brasileirao Serie A 2017
2017-07-12,13,Athletico-PR,Cruzeiro,0,2,Brasileirao Serie A 2017
2017-07-12,13,Atletico-MG,Santos,0,1,Brasileirao Serie A 2017
2017-07-12,13,Fluminense,Botafogo-RJ,0,1,Brasileirao Serie A 2017
2017-07-12,13,Palmeiras,Corinthians,0,2,Brasileirao Serie A 2017
2017-07-12,13,Ponte Preta,Bahia,0,3,Brasileirao Serie A 2017
2017-07-12,13,Vitoria,Vasco,1,4,Brasileirao Serie A 2017
2017-07-13,13,Avai,Coritiba,1,4,Brasileirao Serie A 2017
2017-07-13,13,Flamengo,Gremio,0,1,Brasileirao Serie A 2017
2017-07-13,13,Sao Paulo,Atletico-GO,2,2,Brasileirao Serie A 2017
2017-07-13,13,Sport,Chapecoense,3,0,Brasileirao Serie A 2017
2017-07-15,14,Corinthians,Athletico-PR,2,2,Brasileirao Serie A 2017
2017-07-16,14,Atletico-GO,Atletico-MG,1,2,Brasileirao Serie A 2017
2017-07-16,14,Bahia,Avai,1,1,Brasileirao Serie A 2017
2017-07-16,14,Chapecoense,Sao Paulo,2,0,Brasileirao Serie A 2017
2017-07-16,14,Coritiba,Fluminense,1,2,Brasileirao Serie A 2017
2017-07-16,14,Cruzeiro,Flamengo,1,1,Brasileirao Serie A 2017
2017-07-16,14,Gremio,Ponte Preta,3,1,Brasileirao Serie A 2017
2017-07-16,14,Palmeiras,Vitoria,4,2,Brasileirao Serie A 2017
2017-07-16,14,Vasco,Santos,0,0,Brasileirao Serie A 2017
2017-07-17,14,Botafogo-RJ,Sport,2,1,Brasileirao Serie A 2017
2017-07-19,15,Atletico-MG,Bahia,0,2,Brasileirao Serie A 2017
2017-07-19,15,Avai,Corinthians,0,0,Brasileirao Serie A 2017
2017-07-19,15,Flamengo,Palmeiras,2,2,Brasileirao Serie A 2017
2017-07-19,15,Ponte Preta,Coritiba,4,0,Brasileirao Serie A 2017
2017-07-19,15,Santos,Chapecoense,1,0,Brasileirao Serie A 2017
2017-07-19,15,Sao Paulo,Vasco,1,0,Brasileirao Serie A 2017
2017-07-19,15,Vitoria,Gremio,1,3,Brasileirao Serie A 2017
2017-07-20,15,Athletico-PR,Botafogo-RJ,0,0,Brasileirao Serie A 2017
2017-07-20,15,Fluminense,Cruzeiro,1,1,Brasileirao Serie A 2017
2017-07-20,15,Sport,Atletico-GO,4,0,Brasileirao Serie A 2017
2017-07-22,16,Flamengo,Coritiba,2,1,Brasileirao Serie A 2017
2017-07-22,16,Vitoria,Chapecoense,1,2,Brasileirao Serie A 2017
2017-07-23,16,Athletico-PR,Ponte Preta,0,2,Brasileirao Serie A 2017
2017-07-23,16,Atletico-GO,Botafogo-RJ,1,1,Brasileirao Serie A 2017
2017-07-23,16,Atletico-MG,Vasco,1,2,Brasileirao Serie A 2017
2017-07-23,16,Avai,Cruzeiro,1,0,Brasileirao Serie A 2017
2017-07-23,16,Fluminense,Corinthians,0,1,Brasileirao Serie A 2017
2017-07-23,16,Santos,Bahia,3,0,Brasileirao Serie A 2017
2017-07-23,16,Sport,Palmeiras,0,2,Brasileirao Serie A 2017
2017-07-24,16,Sao Paulo,Gremio,1,1,Brasileirao Serie A 2017
2017-07-29,17,Botafogo-RJ,Sao Paulo,3,4,Brasileirao Serie A 2017
2017-07-29,17,Palmeiras,Avai,2,0,Brasileirao Serie A 2017
2017-07-30,17,Bahia,Sport,1,3,Brasileirao Serie A 2017
2017-07-30,17,Chapecoense,Atletico-GO,1,2,Brasileirao Serie A 2017
2017-07-30,17,Corinthians,Flamengo,1,1,Brasileirao Serie A 2017
2017-07-30,17,Coritiba,Atletico-MG,0,2,Brasileirao Serie A 2017
2017-07-30,17,Cruzeiro,Vitoria,0,0,Brasileirao Serie A 2017
2017-07-30,17,Gremio,Santos,1,1,Brasileirao Serie A 2017
2017-07-31,17,Vasco,Athletico-PR,0,1,Brasileirao Serie A 2017
2017-08-02,18,Atletico-GO,Gremio,0,1,Brasileirao Serie A 2017
2017-08-02,18,Atletico-MG,Corinthians,0,2,Brasileirao Serie A 2017
2017-08-02,18,Botafogo-RJ,Palmeiras,1,2,Brasileirao Serie A 2017
2017-08-02,18,Chapecoense,Bahia,1,1,Brasileirao Serie A 2017
2017-08-02,18,Santos,Flamengo,3,2,Brasileirao Serie A 2017
2017-08-02,18,Sport,Fluminense,2,2,Brasileirao Serie A 2017
2017-08-02,18,Vitoria,Ponte Preta,3,1,Brasileirao Serie A 2017
2017-08-03,18,Athletico-PR,Avai,5,0,Brasileirao Serie A 2017
2017-08-03,18,Sao Paulo,Coritiba,1,2,Brasileirao Serie A 2017
2017-08-03,18,Vasco,Cruzeiro,0,3,Brasileirao Serie A 2017
2017-08-05,19,Corinthians,Sport,3,1,Brasileirao Serie A 2017
2017-08-05,19,Fluminense,Atletico-GO,3,1,Brasileirao Serie A 2017
2017-08-06,19,Avai,Santos,0,0,Brasileirao Serie A 2017
2017-08-06,19,Bahia,Sao Paulo,2,1,Brasileirao Serie A 2017
2017-08-06,19,Coritiba,Chapecoense,2,0,Brasileirao Serie A 2017
2017-08-06,19,Cruzeiro,Botafogo-RJ,0,0,Brasileirao Serie A 2017
2017-08-06,19,Flamengo,Vitoria,0,2,Brasileirao Serie A 2017
2017-08-06,19,Gremio,Atletico-MG,2,0,Brasileirao Serie A 2017
2017-08-06,19,Palmeiras,Athletico-PR,0,1,Brasileirao Serie A 2017
2017-08-06,19,Ponte Preta,Vasco,0,0,Brasileirao Serie A 2017
2017-08-09,17,Ponte Preta,Fluminense,0,0,Brasileirao Serie A 2017
2017-08-12,20,Atletico-GO,Coritiba,1,0,Brasileirao Serie A 2017
2017-08-12,20,Vitoria,Avai,0,1,Brasileirao Serie A 2017
2017-08-13,20,Athletico-PR,Bahia,4,1,Brasileirao Serie A 2017
2017-08-13,20,Atletico-MG,Flamengo,2,0,Brasileirao Serie A 2017
2017-08-13,20,Botafogo-RJ,Gremio,1,0,Brasileirao Serie A 2017
2017-08-13,20,Sao Paulo,Cruzeiro,3,2,Brasileirao Serie A 2017
2017-08-13,20,Sport,Ponte Preta,0,0,Brasileirao Serie A 2017
2017-08-13,20,Vasco,Palmeiras,1,1,Brasileirao Serie A 2017
2017-08-14,20,Santos,Fluminense,0,0,Brasileirao Serie A 2017
2017-08-19,21,Corinthians,Vitoria,0,1,Brasileirao Serie A 2017
2017-08-19,21,Flamengo,Atletico-GO,2,0,Brasileirao Serie A 2017
2017-08-20,21,Avai,Sao Paulo,1,1,Brasileirao Serie A 2017
2017-08-20,21,Bahia,Vasco,3,0,Brasileirao Serie A 2017
2017-08-20,21,Coritiba,Santos,0,0,Brasileirao Serie A 2017
2017-08-20,21,Cruzeiro,Sport,2,0,Brasileirao Serie A 2017
2017-08-20,21,Gremio,Athletico-PR,0,0,Brasileirao Serie A 2017
2017-08-20,21,Palmeiras,Chapecoense,0,2,Brasileirao Serie A 2017
2017-08-20,21,Ponte Preta,Botafogo-RJ,2,1,Brasileirao Serie A 2017
2017-08-21,21,Fluminense,Atletico-MG,2,1,Brasileirao Serie A 2017
2017-08-23,20,Chapecoense,Corinthians,0,1,Brasileirao Serie A 2017
2017-08-26,22,Corinthians,Atletico-GO,0,1,Brasileirao Serie A 2017
2017-08-26,22,Fluminense,Vasco,0,1,Brasileirao Serie A 2017
2017-08-27,22,Avai,Chapecoense,1,0,Brasileirao Serie A 2017
2017-08-27,22,Bahia,Botafogo-RJ,1,2,Brasileirao Serie A 2017
2017-08-27,22,Cruzeiro,Santos,1,1,Brasileirao Serie A 2017
2017-08-27,22,Flamengo,Athletico-PR,2,0,Brasileirao Serie A 2017
2017-08-27,22,Palmeiras,Sao Paulo,4,2,Brasileirao Serie A 2017
2017-08-27,22,Ponte Preta,Atletico-MG,1,2,Brasileirao Serie A 2017
2017-08-28,22,Coritiba,Vitoria,0,1,Brasileirao Serie A 2017
2017-09-02,22,Gremio,Sport,5,0,Brasileirao Serie A 2017
2017-09-09,23,Atletico-MG,Palmeiras,1,1,Brasileirao Serie A 2017
2017-09-09,23,Sao Paulo,Ponte Preta,2,2,Brasileirao Serie A 2017
2017-09-09,23,Vasco,Gremio,1,0,Brasileirao Serie A 2017
2017-09-10,23,Athletico-PR,Coritiba,1,1,Brasileirao Serie A 2017
2017-09-10,23,Botafogo-RJ,Flamengo,2,0,Brasileirao Serie A 2017
2017-09-10,23,Chapecoense,Cruzeiro,1,2,Brasileirao Serie A 2017
2017-09-10,23,Santos,Corinthians,2,0,Brasileirao Serie A 2017
2017-09-10,23,Sport,Avai,0,1,Brasileirao Serie A 2017
2017-09-10,23,Vitoria,Fluminense,2,2,Brasileirao Serie A 2017
2017-09-11,23,Atletico-GO,Bahia,1,1,Brasileirao Serie A 2017
2017-09-16,24,Botafogo-RJ,Santos,2,0,Brasileirao Serie A 2017
2017-09-16,24,Ponte Preta,Atletico-GO,1,3,Brasileirao Serie A 2017
2017-09-17,24,Athletico-PR,Fluminense,3,1,Brasileirao Serie A 2017
2017-09-17,24,Avai,Atletico-MG,1,1,Brasileirao Serie A 2017
2017-09-17,24,Corinthians,Vasco,1,0,Brasileirao Serie A 2017
2017-09-17,24,Cruzeiro,Bahia,1,0,Brasileirao Serie A 2017
2017-09-17,24,Flamengo,Sport,2,0,Brasileirao Serie A 2017
2017-09-17,24,Gremio,Chapecoense,0,1,Brasileirao Serie A 2017
2017-09-17,24,Vitoria,Sao Paulo,1,2,Brasileirao Serie A 2017
2017-09-18,24,Palmeiras,Coritiba,1,0,Brasileirao Serie A 2017
2017-09-23,25,Flamengo,Avai,1,1,Brasileirao Serie A 2017
2017-09-23,25,Santos,Athletico-PR,1,0,Brasileirao Serie A 2017
2017-09-24,25,Atletico-GO,Cruzeiro,1,2,Brasileirao Serie A 2017
2017-09-24,25,Atletico-MG,Vitoria,1,3,Brasileirao Serie A 2017
2017-09-24,25,Bahia,Gremio,1,0,Brasileirao Serie A 2017
2017-09-24,25,Chapecoense,Ponte Preta,1,0,Brasileirao Serie A 2017
2017-09-24,25,Coritiba,Botafogo-RJ,2,3,Brasileirao Serie A 2017
2017-09-24,25,Fluminense,Palmeiras,0,1,Brasileirao Serie A 2017
2017-09-24,25,Sao Paulo,Corinthians,1,1,Brasileirao Serie A 2017
2017-09-25,25,Sport,Vasco,1,1,Brasileirao Serie A 2017
2017-09-30,26,Bahia,Coritiba,1,1,Brasileirao Serie A 2017
2017-09-30,26,Palmeiras,Santos,0,1,Brasileirao Serie A 2017
2017-09-30,26,Vasco,Chapecoense,1,1,Brasileirao Serie A 2017
2017-10-01,26,Athletico-PR,Atletico-MG,0,2,Brasileirao Serie A 2017
2017-10-01,26,Avai,Atletico-GO,0,2,Brasileirao Serie A 2017
2017-10-01,26,Botafogo-RJ,Vitoria,2,3,Brasileirao Serie A 2017
2017-10-01,26,Cruzeiro,Corinthians,1,1,Brasileirao Serie A 2017
2017-10-01,26,Gremio,Fluminense,1,0,Brasileirao Serie A 2017
2017-10-01,26,Sao Paulo,Sport,1,0,Brasileirao Serie A 2017
2017-10-02,26,Ponte Preta,Flamengo,1,0,Brasileirao Serie A 2017
2017-10-07,28,Cruzeiro,Ponte Preta,2,1,Brasileirao Serie A 2017
2017-10-11,27,Athletico-PR,Atletico-GO,2,2,Brasileirao Serie A 2017
2017-10-11,27,Atletico-MG,Sao Paulo,1,0,Brasileirao Serie A 2017
2017-10-11,27,Avai,Vasco,1,2,Brasileirao Serie A 2017
2017-10-11,27,Botafogo-RJ,Chapecoense,2,1,Brasileirao Serie A 2017
2017-10-11,27,Corinthians,Coritiba,3,1,Brasileirao Serie A 2017
2017-10-11,27,Gremio,Cruzeiro,0,1,Brasileirao Serie A 2017
2017-10-12,27,Flamengo,Fluminense,1,1,Brasileirao Serie A 2017
2017-10-12,27,Palmeiras,Bahia,2,2,Brasileirao Serie A 2017
2017-10-12,27,Ponte Preta,Santos,1,1,Brasileirao Serie A 2017
2017-10-12,27,Vitoria,Sport,1,2,Brasileirao Serie A 2017
2017-10-14,28,Sao Paulo,Athletico-PR,2,1,Brasileirao Serie A 2017
2017-10-14,28,Vasco,Botafogo-RJ,1,0,Brasileirao Serie A 2017
2017-10-15,28,Atletico-GO,Palmeiras,1,3,Brasileirao Serie A 2017
2017-10-15,28,Bahia,Corinthians,2,0,Brasileirao Serie A 2017
2017-10-15,28,Chapecoense,Flamengo,0,1,Brasileirao Serie A 2017
2017-10-15,28,Coritiba,Gremio,0,1,Brasileirao Serie A 2017
2017-10-15,28,Fluminense,Avai,1,0,Brasileirao Serie A 2017
2017-10-15,28,Sport,Atletico-MG,1,1,Brasileirao Serie A 2017
2017-10-16,28,Santos,Vitoria,2,2,Brasileirao Serie A 2017
2017-10-18,29,Atletico-GO,Vasco,0,1,Brasileirao Serie A 2017
2017-10-18,29,Atletico-MG,Chapecoense,2,3,Brasileirao Serie A 2017
2017-10-18,29,Avai,Botafogo-RJ,1,1,Brasileirao Serie A 2017
2017-10-18,29,Corinthians,Gremio,0,0,Brasileirao Serie A 2017
2017-10-18,29,Coritiba,Cruzeiro,1,0,Brasileirao Serie A 2017
2017-10-18,29,Fluminense,Sao Paulo,3,1,Brasileirao Serie A 2017
2017-10-19,29,Flamengo,Bahia,4,1,Brasileirao Serie A 2017
2017-10-19,29,Palmeiras,Ponte Preta,2,0,Brasileirao Serie A 2017
2017-10-19,29,Sport,Santos,1,1,Brasileirao Serie A 2017
2017-10-19,29,Vitoria,Athletico-PR,2,3,Brasileirao Serie A 2017
2017-10-21,30,Vasco,Coritiba,1,1,Brasileirao Serie A 2017
2017-10-22,30,Athletico-PR,Sport,2,1,Brasileirao Serie A 2017
2017-10-22,30,Bahia,Vitoria,2,1,Brasileirao Serie A 2017
2017-10-22,30,Chapecoense,Fluminense,2,0,Brasileirao Serie A 2017
2017-10-22,30,Cruzeiro,Atletico-MG,1,3,Brasileirao Serie A 2017
2017-10-22,30,Gremio,Palmeiras,1,3,Brasileirao Serie A 2017
2017-10-22,30,Ponte Preta,Avai,1,2,Brasileirao Serie A 2017
2017-10-22,30,Santos,Atletico-GO,1,0,Brasileirao Serie A 2017
2017-10-22,30,Sao Paulo,Flamengo,2,0,Brasileirao Serie A 2017
2017-10-23,30,Botafogo-RJ,Corinthians,2,1,Brasileirao Serie A 2017
2017-10-28,31,Athletico-PR,Chapecoense,0,0,Brasileirao Serie A 2017
2017-10-28,31,Flamengo,Vasco,0,0,Brasileirao Serie A 2017
2017-10-28,31,Sao Paulo,Santos,2,1,Brasileirao Serie A 2017
2017-10-29,31,Atletico-MG,Botafogo-RJ,0,0,Brasileirao Serie A 2017
2017-10-29,31,Avai,Gremio,2,2,Brasileirao Serie A 2017
2017-10-29,31,Fluminense,Bahia,1,1,Brasileirao Serie A 2017
2017-10-29,31,Ponte Preta,Corinthians,1,0,Brasileirao Serie A 2017
2017-10-29,31,Sport,Coritiba,3,4,Brasileirao Serie A 2017
2017-10-29,31,Vitoria,Atletico-GO,1,1,Brasileirao Serie A 2017
2017-10-30,31,Palmeiras,Cruzeiro,2,2,Brasileirao Serie A 2017
2017-11-04,32,Atletico-GO,Sao Paulo,0,1,Brasileirao Serie A 2017
2017-11-04,32,Botafogo-RJ,Fluminense,1,2,Brasileirao Serie A 2017
2017-11-04,32,Coritiba,Avai,4,0,Brasileirao Serie A 2017
2017-11-04,32,Santos,Atletico-MG,3,1,Brasileirao Serie A 2017
2017-11-05,32,Bahia,Ponte Preta,2,0,Brasileirao Serie A 2017
2017-11-05,32,Chapecoense,Sport,1,1,Brasileirao Serie A 2017
2017-11-05,32,Corinthians,Palmeiras,3,2,Brasileirao Serie A 2017
2017-11-05,32,Cruzeiro,Athletico-PR,1,0,Brasileirao Serie A 2017
2017-11-05,32,Gremio,Flamengo,3,1,Brasileirao Serie A 2017
2017-11-05,32,Vasco,Vitoria,1,1,Brasileirao Serie A 2017
2017-11-08,33,Athletico-PR,Corinthians,0,1,Brasileirao Serie A 2017
2017-11-08,33,Avai,Bahia,1,2,Brasileirao Serie A 2017
2017-11-08,33,Flamengo,Cruzeiro,2,0,Brasileirao Serie A 2017
2017-11-08,33,Ponte Preta,Gremio,0,1,Brasileirao Serie A 2017
2017-11-08,33,Santos,Vasco,1,2,Brasileirao Serie A 2017
2017-11-08,33,Sport,Botafogo-RJ,1,2,Brasileirao Serie A 2017
2017-11-08,33,Vitoria,Palmeiras,3,1,Brasileirao Serie A 2017
2017-11-09,33,Atletico-MG,Atletico-GO,3,2,Brasileirao Serie A 2017
2017-11-09,33,Fluminense,Coritiba,2,2,Brasileirao Serie A 2017
2017-11-09,33,Sao Paulo,Chapecoense,2,2,Brasileirao Serie A 2017
2017-11-11,34,Botafogo-RJ,Athletico-PR,0,1,Brasileirao Serie A 2017
2017-11-11,34,Corinthians,Avai,1,0,Brasileirao Serie A 2017
2017-11-12,34,Atletico-GO,Sport,2,0,Brasileirao Serie A 2017
2017-11-12,34,Bahia,Atletico-MG,2,2,Brasileirao Serie A 2017
2017-11-12,34,Coritiba,Ponte Preta,1,1,Brasileirao Serie A 2017
2017-11-12,34,Cruzeiro,Fluminense,3,1,Brasileirao Serie A 2017
2017-11-12,34,Gremio,Vitoria,1,1,Brasileirao Serie A 2017
2017-11-12,34,Palmeiras,Flamengo,2,0,Brasileirao Serie A 2017
2017-11-12,34,Vasco,Sao Paulo,1,1,Brasileirao Serie A 2017
2017-11-13,34,Chapecoense,Santos,2,0,Brasileirao Serie A 2017
2017-11-15,35,Corinthians,Fluminense,3,1,Brasileirao Serie A 2017
2017-11-15,35,Cruzeiro,Avai,2,2,Brasileirao Serie A 2017
2017-11-15,35,Gremio,Sao Paulo,1,0,Brasileirao Serie A 2017
2017-11-15,35,Ponte Preta,Athletico-PR,2,1,Brasileirao Serie A 2017
2017-11-15,35,Vasco,Atletico-MG,1,1,Brasileirao Serie A 2017
2017-11-16,35,Bahia,Santos,3,1,Brasileirao Serie A 2017
2017-11-16,35,Botafogo-RJ,Atletico-GO,1,2,Brasileirao Serie A 2017
2017-11-16,35,Chapecoense,Vitoria,2,1,Brasileirao Serie A 2017
2017-11-16,35,Coritiba,Flamengo,1,0,Brasileirao Serie A 2017
2017-11-16,35,Palmeiras,Sport,5,1,Brasileirao Serie A 2017
2017-11-19,36,Athletico-PR,Vasco,3,1,Brasileirao Serie A 2017
2017-11-19,36,Atletico-GO,Chapecoense,1,1,Brasileirao Serie A 2017
2017-11-19,36,Atletico-MG,Coritiba,3,0,Brasileirao Serie A 2017
2017-11-19,36,Flamengo,Corinthians,3,0,Brasileirao Serie A 2017
2017-11-19,36,Santos,Gremio,1,0,Brasileirao Serie A 2017
2017-11-19,36,Sao Paulo,Botafogo-RJ,0,0,Brasileirao Serie A 2017
2017-11-19,36,Sport,Bahia,1,0,Brasileirao Serie A 2017
2017-11-19,36,Vitoria,Cruzeiro,1,1,Brasileirao Serie A 2017
2017-11-20,36,Avai,Palmeiras,2,1,Brasileirao Serie A 2017
2017-11-20,36,Fluminense,Ponte Preta,2,0,Brasileirao Serie A 2017
2017-11-25,37,Fluminense,Sport,1,2,Brasileirao Serie A 2017
2017-11-26,37,Avai,Athletico-PR,1,0,Brasileirao Serie A 2017
2017-11-26,37,Bahia,Chapecoense,0,1,Brasileirao Serie A 2017
2017-11-26,37,Corinthians,Atletico-MG,2,2,Brasileirao Serie A 2017
2017-11-26,37,Coritiba,Sao Paulo,1,2,Brasileirao Serie A 2017
2017-11-26,37,Cruzeiro,Vasco,0,1,Brasileirao Serie A 2017
2017-11-26,37,Flamengo,Santos,1,2,Brasileirao Serie A 2017
2017-11-26,37,Gremio,Atletico-GO,1,1,Brasileirao Serie A 2017
2017-11-26,37,Ponte Preta,Vitoria,2,3,Brasileirao Serie A 2017
2017-11-27,37,Palmeiras,Botafogo-RJ,2,0,Brasileirao Serie A 2017
2017-12-03,38,Athletico-PR,Palmeiras,3,0,Brasileirao Serie A 2017
2017-12-03,38,Atletico-GO,Fluminense,1,1,Brasileirao Serie A 2017
2017-12-03,38,Atletico-MG,Gremio,4,3,Brasileirao Serie A 2017
2017-12-03,38,Botafogo-RJ,Cruzeiro,2,2,Brasileirao Serie A 2017
2017-12-03,38,Chapecoense,Coritiba,2,1,Brasileirao Serie A 2017
2017-12-03,38,Santos,Avai,1,1,Brasileirao Serie A 2017
2017-12-03,38,Sao Paulo,Bahia,1,1,Brasileirao Serie A 2017
2017-12-03,38,Sport,Corinthians,1,0,Brasileirao Serie A 2017
2017-12-03,38,Vasco,Ponte Preta,2,1,Brasileirao Serie A 2017
2017-12-03,38,Vitoria,Flamengo,1,2,Brasileirao Serie A 2017
2018-04-14,1,Cruzeiro,Gremio,0,1,Brasileirao Serie A 2018
2018-04-14,1,Santos,Ceara,2,0,Brasileirao Serie A 2018
2018-04-14,1,Vitoria,Flamengo,2,2,Brasileirao Serie A 2018
2018-04-15,1,America-MG,Sport,3,0,Brasileirao Serie A 2018
2018-04-15,1,Athletico-PR,Chapecoense,5,1,Brasileirao Serie A 2018
2018-04-15,1,Corinthians,Fluminense,2,1,Brasileirao Serie A 2018
2018-04-15,1,Internacional,Bahia,2,0,Brasileirao Serie A 2018
2018-04-15,1,Vasco,Atletico-MG,2,1,Brasileirao Serie A 2018
2018-04-16,1,Botafogo-RJ,Palmeiras,1,1,Brasileirao Serie A 2018
2018-04-16,1,Sao Paulo,Parana,1,0,Brasileirao Serie A 2018
2018-04-21,2,Bahia,Santos,1,0,Brasileirao Serie A 2018
2018-04-21,2,Flamengo,America-MG,2,0,Brasileirao Serie A 2018
2018-04-22,2,Atletico-MG,Vitoria,2,1,Brasileirao Serie A 2018
2018-04-22,2,Ceara,Sao Paulo,0,0,Brasileirao Serie A 2018
2018-04-22,2,Chapecoense,Vasco,1,1,Brasileirao Serie A 2018
2018-04-22,2,Fluminense,Cruzeiro,1,0,Brasileirao Serie A 2018
2018-04-22,2,Gremio,Athletico-PR,0,0,Brasileirao Serie A 2018
2018-04-22,2,Palmeiras,Internacional,1,0,Brasileirao Serie A 2018
2018-04-22,2,Parana,Corinthians,0,4,Brasileirao Serie A 2018
2018-04-23,2,Sport,Botafogo-RJ,1,1,Brasileirao Serie A 2018
2018-04-28,3,Botafogo-RJ,Gremio,2,1,Brasileirao Serie A 2018
2018-04-29,3,Atletico-MG,Corinthians,1,0,Brasileirao Serie A 2018
2018-04-29,3,Bahia,Athletico-PR,0,0,Brasileirao Serie A 2018
2018-04-29,3,Ceara,Flamengo,0,3,Brasileirao Serie A 2018
2018-04-29,3,Fluminense,Sao Paulo,1,1,Brasileirao Serie A 2018
2018-04-29,3,Internacional,Cruzeiro,0,0,Brasileirao Serie A 2018
2018-04-29,3,Palmeiras,Chapecoense,0,0,Brasileirao Serie A 2018
2018-04-29,3,Parana,Sport,1,2,Brasileirao Serie A 2018
2018-04-30,3,America-MG,Vitoria,2,1,Brasileirao Serie A 2018
2018-05-05,4,Sao Paulo,Atletico-MG,2,2,Brasileirao Serie A 2018
2018-05-05,4,Vasco,America-MG,4,1,Brasileirao Serie A 2018
2018-05-06,4,Athletico-PR,Palmeiras,1,3,Brasileirao Serie A 2018
2018-05-06,4,Corinthians,Ceara,1,1,Brasileirao Serie A 2018
2018-05-06,4,Cruzeiro,Botafogo-RJ,1,0,Brasileirao Serie A 2018
2018-05-06,4,Flamengo,Internacional,2,0,Brasileirao Serie A 2018
2018-05-06,4,Gremio,Santos,5,1,Brasileirao Serie A 2018
2018-05-06,4,Sport,Bahia,2,0,Brasileirao Serie A 2018
2018-05-06,4,Vitoria,Fluminense,1,2,Brasileirao Serie A 2018
2018-05-07,4,Chapecoense,Parana,1,1,Brasileirao Serie A 2018
2018-05-12,5,Gremio,Internacional,0,0,Brasileirao Serie A 2018
2018-05-13,5,Athletico-PR,Atletico-MG,1,2,Brasileirao Serie A 2018
2018-05-13,5,Bahia,Sao Paulo,2,2,Brasileirao Serie A 2018
2018-05-13,5,Chapecoense,Flamengo,3,2,Brasileirao Serie A 2018
2018-05-13,5,Corinthians,Palmeiras,1,0,Brasileirao Serie A 2018
2018-05-13,5,Cruzeiro,Sport,2,0,Brasileirao Serie A 2018
2018-05-13,5,Santos,Parana,3,1,Brasileirao Serie A 2018
2018-05-13,5,Vasco,Vitoria,2,3,Brasileirao Serie A 2018
2018-05-14,5,Botafogo-RJ,Fluminense,2,1,Brasileirao Serie A 2018
2018-05-14,5,Ceara,America-MG,2,2,Brasileirao Serie A 2018
2018-05-19,6,Atletico-MG,Cruzeiro,1,0,Brasileirao Serie A 2018
2018-05-19,6,Flamengo,Vasco,1,1,Brasileirao Serie A 2018
2018-05-19,6,Palmeiras,Bahia,3,0,Brasileirao Serie A 2018
2018-05-20,6,America-MG,Botafogo-RJ,1,0,Brasileirao Serie A 2018
2018-05-20,6,Fluminense,Athletico-PR,2,0,Brasileirao Serie A 2018
2018-05-20,6,Parana,Gremio,0,0,Brasileirao Serie A 2018
2018-05-20,6,Sao Paulo,Santos,1,0,Brasileirao Serie A 2018
2018-05-20,6,Sport,Corinthians,1,1,Brasileirao Serie A 2018
2018-05-20,6,Vitoria,Ceara,2,1,Brasileirao Serie A 2018
2018-05-21,6,Internacional,Chapecoense,3,0,Brasileirao Serie A 2018
2018-05-26,7,Atletico-MG,Flamengo,0,1,Brasileirao Serie A 2018
2018-05-26,7,Fluminense,Chapecoense,3,1,Brasileirao Serie A 2018
2018-05-26,7,Palmeiras,Sport,2,3,Brasileirao Serie A 2018
2018-05-27,7,America-MG,Sao Paulo,1,3,Brasileirao Serie A 2018
2018-05-27,7,Bahia,Vasco,3,0,Brasileirao Serie A 2018
2018-05-27,7,Botafogo-RJ,Vitoria,1,1,Brasileirao Serie A 2018
2018-05-27,7,Ceara,Gremio,0,1,Brasileirao Serie A 2018
2018-05-27,7,Internacional,Corinthians,2,1,Brasileirao Serie A 2018
2018-05-27,7,Parana,Athletico-PR,0,0,Brasileirao Serie A 2018
2018-05-27,7,Santos,Cruzeiro,0,1,Brasileirao Serie A 2018
2018-05-30,8,Chapecoense,Ceara,2,0,Brasileirao Serie A 2018
2018-05-30,8,Cruzeiro,Palmeiras,1,0,Brasileirao Serie A 2018
2018-05-30,8,Gremio,Fluminense,0,0,Brasileirao Serie A 2018
2018-05-30,8,Sao Paulo,Botafogo-RJ,3,2,Brasileirao Serie A 2018
2018-05-30,8,Sport,Atletico-MG,3,2,Brasileirao Serie A 2018
2018-05-30,8,Vasco,Parana,1,0,Brasileirao Serie A 2018
2018-05-30,8,Vitoria,Internacional,2,3,Brasileirao Serie A 2018
2018-05-31,8,Athletico-PR,Santos,2,0,Brasileirao Serie A 2018
2018-05-31,8,Corinthians,America-MG,1,0,Brasileirao Serie A 2018
2018-05-31,8,Flamengo,Bahia,2,0,Brasileirao Serie A 2018
2018-06-02,9,Atletico-MG,Chapecoense,3,3,Brasileirao Serie A 2018
2018-06-02,9,Internacional,Sport,0,0,Brasileirao Serie A 2018
2018-06-02,9,Palmeiras,Sao Paulo,3,1,Brasileirao Serie A 2018
2018-06-02,9,Vasco,Botafogo-RJ,1,2,Brasileirao Serie A 2018
2018-06-03,9,America-MG,Athletico-PR,3,1,Brasileirao Serie A 2018
2018-06-03,9,Bahia,Gremio,0,2,Brasileirao Serie A 2018
2018-06-03,9,Ceara,Cruzeiro,0,1,Brasileirao Serie A 2018
2018-06-03,9,Flamengo,Corinthians,1,0,Brasileirao Serie A 2018
2018-06-03,9,Santos,Vitoria,5,2,Brasileirao Serie A 2018
2018-06-04,9,Parana,Fluminense,2,1,Brasileirao Serie A 2018
2018-06-05,10,Sao Paulo,Internacional,0,0,Brasileirao Serie A 2018
2018-06-06,10,Botafogo-RJ,Ceara,0,0,Brasileirao Serie A 2018
2018-06-06,10,Corinthians,Santos,1,1,Brasileirao Serie A 2018
2018-06-06,10,Cruzeiro,Vasco,1,1,Brasileirao Serie A 2018
2018-06-06,10,Gremio,Palmeiras,0,2,Brasileirao Serie A 2018
2018-06-06,10,Sport,Athletico-PR,1,0,Brasileirao Serie A 2018
2018-06-06,10,Vitoria,Chapecoense,1,0,Brasileirao Serie A 2018
2018-06-07,10,America-MG,Atletico-MG,1,3,Brasileirao Serie A 2018
2018-06-07,10,Fluminense,Flamengo,0,2,Brasileirao Serie A 2018
2018-06-07,10,Parana,Bahia,1,0,Brasileirao Serie A 2018
2018-06-09,11,Athletico-PR,Sao Paulo,0,1,Brasileirao Serie A 2018
2018-06-09,11,Chapecoense,Cruzeiro,2,0,Brasileirao Serie A 2018
2018-06-09,11,Corinthians,Vitoria,0,0,Brasileirao Serie A 2018
2018-06-09,11,Vasco,Sport,3,2,Brasileirao Serie A 2018
2018-06-10,11,Atletico-MG,Fluminense,5,2,Brasileirao Serie A 2018
2018-06-10,11,Bahia,Botafogo-RJ,3,3,Brasileirao Serie A 2018
2018-06-10,11,Ceara,Palmeiras,2,2,Brasileirao Serie A 2018
2018-06-10,11,Flamengo,Parana,2,0,Brasileirao Serie A 2018
2018-06-10,11,Gremio,America-MG,1,0,Brasileirao Serie A 2018
2018-06-10,11,Santos,Internacional,1,2,Brasileirao Serie A 2018
2018-06-12,12,Sao Paulo,Vitoria,3,0,Brasileirao Serie A 2018
2018-06-13,12,America-MG,Chapecoense,0,0,Brasileirao Serie A 2018
2018-06-13,12,Atletico-MG,Ceara,2,1,Brasileirao Serie A 2018
2018-06-13,12,Bahia,Corinthians,1,0,Brasileirao Serie A 2018
2018-06-13,12,Botafogo-RJ,Athletico-PR,2,0,Brasileirao Serie A 2018
2018-06-13,12,Fluminense,Santos,0,1,Brasileirao Serie A 2018
2018-06-13,12,Internacional,Vasco,3,1,Brasileirao Serie A 2018
2018-06-13,12,Palmeiras,Flamengo,1,1,Brasileirao Serie A 2018
2018-06-13,12,Parana,Cruzeiro,1,1,Brasileirao Serie A 2018
2018-06-13,12,Sport,Gremio,0,0,Brasileirao Serie A 2018
2018-07-18,13,Ceara,Sport,1,0,Brasileirao Serie A 2018
2018-07-18,13,Corinthians,Botafogo-RJ,2,0,Brasileirao Serie A 2018
2018-07-18,13,Flamengo,Sao Paulo,0,1,Brasileirao Serie A 2018
2018-07-18,13,Gremio,Atletico-MG,2,0,Brasileirao Serie A 2018
2018-07-18,13,Vitoria,Parana,1,0,Brasileirao Serie A 2018
2018-07-19,13,Athletico-PR,Internacional,2,2,Brasileirao Serie A 2018
2018-07-19,13,Chapecoense,Bahia,1,1,Brasileirao Serie A 2018
2018-07-19,13,Cruzeiro,America-MG,3,1,Brasileirao Serie A 2018
2018-07-19,13,Santos,Palmeiras,1,1,Brasileirao Serie A 2018
2018-07-19,13,Vasco,Fluminense,1,1,Brasileirao Serie A 2018
2018-07-21,14,Flamengo,Botafogo-RJ,2,0,Brasileirao Serie A 2018
2018-07-21,14,Sao Paulo,Corinthians,3,1,Brasileirao Serie A 2018
2018-07-22,14,Bahia,Vitoria,4,1,Brasileirao Serie A 2018
2018-07-22,14,Chapecoense,Santos,0,0,Brasileirao Serie A 2018
2018-07-22,14,Cruzeiro,Athletico-PR,2,1,Brasileirao Serie A 2018
2018-07-22,14,Palmeiras,Atletico-MG,3,2,Brasileirao Serie A 2018
2018-07-22,14,Parana,America-MG,1,0,Brasileirao Serie A 2018
2018-07-22,14,Sport,Fluminense,1,2,Brasileirao Serie A 2018
2018-07-22,14,Vasco,Gremio,1,0,Brasileirao Serie A 2018
2018-07-23,14,Internacional,Ceara,1,0,Brasileirao Serie A 2018
2018-07-25,15,Atletico-MG,Parana,2,0,Brasileirao Serie A 2018
2018-07-25,15,Corinthians,Cruzeiro,2,0,Brasileirao Serie A 2018
2018-07-25,15,Fluminense,Palmeiras,1,0,Brasileirao Serie A 2018
2018-07-25,15,Santos,Flamengo,1,1,Brasileirao Serie A 2018
2018-07-26,15,America-MG,Internacional,2,1,Brasileirao Serie A 2018
2018-07-26,15,Botafogo-RJ,Chapecoense,1,0,Brasileirao Serie A 2018
2018-07-26,15,Gremio,Sao Paulo,2,1,Brasileirao Serie A 2018
2018-07-26,15,Vitoria,Sport,1,0,Brasileirao Serie A 2018
2018-07-28,16,Ceara,Fluminense,1,0,Brasileirao Serie A 2018
2018-07-29,16,Athletico-PR,Vitoria,4,0,Brasileirao Serie A 2018
2018-07-29,16,Chapecoense,Gremio,1,1,Brasileirao Serie A 2018
2018-07-29,16,Cruzeiro,Sao Paulo,0,2,Brasileirao Serie A 2018
2018-07-29,16,Flamengo,Sport,4,1,Brasileirao Serie A 2018
2018-07-29,16,Internacional,Botafogo-RJ,3,0,Brasileirao Serie A 2018
2018-07-29,16,Palmeiras,Parana,3,0,Brasileirao Serie A 2018
2018-07-29,16,Santos,America-MG,0,1,Brasileirao Serie A 2018
2018-07-29,16,Vasco,Corinthians,1,4,Brasileirao Serie A 2018
2018-07-30,16,Bahia,Atletico-MG,2,2,Brasileirao Serie A 2018
2018-08-04,17,Botafogo-RJ,Santos,0,0,Brasileirao Serie A 2018
2018-08-04,17,Corinthians,Athletico-PR,0,0,Brasileirao Serie A 2018
2018-08-04,17,Gremio,Flamengo,2,0,Brasileirao Serie A 2018
2018-08-05,17,America-MG,Palmeiras,0,0,Brasileirao Serie A 2018
2018-08-05,17,Fluminense,Bahia,1,1,Brasileirao Serie A 2018
2018-08-05,17,Parana,Ceara,0,1,Brasileirao Serie A 2018
2018-08-05,17,Sao Paulo,Vasco,2,1,Brasileirao Serie A 2018
2018-08-05,17,Sport,Chapecoense,1,1,Brasileirao Serie A 2018
2018-08-05,17,Vitoria,Cruzeiro,1,1,Brasileirao Serie A 2018
2018-08-06,17,Atletico-MG,Internacional,0,1,Brasileirao Serie A 2018
2018-08-08,20,Ceara,Santos,1,1,Brasileirao Serie A 2018
2018-08-11,18,Bahia,America-MG,1,0,Brasileirao Serie A 2018
2018-08-11,18,Ceara,Athletico-PR,0,0,Brasileirao Serie A 2018
2018-08-12,18,Atletico-MG,Santos,3,1,Brasileirao Serie A 2018
2018-08-12,18,Chapecoense,Corinthians,2,1,Brasileirao Serie A 2018
2018-08-12,18,Flamengo,Cruzeiro,1,0,Brasileirao Serie A 2018
2018-08-12,18,Gremio,Vitoria,4,0,Brasileirao Serie A 2018
2018-08-12,18,Palmeiras,Vasco,1,0,Brasileirao Serie A 2018
2018-08-12,18,Parana,Botafogo-RJ,1,1,Brasileirao Serie A 2018
2018-08-12,18,Sport,Sao Paulo,1,3,Brasileirao Serie A 2018
2018-08-13,18,Fluminense,Internacional,0,3,Brasileirao Serie A 2018
2018-08-18,19,Corinthians,Gremio,0,1,Brasileirao Serie A 2018
2018-08-18,19,Santos,Sport,3,0,Brasileirao Serie A 2018
2018-08-19,19,America-MG,Fluminense,0,0,Brasileirao Serie A 2018
2018-08-19,19,Athletico-PR,Flamengo,3,0,Brasileirao Serie A 2018
2018-08-19,19,Botafogo-RJ,Atletico-MG,0,3,Brasileirao Serie A 2018
2018-08-19,19,Cruzeiro,Bahia,1,1,Brasileirao Serie A 2018
2018-08-19,19,Internacional,Parana,1,0,Brasileirao Serie A 2018
2018-08-19,19,Sao Paulo,Chapecoense,2,0,Brasileirao Serie A 2018
2018-08-19,19,Vitoria,Palmeiras,0,3,Brasileirao Serie A 2018
2018-08-20,19,Vasco,Ceara,1,1,Brasileirao Serie A 2018
2018-08-22,20,Bahia,Internacional,0,1,Brasileirao Serie A 2018
2018-08-22,20,Fluminense,Corinthians,1,0,Brasileirao Serie A 2018
2018-08-22,20,Gremio,Cruzeiro,1,1,Brasileirao Serie A 2018
2018-08-22,20,Palmeiras,Botafogo-RJ,2,0,Brasileirao Serie A 2018
2018-08-22,20,Parana,Sao Paulo,1,1,Brasileirao Serie A 2018
2018-08-22,20,Sport,America-MG,0,2,Brasileirao Serie A 2018
2018-08-23,20,Atletico-MG,Vasco,0,0,Brasileirao Serie A 2018
2018-08-23,20,Flamengo,Vitoria,1,0,Brasileirao Serie A 2018
2018-08-25,21,Athletico-PR,Gremio,2,1,Brasileirao Serie A 2018
2018-08-25,21,Botafogo-RJ,Sport,2,0,Brasileirao Serie A 2018
2018-08-25,21,Corinthians,Parana,1,0,Brasileirao Serie A 2018
2018-08-25,21,Cruzeiro,Fluminense,2,1,Brasileirao Serie A 2018
2018-08-25,21,Santos,Bahia,2,0,Brasileirao Serie A 2018
2018-08-26,21,America-MG,Flamengo,2,2,Brasileirao Serie A 2018
2018-08-26,21,Internacional,Palmeiras,0,0,Brasileirao Serie A 2018
2018-08-26,21,Sao Paulo,Ceara,1,0,Brasileirao Serie A 2018
2018-08-26,21,Vasco,Chapecoense,3,1,Brasileirao Serie A 2018
2018-08-26,21,Vitoria,Atletico-MG,1,0,Brasileirao Serie A 2018
2018-08-29,15,Athletico-PR,Vasco,1,0,Brasileirao Serie A 2018
2018-08-29,15,Ceara,Bahia,0,2,Brasileirao Serie A 2018
2018-09-01,22,Corinthians,Atletico-MG,1,1,Brasileirao Serie A 2018
2018-09-01,22,Gremio,Botafogo-RJ,4,0,Brasileirao Serie A 2018
2018-09-01,22,Vasco,Santos,0,3,Brasileirao Serie A 2018
2018-09-01,22,Vitoria,America-MG,1,0,Brasileirao Serie A 2018
2018-09-02,22,Athletico-PR,Bahia,2,0,Brasileirao Serie A 2018
2018-09-02,22,Chapecoense,Palmeiras,1,2,Brasileirao Serie A 2018
2018-09-02,22,Cruzeiro,Internacional,0,0,Brasileirao Serie A 2018
2018-09-02,22,Flamengo,Ceara,0,1,Brasileirao Serie A 2018
2018-09-02,22,Sao Paulo,Fluminense,1,1,Brasileirao Serie A 2018
2018-09-02,22,Sport,Parana,1,0,Brasileirao Serie A 2018
2018-09-05,23,Atletico-MG,Sao Paulo,1,0,Brasileirao Serie A 2018
2018-09-05,23,Bahia,Sport,2,0,Brasileirao Serie A 2018
2018-09-05,23,Botafogo-RJ,Cruzeiro,1,1,Brasileirao Serie A 2018
2018-09-05,23,Ceara,Corinthians,2,1,Brasileirao Serie A 2018
2018-09-05,23,Internacional,Flamengo,2,1,Brasileirao Serie A 2018
2018-09-05,23,Palmeiras,Athletico-PR,2,0,Brasileirao Serie A 2018
2018-09-05,23,Parana,Chapecoense,1,1,Brasileirao Serie A 2018
2018-09-06,23,America-MG,Vasco,2,1,Brasileirao Serie A 2018
2018-09-06,23,Fluminense,Vitoria,0,0,Brasileirao Serie A 2018
2018-09-06,23,Santos,Gremio,0,0,Brasileirao Serie A 2018
2018-09-08,24,Flamengo,Chapecoense,2,0,Brasileirao Serie A 2018
2018-09-08,24,Sao Paulo,Bahia,1,0,Brasileirao Serie A 2018
2018-09-08,24,Sport,Cruzeiro,0,0,Brasileirao Serie A 2018
2018-09-09,24,America-MG,Ceara,0,0,Brasileirao Serie A 2018
2018-09-09,24,Fluminense,Botafogo-RJ,1,0,Brasileirao Serie A 2018
2018-09-09,24,Internacional,Gremio,1,0,Brasileirao Serie A 2018
2018-09-09,24,Palmeiras,Corinthians,1,0,Brasileirao Serie A 2018
2018-09-09,24,Parana,Santos,0,2,Brasileirao Serie A 2018
2018-09-09,24,Vitoria,Vasco,1,0,Brasileirao Serie A 2018
2018-09-10,24,Atletico-MG,Athletico-PR,3,1,Brasileirao Serie A 2018
2018-09-13,20,Chapecoense,Athletico-PR,2,1,Brasileirao Serie A 2018
2018-09-15,25,Ceara,Vitoria,2,0,Brasileirao Serie A 2018
2018-09-15,25,Gremio,Parana,2,0,Brasileirao Serie A 2018
2018-09-15,25,Vasco,Flamengo,1,1,Brasileirao Serie A 2018
2018-09-16,25,Athletico-PR,Fluminense,3,1,Brasileirao Serie A 2018
2018-09-16,25,Bahia,Palmeiras,1,1,Brasileirao Serie A 2018
2018-09-16,25,Botafogo-RJ,America-MG,1,0,Brasileirao Serie A 2018
2018-09-16,25,Corinthians,Sport,2,1,Brasileirao Serie A 2018
2018-09-16,25,Cruzeiro,Atletico-MG,0,0,Brasileirao Serie A 2018
2018-09-16,25,Santos,Sao Paulo,0,0,Brasileirao Serie A 2018
2018-09-17,25,Chapecoense,Internacional,2,1,Brasileirao Serie A 2018
2018-09-22,26,Sao Paulo,America-MG,1,1,Brasileirao Serie A 2018
2018-09-23,26,Athletico-PR,Parana,3,0,Brasileirao Serie A 2018
2018-09-23,26,Corinthians,Internacional,1,1,Brasileirao Serie A 2018
2018-09-23,26,Cruzeiro,Santos,2,1,Brasileirao Serie A 2018
2018-09-23,26,Flamengo,Atletico-MG,2,1,Brasileirao Serie A 2018
2018-09-23,26,Gremio,Ceara,3,2,Brasileirao Serie A 2018
2018-09-23,26,Sport,Palmeiras,0,1,Brasileirao Serie A 2018
2018-09-23,26,Vitoria,Botafogo-RJ,3,4,Brasileirao Serie A 2018
2018-09-24,26,Chapecoense,Fluminense,1,2,Brasileirao Serie A 2018
2018-09-24,26,Vasco,Bahia,2,1,Brasileirao Serie A 2018
2018-09-27,3,Santos,Vasco,1,1,Brasileirao Serie A 2018
2018-09-29,27,America-MG,Corinthians,0,0,Brasileirao Serie A 2018
2018-09-29,27,Bahia,Flamengo,0,0,Brasileirao Serie A 2018
2018-09-29,27,Fluminense,Gremio,0,1,Brasileirao Serie A 2018
2018-09-30,27,Atletico-MG,Sport,5,2,Brasileirao Serie A 2018
2018-09-30,27,Botafogo-RJ,Sao Paulo,2,2,Brasileirao Serie A 2018
2018-09-30,27,Ceara,Chapecoense,3,1,Brasileirao Serie A 2018
2018-09-30,27,Internacional,Vitoria,2,1,Brasileirao Serie A 2018
2018-09-30,27,Palmeiras,Cruzeiro,3,1,Brasileirao Serie A 2018
2018-09-30,27,Santos,Athletico-PR,1,0,Brasileirao Serie A 2018
2018-10-01,27,Parana,Vasco,1,1,Brasileirao Serie A 2018
2018-10-05,28,Corinthians,Flamengo,0,3,Brasileirao Serie A 2018
2018-10-05,28,Sport,Internacional,2,1,Brasileirao Serie A 2018
2018-10-05,28,Vitoria,Santos,0,1,Brasileirao Serie A 2018
2018-10-06,28,Athletico-PR,America-MG,4,0,Brasileirao Serie A 2018
2018-10-06,28,Chapecoense,Atletico-MG,1,0,Brasileirao Serie A 2018
2018-10-06,28,Gremio,Bahia,2,2,Brasileirao Serie A 2018
2018-10-06,28,Sao Paulo,Palmeiras,0,2,Brasileirao Serie A 2018
2018-10-08,28,Fluminense,Parana,4,0,Brasileirao Serie A 2018
2018-10-09,28,Botafogo-RJ,Vasco,1,1,Brasileirao Serie A 2018
2018-10-13,29,Bahia,Parana,2,0,Brasileirao Serie A 2018
2018-10-13,29,Flamengo,Fluminense,3,0,Brasileirao Serie A 2018
2018-10-13,29,Santos,Corinthians,1,0,Brasileirao Serie A 2018
2018-10-14,29,Athletico-PR,Sport,4,0,Brasileirao Serie A 2018
2018-10-14,29,Atletico-MG,America-MG,0,0,Brasileirao Serie A 2018
2018-10-14,29,Chapecoense,Vitoria,0,1,Brasileirao Serie A 2018
2018-10-14,29,Internacional,Sao Paulo,3,1,Brasileirao Serie A 2018
2018-10-14,29,Palmeiras,Gremio,2,0,Brasileirao Serie A 2018
2018-10-14,29,Vasco,Cruzeiro,2,0,Brasileirao Serie A 2018
2018-10-15,29,Ceara,Botafogo-RJ,0,0,Brasileirao Serie A 2018
2018-10-20,30,America-MG,Gremio,1,1,Brasileirao Serie A 2018
2018-10-20,30,Botafogo-RJ,Bahia,0,1,Brasileirao Serie A 2018
2018-10-20,30,Sao Paulo,Athletico-PR,0,0,Brasileirao Serie A 2018
2018-10-20,30,Sport,Vasco,2,1,Brasileirao Serie A 2018
2018-10-21,30,Cruzeiro,Chapecoense,3,0,Brasileirao Serie A 2018
2018-10-21,30,Fluminense,Atletico-MG,1,0,Brasileirao Serie A 2018
2018-10-21,30,Palmeiras,Ceara,2,1,Brasileirao Serie A 2018
2018-10-21,30,Parana,Flamengo,0,4,Brasileirao Serie A 2018
2018-10-21,30,Vitoria,Corinthians,2,2,Brasileirao Serie A 2018
2018-10-22,30,Internacional,Santos,2,2,Brasileirao Serie A 2018
2018-10-24,28,Cruzeiro,Ceara,0,2,Brasileirao Serie A 2018
2018-10-26,31,Vasco,Internacional,1,1,Brasileirao Serie A 2018
2018-10-26,31,Vitoria,Sao Paulo,0,1,Brasileirao Serie A 2018
2018-10-27,31,Athletico-PR,Botafogo-RJ,2,1,Brasileirao Serie A 2018
2018-10-27,31,Chapecoense,America-MG,1,0,Brasileirao Serie A 2018
2018-10-27,31,Corinthians,Bahia,2,1,Brasileirao Serie A 2018
2018-10-27,31,Cruzeiro,Parana,3,1,Brasileirao Serie A 2018
2018-10-27,31,Flamengo,Palmeiras,1,1,Brasileirao Serie A 2018
2018-10-27,31,Gremio,Sport,3,4,Brasileirao Serie A 2018
2018-10-27,31,Santos,Fluminense,3,0,Brasileirao Serie A 2018
2018-10-29,31,Ceara,Atletico-MG,2,1,Brasileirao Serie A 2018
2018-11-03,32,Atletico-MG,Gremio,0,1,Brasileirao Serie A 2018
2018-11-03,32,Fluminense,Vasco,0,1,Brasileirao Serie A 2018
2018-11-03,32,Palmeiras,Santos,3,2,Brasileirao Serie A 2018
2018-11-04,32,America-MG,Cruzeiro,1,2,Brasileirao Serie A 2018
2018-11-04,32,Bahia,Chapecoense,1,0,Brasileirao Serie A 2018
2018-11-04,32,Botafogo-RJ,Corinthians,1,0,Brasileirao Serie A 2018
2018-11-04,32,Internacional,Athletico-PR,2,1,Brasileirao Serie A 2018
2018-11-04,32,Parana,Vitoria,1,1,Brasileirao Serie A 2018
2018-11-04,32,Sao Paulo,Flamengo,2,2,Brasileirao Serie A 2018
2018-11-05,32,Sport,Ceara,1,0,Brasileirao Serie A 2018
2018-11-10,33,America-MG,Parana,0,1,Brasileirao Serie A 2018
2018-11-10,33,Athletico-PR,Cruzeiro,2,0,Brasileirao Serie A 2018
2018-11-10,33,Botafogo-RJ,Flamengo,2,1,Brasileirao Serie A 2018
2018-11-10,33,Corinthians,Sao Paulo,1,1,Brasileirao Serie A 2018
2018-11-11,33,Atletico-MG,Palmeiras,1,1,Brasileirao Serie A 2018
2018-11-11,33,Ceara,Internacional,1,1,Brasileirao Serie A 2018
2018-11-11,33,Fluminense,Sport,0,0,Brasileirao Serie A 2018
2018-11-11,33,Gremio,Vasco,2,1,Brasileirao Serie A 2018
2018-11-11,33,Vitoria,Bahia,2,2,Brasileirao Serie A 2018
2018-11-12,33,Santos,Chapecoense,0,1,Brasileirao Serie A 2018
2018-11-14,34,Bahia,Ceara,2,1,Brasileirao Serie A 2018
2018-11-14,34,Cruzeiro,Corinthians,1,0,Brasileirao Serie A 2018
2018-11-14,34,Palmeiras,Fluminense,3,0,Brasileirao Serie A 2018
2018-11-14,34,Parana,Atletico-MG,0,1,Brasileirao Serie A 2018
2018-11-14,34,Sport,Vitoria,0,0,Brasileirao Serie A 2018
2018-11-14,34,Vasco,Athletico-PR,1,1,Brasileirao Serie A 2018
2018-11-15,34,Chapecoense,Botafogo-RJ,0,1,Brasileirao Serie A 2018
2018-11-15,34,Flamengo,Santos,1,0,Brasileirao Serie A 2018
2018-11-15,34,Internacional,America-MG,2,0,Brasileirao Serie A 2018
2018-11-15,34,Sao Paulo,Gremio,1,1,Brasileirao Serie A 2018
2018-11-17,35,Atletico-MG,Bahia,1,0,Brasileirao Serie A 2018
2018-11-17,35,Corinthians,Vasco,1,0,Brasileirao Serie A 2018
2018-11-17,35,Vitoria,Athletico-PR,1,2,Brasileirao Serie A 2018
2018-11-18,35,America-MG,Santos,2,1,Brasileirao Serie A 2018
2018-11-18,35,Botafogo-RJ,Internacional,1,0,Brasileirao Serie A 2018
2018-11-18,35,Gremio,Chapecoense,2,0,Brasileirao Serie A 2018
2018-11-18,35,Parana,Palmeiras,1,1,Brasileirao Serie A 2018
2018-11-18,35,Sao Paulo,Cruzeiro,1,0,Brasileirao Serie A 2018
2018-11-18,35,Sport,Flamengo,0,1,Brasileirao Serie A 2018
2018-11-19,35,Fluminense,Ceara,0,0,Brasileirao Serie A 2018
2018-11-21,36,Athletico-PR,Corinthians,1,0,Brasileirao Serie A 2018
2018-11-21,36,Cruzeiro,Vitoria,3,0,Brasileirao Serie A 2018
2018-11-21,36,Flamengo,Gremio,2,0,Brasileirao Serie A 2018
2018-11-21,36,Internacional,Atletico-MG,1,2,Brasileirao Serie A 2018
2018-11-21,36,Palmeiras,America-MG,4,0,Brasileirao Serie A 2018
2018-11-21,36,Santos,Botafogo-RJ,1,1,Brasileirao Serie A 2018
2018-11-22,36,Bahia,Fluminense,2,0,Brasileirao Serie A 2018
2018-11-22,36,Ceara,Parana,1,0,Brasileirao Serie A 2018
2018-11-22,36,Chapecoense,Sport,2,1,Brasileirao Serie A 2018
2018-11-22,36,Vasco,Sao Paulo,2,0,Brasileirao Serie A 2018
2018-11-24,37,Santos,Atletico-MG,3,2,Brasileirao Serie A 2018
2018-11-25,37,America-MG,Bahia,1,0,Brasileirao Serie A 2018
2018-11-25,37,Athletico-PR,Ceara,2,2,Brasileirao Serie A 2018
2018-11-25,37,Corinthians,Chapecoense,0,0,Brasileirao Serie A 2018
2018-11-25,37,Cruzeiro,Flamengo,0,2,Brasileirao Serie A 2018
2018-11-25,37,Internacional,Fluminense,2,0,Brasileirao Serie A 2018
2018-11-25,37,Vasco,Palmeiras,0,1,Brasileirao Serie A 2018
2018-11-25,37,Vitoria,Gremio,0,0,Brasileirao Serie A 2018
2018-11-26,37,Botafogo-RJ,Parana,2,1,Brasileirao Serie A 2018
2018-11-26,37,Sao Paulo,Sport,0,0,Brasileirao Serie A 2018
2018-12-01,38,Atletico-MG,Botafogo-RJ,1,0,Brasileirao Serie A 2018
2018-12-01,38,Flamengo,Athletico-PR,1,2,Brasileirao Serie A 2018
2018-12-02,38,Bahia,Cruzeiro,0,0,Brasileirao Serie A 2018
2018-12-02,38,Ceara,Vasco,0,0,Brasileirao Serie A 2018
2018-12-02,38,Chapecoense,Sao Paulo,1,0,Brasileirao Serie A 2018
2018-12-02,38,Fluminense,America-MG,1,0,Brasileirao Serie A 2018
2018-12-02,38,Gremio,Corinthians,1,0,Brasileirao Serie A 2018
2018-12-02,38,Palmeiras,Vitoria,3,2,Brasileirao Serie A 2018
2018-12-02,38,Parana,Internacional,1,1,Brasileirao Serie A 2018
2018-12-02,38,Sport,Santos,2,1,Brasileirao Serie A 2018
2019-04-27,1,Atletico-MG,Avai,2,1,Brasileirao Serie A 2019
2019-04-27,1,Chapecoense,Internacional,2,0,Brasileirao Serie A 2019
2019-04-27,1,Flamengo,Cruzeiro,3,1,Brasileirao Serie A 2019
2019-04-27,1,Sao Paulo,Botafogo-RJ,2,0,Brasileirao Serie A 2019
2019-04-28,1,Athletico-PR,Vasco,4,1,Brasileirao Serie A 2019
2019-04-28,1,Bahia,Corinthians,3,2,Brasileirao Serie A 2019
2019-04-28,1,Ceara,CSA,4,0,Brasileirao Serie A 2019
2019-04-28,1,Fluminense,Goias,0,1,Brasileirao Serie A 2019
2019-04-28,1,Gremio,Santos,1,2,Brasileirao Serie A 2019
2019-04-28,1,Palmeiras,Fortaleza,4,0,Brasileirao Serie A 2019
2019-05-01,2,Avai,Gremio,1,1,Brasileirao Serie A 2019
2019-05-01,2,CSA,Palmeiras,1,1,Brasileirao Serie A 2019
2019-05-01,2,Corinthians,Chapecoense,1,0,Brasileirao Serie A 2019
2019-05-01,2,Cruzeiro,Ceara,1,0,Brasileirao Serie A 2019
2019-05-01,2,Fortaleza,Athletico-PR,2,1,Brasileirao Serie A 2019
2019-05-01,2,Goias,Sao Paulo,1,2,Brasileirao Serie A 2019
2019-05-01,2,Internacional,Flamengo,2,1,Brasileirao Serie A 2019
2019-05-01,2,Vasco,Atletico-MG,1,2,Brasileirao Serie A 2019
2019-05-02,2,Botafogo-RJ,Bahia,3,2,Brasileirao Serie A 2019
2019-05-02,2,Santos,Fluminense,2,1,Brasileirao Serie A 2019
2019-05-04,3,Ceara,Atletico-MG,1,2,Brasileirao Serie A 2019
2019-05-04,3,Palmeiras,Internacional,1,0,Brasileirao Serie A 2019
2019-05-04,3,Vasco,Corinthians,1,1,Brasileirao Serie A 2019
2019-05-05,3,Bahia,Avai,1,0,Brasileirao Serie A 2019
2019-05-05,3,Botafogo-RJ,Fortaleza,1,0,Brasileirao Serie A 2019
2019-05-05,3,CSA,Santos,0,0,Brasileirao Serie A 2019
2019-05-05,3,Chapecoense,Athletico-PR,1,1,Brasileirao Serie A 2019
2019-05-05,3,Cruzeiro,Goias,2,1,Brasileirao Serie A 2019
2019-05-05,3,Gremio,Fluminense,4,5,Brasileirao Serie A 2019
2019-05-05,3,Sao Paulo,Flamengo,1,1,Brasileirao Serie A 2019
2019-05-11,4,Corinthians,Gremio,0,0,Brasileirao Serie A 2019
2019-05-11,4,Fluminense,Botafogo-RJ,0,1,Brasileirao Serie A 2019
2019-05-11,4,Goias,Ceara,2,1,Brasileirao Serie A 2019
2019-05-12,4,Athletico-PR,Bahia,1,0,Brasileirao Serie A 2019
2019-05-12,4,Atletico-MG,Palmeiras,0,2,Brasileirao Serie A 2019
2019-05-12,4,Avai,CSA,0,0,Brasileirao Serie A 2019
2019-05-12,4,Flamengo,Chapecoense,2,1,Brasileirao Serie A 2019
2019-05-12,4,Fortaleza,Sao Paulo,0,1,Brasileirao Serie A 2019
2019-05-12,4,Internacional,Cruzeiro,3,1,Brasileirao Serie A 2019
2019-05-12,4,Santos,Vasco,3,0,Brasileirao Serie A 2019
2019-05-18,5,Atletico-MG,Flamengo,2,1,Brasileirao Serie A 2019
2019-05-18,5,Fluminense,Cruzeiro,4,1,Brasileirao Serie A 2019
2019-05-18,5,Palmeiras,Santos,4,0,Brasileirao Serie A 2019
2019-05-19,5,Athletico-PR,Corinthians,0,2,Brasileirao Serie A 2019
2019-05-19,5,Ceara,Gremio,2,1,Brasileirao Serie A 2019
2019-05-19,5,Chapecoense,Fortaleza,1,3,Brasileirao Serie A 2019
2019-05-19,5,Goias,Botafogo-RJ,1,0,Brasileirao Serie A 2019
2019-05-19,5,Internacional,CSA,2,0,Brasileirao Serie A 2019
2019-05-19,5,Sao Paulo,Bahia,0,0,Brasileirao Serie A 2019
2019-05-19,5,Vasco,Avai,1,1,Brasileirao Serie A 2019
2019-05-25,6,Botafogo-RJ,Palmeiras,0,1,Brasileirao Serie A 2019
2019-05-25,6,Gremio,Atletico-MG,1,0,Brasileirao Serie A 2019
2019-05-26,6,Bahia,Fluminense,3,2,Brasileirao Serie A 2019
2019-05-26,6,Corinthians,Sao Paulo,1,0,Brasileirao Serie A 2019
2019-05-26,6,Cruzeiro,Chapecoense,1,2,Brasileirao Serie A 2019
2019-05-26,6,Flamengo,Athletico-PR,3,2,Brasileirao Serie A 2019
2019-05-26,6,Fortaleza,Vasco,1,1,Brasileirao Serie A 2019
2019-05-26,6,Santos,Internacional,0,0,Brasileirao Serie A 2019
2019-05-27,6,Avai,Ceara,1,2,Brasileirao Serie A 2019
2019-05-27,6,CSA,Goias,1,0,Brasileirao Serie A 2019
2019-06-01,7,Bahia,Gremio,1,0,Brasileirao Serie A 2019
2019-06-01,7,Flamengo,Fortaleza,2,0,Brasileirao Serie A 2019
2019-06-02,7,Athletico-PR,Fluminense,3,0,Brasileirao Serie A 2019
2019-06-02,7,Atletico-MG,CSA,4,0,Brasileirao Serie A 2019
2019-06-02,7,Botafogo-RJ,Vasco,1,0,Brasileirao Serie A 2019
2019-06-02,7,Ceara,Santos,0,1,Brasileirao Serie A 2019
2019-06-02,7,Chapecoense,Palmeiras,1,2,Brasileirao Serie A 2019
2019-06-02,7,Internacional,Avai,2,0,Brasileirao Serie A 2019
2019-06-02,7,Sao Paulo,Cruzeiro,1,1,Brasileirao Serie A 2019
2019-06-07,8,Vasco,Internacional,2,1,Brasileirao Serie A 2019
2019-06-08,8,Avai,Sao Paulo,0,0,Brasileirao Serie A 2019
2019-06-08,8,Ceara,Bahia,0,0,Brasileirao Serie A 2019
2019-06-08,8,Cruzeiro,Corinthians,0,0,Brasileirao Serie A 2019
2019-06-08,8,Gremio,Fortaleza,1,0,Brasileirao Serie A 2019
2019-06-08,8,Palmeiras,Athletico-PR,1,0,Brasileirao Serie A 2019
2019-06-09,8,CSA,Botafogo-RJ,1,2,Brasileirao Serie A 2019
2019-06-09,8,Fluminense,Flamengo,0,0,Brasileirao Serie A 2019
2019-06-09,8,Santos,Atletico-MG,3,1,Brasileirao Serie A 2019
2019-06-10,8,Goias,Chapecoense,3,1,Brasileirao Serie A 2019
2019-06-12,9,Botafogo-RJ,Gremio,0,1,Brasileirao Serie A 2019
2019-06-12,9,CSA,Flamengo,0,2,Brasileirao Serie A 2019
2019-06-12,9,Fortaleza,Cruzeiro,2,1,Brasileirao Serie A 2019
2019-06-12,9,Internacional,Bahia,3,1,Brasileirao Serie A 2019
2019-06-12,9,Santos,Corinthians,1,0,Brasileirao Serie A 2019
2019-06-13,9,Atletico-MG,Sao Paulo,1,1,Brasileirao Serie A 2019
2019-06-13,9,Chapecoense,Fluminense,1,1,Brasileirao Serie A 2019
2019-06-13,9,Goias,Athletico-PR,2,1,Brasileirao Serie A 2019
2019-06-13,9,Palmeiras,Avai,2,0,Brasileirao Serie A 2019
2019-06-13,9,Vasco,Ceara,1,0,Brasileirao Serie A 2019
2019-07-13,10,Bahia,Santos,0,1,Brasileirao Serie A 2019
2019-07-13,10,Fortaleza,Avai,2,0,Brasileirao Serie A 2019
2019-07-13,10,Gremio,Vasco,2,1,Brasileirao Serie A 2019
2019-07-13,10,Sao Paulo,Palmeiras,1,1,Brasileirao Serie A 2019
2019-07-14,10,Athletico-PR,Internacional,1,0,Brasileirao Serie A 2019
2019-07-14,10,Chapecoense,Atletico-MG,1,2,Brasileirao Serie A 2019
2019-07-14,10,Corinthians,CSA,1,0,Brasileirao Serie A 2019
2019-07-14,10,Cruzeiro,Botafogo-RJ,0,0,Brasileirao Serie A 2019
2019-07-14,10,Flamengo,Goias,6,1,Brasileirao Serie A 2019
2019-07-15,10,Fluminense,Ceara,1,1,Brasileirao Serie A 2019
2019-07-20,11,Bahia,Cruzeiro,0,0,Brasileirao Serie A 2019
2019-07-20,11,CSA,Athletico-PR,0,4,Brasileirao Serie A 2019
2019-07-20,11,Ceara,Palmeiras,2,0,Brasileirao Serie A 2019
2019-07-20,11,Internacional,Gremio,1,1,Brasileirao Serie A 2019
2019-07-20,11,Vasco,Fluminense,2,1,Brasileirao Serie A 2019
2019-07-21,11,Atletico-MG,Fortaleza,2,2,Brasileirao Serie A 2019
2019-07-21,11,Avai,Goias,0,0,Brasileirao Serie A 2019
2019-07-21,11,Botafogo-RJ,Santos,0,1,Brasileirao Serie A 2019
2019-07-21,11,Corinthians,Flamengo,1,1,Brasileirao Serie A 2019
2019-07-22,11,Sao Paulo,Chapecoense,4,0,Brasileirao Serie A 2019
2019-07-27,12,Cruzeiro,Athletico-PR,0,2,Brasileirao Serie A 2019
2019-07-27,12,Fluminense,Sao Paulo,1,2,Brasileirao Serie A 2019
2019-07-27,12,Internacional,Ceara,1,0,Brasileirao Serie A 2019
2019-07-27,12,Palmeiras,Vasco,1,1,Brasileirao Serie A 2019
2019-07-28,12,Chapecoense,Bahia,0,0,Brasileirao Serie A 2019
2019-07-28,12,Flamengo,Botafogo-RJ,3,2,Brasileirao Serie A 2019
2019-07-28,12,Fortaleza,Corinthians,1,3,Brasileirao Serie A 2019
2019-07-28,12,Goias,Atletico-MG,0,0,Brasileirao Serie A 2019
2019-07-28,12,Santos,Avai,3,1,Brasileirao Serie A 2019
2019-07-29,12,CSA,Gremio,0,0,Brasileirao Serie A 2019
2019-08-03,13,Ceara,Fortaleza,2,1,Brasileirao Serie A 2019
2019-08-03,13,Fluminense,Internacional,2,1,Brasileirao Serie A 2019
2019-08-04,13,Atletico-MG,Cruzeiro,2,0,Brasileirao Serie A 2019
2019-08-04,13,Avai,Botafogo-RJ,0,2,Brasileirao Serie A 2019
2019-08-04,13,Bahia,Flamengo,3,0,Brasileirao Serie A 2019
2019-08-04,13,Corinthians,Palmeiras,1,1,Brasileirao Serie A 2019
2019-08-04,13,Santos,Goias,6,1,Brasileirao Serie A 2019
2019-08-04,13,Vasco,CSA,0,0,Brasileirao Serie A 2019
2019-08-05,13,Gremio,Chapecoense,3,3,Brasileirao Serie A 2019
2019-08-07,7,Corinthians,Goias,2,0,Brasileirao Serie A 2019
2019-08-10,14,Atletico-MG,Fluminense,2,1,Brasileirao Serie A 2019
2019-08-10,14,Ceara,Chapecoense,4,1,Brasileirao Serie A 2019
2019-08-10,14,Flamengo,Gremio,3,1,Brasileirao Serie A 2019
2019-08-10,14,Sao Paulo,Santos,3,2,Brasileirao Serie A 2019
2019-08-11,14,Avai,Cruzeiro,2,2,Brasileirao Serie A 2019
2019-08-11,14,Botafogo-RJ,Athletico-PR,2,1,Brasileirao Serie A 2019
2019-08-11,14,Goias,Vasco,0,1,Brasileirao Serie A 2019
2019-08-11,14,Internacional,Corinthians,0,0,Brasileirao Serie A 2019
2019-08-11,14,Palmeiras,Bahia,2,2,Brasileirao Serie A 2019
2019-08-12,14,CSA,Fortaleza,0,2,Brasileirao Serie A 2019
2019-08-17,15,Athletico-PR,Atletico-MG,1,0,Brasileirao Serie A 2019
2019-08-17,15,Corinthians,Botafogo-RJ,2,0,Brasileirao Serie A 2019
2019-08-17,15,Fortaleza,Internacional,0,1,Brasileirao Serie A 2019
2019-08-17,15,Gremio,Palmeiras,1,1,Brasileirao Serie A 2019
2019-08-17,15,Vasco,Flamengo,1,4,Brasileirao Serie A 2019
2019-08-18,15,Bahia,Goias,1,1,Brasileirao Serie A 2019
2019-08-18,15,Chapecoense,Avai,1,0,Brasileirao Serie A 2019
2019-08-18,15,Cruzeiro,Santos,2,0,Brasileirao Serie A 2019
2019-08-18,15,Fluminense,CSA,0,1,Brasileirao Serie A 2019
2019-08-18,15,Sao Paulo,Ceara,1,0,Brasileirao Serie A 2019
2019-08-21,13,Athletico-PR,Sao Paulo,0,1,Brasileirao Serie A 2019
2019-08-24,16,Atletico-MG,Bahia,0,1,Brasileirao Serie A 2019
2019-08-24,16,Gremio,Athletico-PR,2,1,Brasileirao Serie A 2019
2019-08-25,16,Avai,Corinthians,1,1,Brasileirao Serie A 2019
2019-08-25,16,CSA,Cruzeiro,1,1,Brasileirao Serie A 2019
2019-08-25,16,Ceara,Flamengo,0,3,Brasileirao Serie A 2019
2019-08-25,16,Goias,Internacional,2,1,Brasileirao Serie A 2019
2019-08-25,16,Santos,Fortaleza,3,3,Brasileirao Serie A 2019
2019-08-25,16,Vasco,Sao Paulo,2,0,Brasileirao Serie A 2019
2019-08-26,16,Botafogo-RJ,Chapecoense,0,0,Brasileirao Serie A 2019
2019-08-31,17,Athletico-PR,Ceara,1,0,Brasileirao Serie A 2019
2019-08-31,17,Bahia,CSA,1,0,Brasileirao Serie A 2019
2019-08-31,17,Chapecoense,Santos,0,1,Brasileirao Serie A 2019
2019-08-31,17,Internacional,Botafogo-RJ,3,2,Brasileirao Serie A 2019
2019-08-31,17,Sao Paulo,Gremio,0,0,Brasileirao Serie A 2019
2019-09-01,17,Corinthians,Atletico-MG,1,0,Brasileirao Serie A 2019
2019-09-01,17,Cruzeiro,Vasco,1,0,Brasileirao Serie A 2019
2019-09-01,17,Flamengo,Palmeiras,3,0,Brasileirao Serie A 2019
2019-09-01,17,Fortaleza,Goias,2,0,Brasileirao Serie A 2019
2019-09-02,17,Fluminense,Avai,0,1,Brasileirao Serie A 2019
2019-09-07,18,Avai,Flamengo,0,3,Brasileirao Serie A 2019
2019-09-07,18,Corinthians,Ceara,2,2,Brasileirao Serie A 2019
2019-09-07,18,Fortaleza,Fluminense,0,1,Brasileirao Serie A 2019
2019-09-07,18,Goias,Palmeiras,1,2,Brasileirao Serie A 2019
2019-09-07,18,Internacional,Sao Paulo,1,0,Brasileirao Serie A 2019
2019-09-07,18,Vasco,Bahia,0,2,Brasileirao Serie A 2019
2019-09-08,18,Botafogo-RJ,Atletico-MG,2,1,Brasileirao Serie A 2019
2019-09-08,18,CSA,Chapecoense,2,0,Brasileirao Serie A 2019
2019-09-08,18,Cruzeiro,Gremio,1,4,Brasileirao Serie A 2019
2019-09-08,18,Santos,Athletico-PR,1,1,Brasileirao Serie A 2019
2019-09-10,16,Palmeiras,Fluminense,3,0,Brasileirao Serie A 2019
2019-09-14,19,Ceara,Botafogo-RJ,0,0,Brasileirao Serie A 2019
2019-09-14,19,Chapecoense,Vasco,1,2,Brasileirao Serie A 2019
2019-09-14,19,Flamengo,Santos,1,0,Brasileirao Serie A 2019
2019-09-14,19,Palmeiras,Cruzeiro,1,0,Brasileirao Serie A 2019
2019-09-15,19,Athletico-PR,Avai,0,1,Brasileirao Serie A 2019
2019-09-15,19,Atletico-MG,Internacional,1,3,Brasileirao Serie A 2019
2019-09-15,19,Bahia,Fortaleza,1,1,Brasileirao Serie A 2019
2019-09-15,19,Fluminense,Corinthians,1,0,Brasileirao Serie A 2019
2019-09-15,19,Gremio,Goias,3,0,Brasileirao Serie A 2019
2019-09-15,19,Sao Paulo,CSA,1,1,Brasileirao Serie A 2019
2019-09-21,20,Botafogo-RJ,Sao Paulo,1,2,Brasileirao Serie A 2019
2019-09-21,20,Corinthians,Bahia,2,1,Brasileirao Serie A 2019
2019-09-21,20,Cruzeiro,Flamengo,1,2,Brasileirao Serie A 2019
2019-09-21,20,Santos,Gremio,0,3,Brasileirao Serie A 2019
2019-09-22,20,CSA,Ceara,1,0,Brasileirao Serie A 2019
2019-09-22,20,Fortaleza,Palmeiras,0,1,Brasileirao Serie A 2019
2019-09-22,20,Goias,Fluminense,3,0,Brasileirao Serie A 2019
2019-09-22,20,Internacional,Chapecoense,1,0,Brasileirao Serie A 2019
2019-09-22,20,Vasco,Athletico-PR,1,1,Brasileirao Serie A 2019
2019-09-23,20,Avai,Atletico-MG,1,0,Brasileirao Serie A 2019
2019-09-25,21,Bahia,Botafogo-RJ,2,0,Brasileirao Serie A 2019
2019-09-25,21,Ceara,Cruzeiro,0,0,Brasileirao Serie A 2019
2019-09-25,21,Flamengo,Internacional,3,1,Brasileirao Serie A 2019
2019-09-25,21,Sao Paulo,Goias,0,1,Brasileirao Serie A 2019
2019-09-26,21,Athletico-PR,Fortaleza,4,1,Brasileirao Serie A 2019
2019-09-26,21,Fluminense,Santos,1,1,Brasileirao Serie A 2019
2019-09-26,21,Gremio,Avai,6,1,Brasileirao Serie A 2019
2019-09-26,21,Palmeiras,CSA,6,2,Brasileirao Serie A 2019
2019-09-28,22,Flamengo,Sao Paulo,0,0,Brasileirao Serie A 2019
2019-09-29,22,Athletico-PR,Chapecoense,1,1,Brasileirao Serie A 2019
2019-09-29,22,Atletico-MG,Ceara,2,1,Brasileirao Serie A 2019
2019-09-29,22,Corinthians,Vasco,1,0,Brasileirao Serie A 2019
2019-09-29,22,Fluminense,Gremio,2,1,Brasileirao Serie A 2019
2019-09-29,22,Internacional,Palmeiras,1,1,Brasileirao Serie A 2019
2019-09-29,22,Santos,CSA,2,0,Brasileirao Serie A 2019
2019-09-30,22,Avai,Bahia,0,2,Brasileirao Serie A 2019
2019-09-30,22,Fortaleza,Botafogo-RJ,1,0,Brasileirao Serie A 2019
2019-09-30,22,Goias,Cruzeiro,1,0,Brasileirao Serie A 2019
2019-10-02,21,Atletico-MG,Vasco,1,2,Brasileirao Serie A 2019
2019-10-02,21,Chapecoense,Corinthians,0,1,Brasileirao Serie A 2019
2019-10-05,23,Bahia,Athletico-PR,1,2,Brasileirao Serie A 2019
2019-10-05,23,Cruzeiro,Internacional,1,1,Brasileirao Serie A 2019
2019-10-05,23,Gremio,Corinthians,0,0,Brasileirao Serie A 2019
2019-10-05,23,Sao Paulo,Fortaleza,2,1,Brasileirao Serie A 2019
2019-10-05,23,Vasco,Santos,0,1,Brasileirao Serie A 2019
2019-10-06,23,Botafogo-RJ,Fluminense,0,1,Brasileirao Serie A 2019
2019-10-06,23,CSA,Avai,3,1,Brasileirao Serie A 2019
2019-10-06,23,Ceara,Goias,0,1,Brasileirao Serie A 2019
2019-10-06,23,Chapecoense,Flamengo,0,1,Brasileirao Serie A 2019
2019-10-06,23,Palmeiras,Atletico-MG,1,1,Brasileirao Serie A 2019
2019-10-09,24,Bahia,Sao Paulo,0,0,Brasileirao Serie A 2019
2019-10-09,24,Botafogo-RJ,Goias,3,1,Brasileirao Serie A 2019
2019-10-09,24,CSA,Internacional,1,0,Brasileirao Serie A 2019
2019-10-09,24,Cruzeiro,Fluminense,0,0,Brasileirao Serie A 2019
2019-10-09,24,Fortaleza,Chapecoense,2,0,Brasileirao Serie A 2019
2019-10-09,24,Gremio,Ceara,2,1,Brasileirao Serie A 2019
2019-10-09,24,Santos,Palmeiras,2,0,Brasileirao Serie A 2019
2019-10-10,24,Avai,Vasco,0,0,Brasileirao Serie A 2019
2019-10-10,24,Corinthians,Athletico-PR,2,2,Brasileirao Serie A 2019
2019-10-10,24,Flamengo,Atletico-MG,3,1,Brasileirao Serie A 2019
2019-10-12,25,Fluminense,Bahia,2,0,Brasileirao Serie A 2019
2019-10-12,25,Goias,CSA,1,0,Brasileirao Serie A 2019
2019-10-12,25,Palmeiras,Botafogo-RJ,1,0,Brasileirao Serie A 2019
2019-10-13,25,Athletico-PR,Flamengo,0,2,Brasileirao Serie A 2019
2019-10-13,25,Atletico-MG,Gremio,1,4,Brasileirao Serie A 2019
2019-10-13,25,Ceara,Avai,1,0,Brasileirao Serie A 2019
2019-10-13,25,Chapecoense,Cruzeiro,1,1,Brasileirao Serie A 2019
2019-10-13,25,Internacional,Santos,0,0,Brasileirao Serie A 2019
2019-10-13,25,Sao Paulo,Corinthians,1,0,Brasileirao Serie A 2019
2019-10-13,25,Vasco,Fortaleza,1,0,Brasileirao Serie A 2019
2019-10-16,26,CSA,Atletico-MG,2,2,Brasileirao Serie A 2019
2019-10-16,26,Cruzeiro,Sao Paulo,1,0,Brasileirao Serie A 2019
2019-10-16,26,Fortaleza,Flamengo,1,2,Brasileirao Serie A 2019
2019-10-16,26,Goias,Corinthians,2,2,Brasileirao Serie A 2019
2019-10-16,26,Gremio,Bahia,0,1,Brasileirao Serie A 2019
2019-10-16,26,Palmeiras,Chapecoense,1,0,Brasileirao Serie A 2019
2019-10-16,26,Vasco,Botafogo-RJ,2,1,Brasileirao Serie A 2019
2019-10-17,26,Avai,Internacional,0,2,Brasileirao Serie A 2019
2019-10-17,26,Fluminense,Athletico-PR,1,2,Brasileirao Serie A 2019
2019-10-17,26,Santos,Ceara,2,1,Brasileirao Serie A 2019
2019-10-19,27,Corinthians,Cruzeiro,1,2,Brasileirao Serie A 2019
2019-10-19,27,Fortaleza,Gremio,2,1,Brasileirao Serie A 2019
2019-10-20,27,Athletico-PR,Palmeiras,1,1,Brasileirao Serie A 2019
2019-10-20,27,Atletico-MG,Santos,2,0,Brasileirao Serie A 2019
2019-10-20,27,Chapecoense,Goias,2,2,Brasileirao Serie A 2019
2019-10-20,27,Flamengo,Fluminense,2,0,Brasileirao Serie A 2019
2019-10-20,27,Internacional,Vasco,0,1,Brasileirao Serie A 2019
2019-10-20,27,Sao Paulo,Avai,1,0,Brasileirao Serie A 2019
2019-10-21,27,Bahia,Ceara,1,2,Brasileirao Serie A 2019
2019-10-21,27,Botafogo-RJ,CSA,2,1,Brasileirao Serie A 2019
2019-10-26,28,Bahia,Internacional,2,3,Brasileirao Serie A 2019
2019-10-26,28,Ceara,Vasco,1,1,Brasileirao Serie A 2019
2019-10-26,28,Corinthians,Santos,0,0,Brasileirao Serie A 2019
2019-10-26,28,Cruzeiro,Fortaleza,1,1,Brasileirao Serie A 2019
2019-10-26,28,Fluminense,Chapecoense,1,1,Brasileirao Serie A 2019
2019-10-27,28,Athletico-PR,Goias,4,1,Brasileirao Serie A 2019
2019-10-27,28,Avai,Palmeiras,1,2,Brasileirao Serie A 2019
2019-10-27,28,Flamengo,CSA,1,0,Brasileirao Serie A 2019
2019-10-27,28,Gremio,Botafogo-RJ,3,0,Brasileirao Serie A 2019
2019-10-27,28,Sao Paulo,Atletico-MG,2,0,Brasileirao Serie A 2019
2019-10-30,29,Atletico-MG,Chapecoense,0,2,Brasileirao Serie A 2019
2019-10-30,29,Avai,Fortaleza,1,3,Brasileirao Serie A 2019
2019-10-30,29,CSA,Corinthians,2,1,Brasileirao Serie A 2019
2019-10-30,29,Ceara,Fluminense,2,0,Brasileirao Serie A 2019
2019-10-30,29,Palmeiras,Sao Paulo,3,0,Brasileirao Serie A 2019
2019-10-30,29,Vasco,Gremio,1,3,Brasileirao Serie A 2019
2019-10-31,29,Botafogo-RJ,Cruzeiro,0,2,Brasileirao Serie A 2019
2019-10-31,29,Goias,Flamengo,2,2,Brasileirao Serie A 2019
2019-10-31,29,Internacional,Athletico-PR,1,1,Brasileirao Serie A 2019
2019-10-31,29,Santos,Bahia,1,0,Brasileirao Serie A 2019
2019-11-02,30,Chapecoense,Sao Paulo,0,3,Brasileirao Serie A 2019
2019-11-02,30,Fluminense,Vasco,0,0,Brasileirao Serie A 2019
2019-11-02,30,Fortaleza,Atletico-MG,2,2,Brasileirao Serie A 2019
2019-11-02,30,Palmeiras,Ceara,1,0,Brasileirao Serie A 2019
2019-11-03,30,Athletico-PR,CSA,1,0,Brasileirao Serie A 2019
2019-11-03,30,Cruzeiro,Bahia,1,1,Brasileirao Serie A 2019
2019-11-03,30,Flamengo,Corinthians,4,1,Brasileirao Serie A 2019
2019-11-03,30,Goias,Avai,2,0,Brasileirao Serie A 2019
2019-11-03,30,Gremio,Internacional,2,0,Brasileirao Serie A 2019
2019-11-03,30,Santos,Botafogo-RJ,4,1,Brasileirao Serie A 2019
2019-11-06,31,Athletico-PR,Cruzeiro,0,0,Brasileirao Serie A 2019
2019-11-06,31,Atletico-MG,Goias,2,0,Brasileirao Serie A 2019
2019-11-06,31,Avai,Santos,1,2,Brasileirao Serie A 2019
2019-11-06,31,Bahia,Chapecoense,1,1,Brasileirao Serie A 2019
2019-11-06,31,Corinthians,Fortaleza,3,2,Brasileirao Serie A 2019
2019-11-06,31,Vasco,Palmeiras,1,2,Brasileirao Serie A 2019
2019-11-07,31,Botafogo-RJ,Flamengo,0,1,Brasileirao Serie A 2019
2019-11-07,31,Ceara,Internacional,2,0,Brasileirao Serie A 2019
2019-11-07,31,Gremio,CSA,2,1,Brasileirao Serie A 2019
2019-11-07,31,Sao Paulo,Fluminense,0,2,Brasileirao Serie A 2019
2019-11-09,32,Goias,Santos,0,3,Brasileirao Serie A 2019
2019-11-09,32,Palmeiras,Corinthians,1,1,Brasileirao Serie A 2019
2019-11-10,32,CSA,Vasco,0,3,Brasileirao Serie A 2019
2019-11-10,32,Chapecoense,Gremio,0,1,Brasileirao Serie A 2019
2019-11-10,32,Cruzeiro,Atletico-MG,0,0,Brasileirao Serie A 2019
2019-11-10,32,Flamengo,Bahia,3,1,Brasileirao Serie A 2019
2019-11-10,32,Fortaleza,Ceara,1,0,Brasileirao Serie A 2019
2019-11-10,32,Internacional,Fluminense,2,1,Brasileirao Serie A 2019
2019-11-10,32,Sao Paulo,Athletico-PR,0,1,Brasileirao Serie A 2019
2019-11-11,32,Botafogo-RJ,Avai,2,0,Brasileirao Serie A 2019
2019-11-13,34,Flamengo,Vasco,4,4,Brasileirao Serie A 2019
2019-11-16,33,Fluminense,Atletico-MG,1,1,Brasileirao Serie A 2019
2019-11-16,33,Santos,Sao Paulo,1,1,Brasileirao Serie A 2019
2019-11-17,33,Athletico-PR,Botafogo-RJ,1,0,Brasileirao Serie A 2019
2019-11-17,33,Bahia,Palmeiras,1,1,Brasileirao Serie A 2019
2019-11-17,33,Chapecoense,Ceara,1,0,Brasileirao Serie A 2019
2019-11-17,33,Corinthians,Internacional,0,0,Brasileirao Serie A 2019
2019-11-17,33,Fortaleza,CSA,3,0,Brasileirao Serie A 2019
2019-11-17,33,Gremio,Flamengo,0,1,Brasileirao Serie A 2019
2019-11-18,33,Cruzeiro,Avai,0,0,Brasileirao Serie A 2019
2019-11-18,33,Vasco,Goias,1,1,Brasileirao Serie A 2019
2019-11-23,34,Santos,Cruzeiro,4,1,Brasileirao Serie A 2019
2019-11-24,34,Atletico-MG,Athletico-PR,0,1,Brasileirao Serie A 2019
2019-11-24,34,Avai,Chapecoense,0,1,Brasileirao Serie A 2019
2019-11-24,34,Botafogo-RJ,Corinthians,1,0,Brasileirao Serie A 2019
2019-11-24,34,Ceara,Sao Paulo,1,1,Brasileirao Serie A 2019
2019-11-24,34,Goias,Bahia,4,3,Brasileirao Serie A 2019
2019-11-24,34,Internacional,Fortaleza,2,2,Brasileirao Serie A 2019
2019-11-24,34,Palmeiras,Gremio,1,2,Brasileirao Serie A 2019
2019-11-25,34,CSA,Fluminense,0,1,Brasileirao Serie A 2019
2019-11-27,35,Athletico-PR,Gremio,2,0,Brasileirao Serie A 2019
2019-11-27,35,Bahia,Atletico-MG,1,1,Brasileirao Serie A 2019
2019-11-27,35,Chapecoense,Botafogo-RJ,0,1,Brasileirao Serie A 2019
2019-11-27,35,Corinthians,Avai,3,0,Brasileirao Serie A 2019
2019-11-27,35,Flamengo,Ceara,4,1,Brasileirao Serie A 2019
2019-11-27,35,Internacional,Goias,1,2,Brasileirao Serie A 2019
2019-11-28,35,Cruzeiro,CSA,0,1,Brasileirao Serie A 2019
2019-11-28,35,Fluminense,Palmeiras,1,0,Brasileirao Serie A 2019
2019-11-28,35,Fortaleza,Santos,2,1,Brasileirao Serie A 2019
2019-11-28,35,Sao Paulo,Vasco,1,0,Brasileirao Serie A 2019
2019-11-30,36,Botafogo-RJ,Internacional,0,1,Brasileirao Serie A 2019
2019-11-30,36,Ceara,Athletico-PR,1,1,Brasileirao Serie A 2019
2019-12-01,36,Atletico-MG,Corinthians,2,1,Brasileirao Serie A 2019
2019-12-01,36,Avai,Fluminense,1,1,Brasileirao Serie A 2019
2019-12-01,36,CSA,Bahia,1,2,Brasileirao Serie A 2019
2019-12-01,36,Goias,Fortaleza,1,2,Brasileirao Serie A 2019
2019-12-01,36,Gremio,Sao Paulo,3,0,Brasileirao Serie A 2019
2019-12-01,36,Palmeiras,Flamengo,1,3,Brasileirao Serie A 2019
2019-12-01,36,Santos,Chapecoense,2,0,Brasileirao Serie A 2019
2019-12-02,36,Vasco,Cruzeiro,1,0,Brasileirao Serie A 2019
2019-12-04,37,Athletico-PR,Santos,1,0,Brasileirao Serie A 2019
2019-12-04,37,Atletico-MG,Botafogo-RJ,2,0,Brasileirao Serie A 2019
2019-12-04,37,Ceara,Corinthians,0,1,Brasileirao Serie A 2019
2019-12-04,37,Chapecoense,CSA,3,0,Brasileirao Serie A 2019
2019-12-04,37,Fluminense,Fortaleza,0,0,Brasileirao Serie A 2019
2019-12-04,37,Sao Paulo,Internacional,2,1,Brasileirao Serie A 2019
2019-12-05,37,Bahia,Vasco,1,1,Brasileirao Serie A 2019
2019-12-05,37,Flamengo,Avai,6,1,Brasileirao Serie A 2019
2019-12-05,37,Gremio,Cruzeiro,2,0,Brasileirao Serie A 2019
2019-12-05,37,Palmeiras,Goias,5,1,Brasileirao Serie A 2019
2019-12-08,38,Avai,Athletico-PR,0,0,Brasileirao Serie A 2019
2019-12-08,38,Botafogo-RJ,Ceara,1,1,Brasileirao Serie A 2019
2019-12-08,38,CSA,Sao Paulo,1,2,Brasileirao Serie A 2019
2019-12-08,38,Corinthians,Fluminense,1,2,Brasileirao Serie A 2019
2019-12-08,38,Cruzeiro,Palmeiras,0,2,Brasileirao Serie A 2019
2019-12-08,38,Fortaleza,Bahia,2,1,Brasileirao Serie A 2019
2019-12-08,38,Goias,Gremio,3,2,Brasileirao Serie A 2019
2019-12-08,38,Internacional,Atletico-MG,2,1,Brasileirao Serie A 2019
2019-12-08,38,Santos,Flamengo,4,0,Brasileirao Serie A 2019
2019-12-08,38,Vasco,Chapecoense,1,1,Brasileirao Serie A 2019
2020-08-08,1,Coritiba,Internacional,0,1,Brasileirao Serie A 2020
2020-08-08,1,Fortaleza,Athletico-PR,0,2,Brasileirao Serie A 2020
2020-08-08,1,Sport,Ceara,3,2,Brasileirao Serie A 2020
2020-08-09,1,Flamengo,Atletico-MG,0,1,Brasileirao Serie A 2020
2020-08-09,1,Gremio,Fluminense,1,0,Brasileirao Serie A 2020
2020-08-09,1,Santos,Bragantino,1,1,Brasileirao Serie A 2020
2020-08-12,2,Athletico-PR,Goias,2,1,Brasileirao Serie A 2020
2020-08-12,2,Atletico-GO,Flamengo,3,0,Brasileirao Serie A 2020
2020-08-12,2,Atletico-MG,Corinthians,3,2,Brasileirao Serie A 2020
2020-08-12,2,Bahia,Coritiba,1,0,Brasileirao Serie A 2020
2020-08-12,2,Bragantino,Botafogo-RJ,1,1,Brasileirao Serie A 2020
2020-08-12,2,Ceara,Gremio,1,1,Brasileirao Serie A 2020
2020-08-12,2,Fluminense,Palmeiras,1,1,Brasileirao Serie A 2020
2020-08-13,2,Internacional,Santos,2,0,Brasileirao Serie A 2020
2020-08-13,2,Sao Paulo,Fortaleza,1,0,Brasileirao Serie A 2020
2020-08-13,2,Vasco,Sport,2,0,Brasileirao Serie A 2020
2020-08-15,3,Coritiba,Flamengo,0,1,Brasileirao Serie A 2020
2020-08-15,3,Gremio,Corinthians,0,0,Brasileirao Serie A 2020
2020-08-15,3,Palmeiras,Goias,1,1,Brasileirao Serie A 2020
2020-08-16,3,Atletico-GO,Sport,1,1,Brasileirao Serie A 2020
2020-08-16,3,Atletico-MG,Ceara,2,0,Brasileirao Serie A 2020
2020-08-16,3,Bahia,Bragantino,2,1,Brasileirao Serie A 2020
2020-08-16,3,Fluminense,Internacional,2,1,Brasileirao Serie A 2020
2020-08-16,3,Fortaleza,Botafogo-RJ,0,0,Brasileirao Serie A 2020
2020-08-16,3,Santos,Athletico-PR,3,1,Brasileirao Serie A 2020
2020-08-16,3,Vasco,Sao Paulo,2,1,Brasileirao Serie A 2020
2020-08-19,4,Athletico-PR,Palmeiras,0,1,Brasileirao Serie A 2020
2020-08-19,4,Botafogo-RJ,Atletico-MG,2,1,Brasileirao Serie A 2020
2020-08-19,4,Bragantino,Fluminense,2,1,Brasileirao Serie A 2020
2020-08-19,4,Corinthians,Coritiba,3,1,Brasileirao Serie A 2020
2020-08-19,4,Flamengo,Gremio,1,1,Brasileirao Serie A 2020
2020-08-19,4,Goias,Fortaleza,1,3,Brasileirao Serie A 2020
2020-08-19,4,Internacional,Atletico-GO,3,0,Brasileirao Serie A 2020
2020-08-20,4,Ceara,Vasco,0,3,Brasileirao Serie A 2020
2020-08-20,4,Sao Paulo,Bahia,1,1,Brasileirao Serie A 2020
2020-08-20,4,Sport,Santos,0,1,Brasileirao Serie A 2020
2020-08-22,5,Athletico-PR,Fluminense,0,1,Brasileirao Serie A 2020
2020-08-22,5,Goias,Atletico-GO,2,0,Brasileirao Serie A 2020
2020-08-22,5,Internacional,Atletico-MG,1,0,Brasileirao Serie A 2020
2020-08-23,5,Bragantino,Coritiba,1,2,Brasileirao Serie A 2020
2020-08-23,5,Ceara,Bahia,2,0,Brasileirao Serie A 2020
2020-08-23,5,Flamengo,Botafogo-RJ,1,1,Brasileirao Serie A 2020
2020-08-23,5,Palmeiras,Santos,2,1,Brasileirao Serie A 2020
2020-08-23,5,Sport,Sao Paulo,0,1,Brasileirao Serie A 2020
2020-08-23,5,Vasco,Gremio,0,0,Brasileirao Serie A 2020
2020-08-26,5,Corinthians,Fortaleza,1,1,Brasileirao Serie A 2020
2020-08-26,11,Sao Paulo,Athletico-PR,1,0,Brasileirao Serie A 2020
2020-08-29,6,Bahia,Palmeiras,1,1,Brasileirao Serie A 2020
2020-08-29,6,Botafogo-RJ,Internacional,0,2,Brasileirao Serie A 2020
2020-08-29,6,Fluminense,Vasco,2,1,Brasileirao Serie A 2020
2020-08-29,6,Fortaleza,Bragantino,3,0,Brasileirao Serie A 2020
2020-08-30,6,Atletico-GO,Ceara,0,2,Brasileirao Serie A 2020
2020-08-30,6,Coritiba,Sport,1,0,Brasileirao Serie A 2020
2020-08-30,6,Santos,Flamengo,0,1,Brasileirao Serie A 2020
2020-08-30,6,Sao Paulo,Corinthians,2,1,Brasileirao Serie A 2020
2020-09-02,7,Athletico-PR,Bragantino,1,1,Brasileirao Serie A 2020
2020-09-02,7,Bahia,Flamengo,3,5,Brasileirao Serie A 2020
2020-09-02,7,Botafogo-RJ,Coritiba,0,0,Brasileirao Serie A 2020
2020-09-02,7,Ceara,Fortaleza,1,0,Brasileirao Serie A 2020
2020-09-02,7,Fluminense,Atletico-GO,1,1,Brasileirao Serie A 2020
2020-09-02,7,Goias,Corinthians,1,2,Brasileirao Serie A 2020
2020-09-02,7,Palmeiras,Internacional,1,1,Brasileirao Serie A 2020
2020-09-02,7,Santos,Vasco,2,2,Brasileirao Serie A 2020
2020-09-03,7,Atletico-MG,Sao Paulo,3,0,Brasileirao Serie A 2020
2020-09-03,7,Gremio,Sport,1,2,Brasileirao Serie A 2020
2020-09-05,8,Ceara,Santos,0,1,Brasileirao Serie A 2020
2020-09-05,8,Corinthians,Botafogo-RJ,2,2,Brasileirao Serie A 2020
2020-09-05,8,Flamengo,Fortaleza,2,1,Brasileirao Serie A 2020
2020-09-06,8,Atletico-GO,Gremio,1,1,Brasileirao Serie A 2020
2020-09-06,8,Bragantino,Palmeiras,1,2,Brasileirao Serie A 2020
2020-09-06,8,Coritiba,Atletico-MG,0,1,Brasileirao Serie A 2020
2020-09-06,8,Internacional,Bahia,2,2,Brasileirao Serie A 2020
2020-09-06,8,Sao Paulo,Fluminense,3,1,Brasileirao Serie A 2020
2020-09-06,8,Sport,Goias,2,1,Brasileirao Serie A 2020
2020-09-06,8,Vasco,Athletico-PR,1,0,Brasileirao Serie A 2020
2020-09-09,9,Athletico-PR,Botafogo-RJ,1,1,Brasileirao Serie A 2020
2020-09-09,9,Fluminense,Flamengo,1,2,Brasileirao Serie A 2020
2020-09-09,9,Fortaleza,Sport,1,0,Brasileirao Serie A 2020
2020-09-09,9,Goias,Coritiba,3,3,Brasileirao Serie A 2020
2020-09-09,9,Santos,Atletico-MG,3,1,Brasileirao Serie A 2020
2020-09-09,9,Sao Paulo,Bragantino,1,1,Brasileirao Serie A 2020
2020-09-10,9,Bahia,Gremio,0,2,Brasileirao Serie A 2020
2020-09-10,9,Corinthians,Palmeiras,0,2,Brasileirao Serie A 2020
2020-09-10,9,Internacional,Ceara,2,0,Brasileirao Serie A 2020
2020-09-10,9,Vasco,Atletico-GO,1,2,Brasileirao Serie A 2020
2020-09-12,10,Athletico-PR,Coritiba,1,0,Brasileirao Serie A 2020
2020-09-12,10,Santos,Sao Paulo,2,2,Brasileirao Serie A 2020
2020-09-13,10,Atletico-MG,Bragantino,2,1,Brasileirao Serie A 2020
2020-09-13,10,Bahia,Atletico-GO,0,1,Brasileirao Serie A 2020
2020-09-13,10,Botafogo-RJ,Vasco,2,3,Brasileirao Serie A 2020
2020-09-13,10,Ceara,Flamengo,2,0,Brasileirao Serie A 2020
2020-09-13,10,Fluminense,Corinthians,2,1,Brasileirao Serie A 2020
2020-09-13,10,Goias,Internacional,1,0,Brasileirao Serie A 2020
2020-09-13,10,Gremio,Fortaleza,1,1,Brasileirao Serie A 2020
2020-09-13,10,Palmeiras,Sport,2,2,Brasileirao Serie A 2020
2020-09-16,11,Corinthians,Bahia,3,2,Brasileirao Serie A 2020
2020-09-19,11,Atletico-GO,Atletico-MG,3,4,Brasileirao Serie A 2020
2020-09-19,11,Bragantino,Ceara,4,2,Brasileirao Serie A 2020
2020-09-19,11,Fortaleza,Internacional,1,0,Brasileirao Serie A 2020
2020-09-20,11,Botafogo-RJ,Santos,0,0,Brasileirao Serie A 2020
2020-09-20,11,Coritiba,Vasco,1,0,Brasileirao Serie A 2020
2020-09-20,11,Gremio,Palmeiras,1,1,Brasileirao Serie A 2020
2020-09-20,11,Sport,Fluminense,1,0,Brasileirao Serie A 2020
2020-09-23,12,Sport,Corinthians,1,0,Brasileirao Serie A 2020
2020-09-26,12,Athletico-PR,Bahia,1,0,Brasileirao Serie A 2020
2020-09-26,12,Atletico-MG,Gremio,3,1,Brasileirao Serie A 2020
2020-09-26,12,Internacional,Sao Paulo,1,1,Brasileirao Serie A 2020
2020-09-27,12,Atletico-GO,Botafogo-RJ,1,1,Brasileirao Serie A 2020
2020-09-27,12,Ceara,Goias,2,2,Brasileirao Serie A 2020
2020-09-27,12,Palmeiras,Flamengo,1,1,Brasileirao Serie A 2020
2020-09-27,12,Santos,Fortaleza,1,1,Brasileirao Serie A 2020
2020-09-27,12,Vasco,Bragantino,1,1,Brasileirao Serie A 2020
2020-09-28,12,Fluminense,Coritiba,4,0,Brasileirao Serie A 2020
2020-09-30,1,Botafogo-RJ,Bahia,1,2,Brasileirao Serie A 2020
2020-09-30,1,Corinthians,Atletico-GO,0,0,Brasileirao Serie A 2020
2020-10-03,13,Bragantino,Corinthians,0,0,Brasileirao Serie A 2020
2020-10-03,13,Gremio,Internacional,1,1,Brasileirao Serie A 2020
2020-10-03,13,Palmeiras,Ceara,2,1,Brasileirao Serie A 2020
2020-10-04,13,Atletico-MG,Vasco,4,1,Brasileirao Serie A 2020
2020-10-04,13,Bahia,Sport,1,2,Brasileirao Serie A 2020
2020-10-04,13,Botafogo-RJ,Fluminense,1,1,Brasileirao Serie A 2020
2020-10-04,13,Coritiba,Sao Paulo,1,1,Brasileirao Serie A 2020
2020-10-04,13,Flamengo,Athletico-PR,3,1,Brasileirao Serie A 2020
2020-10-04,13,Fortaleza,Atletico-GO,0,0,Brasileirao Serie A 2020
2020-10-04,13,Goias,Santos,2,3,Brasileirao Serie A 2020
2020-10-07,14,Bahia,Vasco,3,0,Brasileirao Serie A 2020
2020-10-07,14,Botafogo-RJ,Palmeiras,2,1,Brasileirao Serie A 2020
2020-10-07,14,Corinthians,Santos,1,1,Brasileirao Serie A 2020
2020-10-07,14,Flamengo,Sport,3,0,Brasileirao Serie A 2020
2020-10-07,14,Fortaleza,Atletico-MG,2,1,Brasileirao Serie A 2020
2020-10-07,14,Goias,Fluminense,2,4,Brasileirao Serie A 2020
2020-10-07,14,Gremio,Coritiba,2,1,Brasileirao Serie A 2020
2020-10-07,14,Sao Paulo,Atletico-GO,3,0,Brasileirao Serie A 2020
2020-10-08,14,Athletico-PR,Ceara,0,0,Brasileirao Serie A 2020
2020-10-08,14,Bragantino,Internacional,0,2,Brasileirao Serie A 2020
2020-10-10,15,Atletico-MG,Goias,3,0,Brasileirao Serie A 2020
2020-10-10,15,Coritiba,Fortaleza,0,0,Brasileirao Serie A 2020
2020-10-10,15,Palmeiras,Sao Paulo,0,2,Brasileirao Serie A 2020
2020-10-10,15,Vasco,Flamengo,1,2,Brasileirao Serie A 2020
2020-10-11,15,Atletico-GO,Bragantino,2,1,Brasileirao Serie A 2020
2020-10-11,15,Ceara,Corinthians,2,1,Brasileirao Serie A 2020
2020-10-11,15,Fluminense,Bahia,1,0,Brasileirao Serie A 2020
2020-10-11,15,Internacional,Athletico-PR,2,1,Brasileirao Serie A 2020
2020-10-11,15,Santos,Gremio,2,1,Brasileirao Serie A 2020
2020-10-11,15,Sport,Botafogo-RJ,1,2,Brasileirao Serie A 2020
2020-10-13,11,Flamengo,Goias,2,1,Brasileirao Serie A 2020
2020-10-14,16,Athletico-PR,Corinthians,0,1,Brasileirao Serie A 2020
2020-10-14,16,Atletico-MG,Fluminense,1,1,Brasileirao Serie A 2020
2020-10-14,16,Gremio,Botafogo-RJ,3,1,Brasileirao Serie A 2020
2020-10-14,16,Palmeiras,Coritiba,1,3,Brasileirao Serie A 2020
2020-10-14,16,Santos,Atletico-GO,0,1,Brasileirao Serie A 2020
2020-10-14,16,Sport,Internacional,3,5,Brasileirao Serie A 2020
2020-10-15,16,Flamengo,Bragantino,1,1,Brasileirao Serie A 2020
2020-10-16,16,Goias,Bahia,1,1,Brasileirao Serie A 2020
2020-10-17,17,Atletico-GO,Athletico-PR,1,1,Brasileirao Serie A 2020
2020-10-17,17,Coritiba,Santos,1,2,Brasileirao Serie A 2020
2020-10-17,17,Fluminense,Ceara,2,2,Brasileirao Serie A 2020
2020-10-17,17,Sao Paulo,Gremio,0,0,Brasileirao Serie A 2020
2020-10-18,17,Bragantino,Sport,2,0,Brasileirao Serie A 2020
2020-10-18,17,Corinthians,Flamengo,1,5,Brasileirao Serie A 2020
2020-10-18,17,Fortaleza,Palmeiras,2,0,Brasileirao Serie A 2020
2020-10-18,17,Internacional,Vasco,2,0,Brasileirao Serie A 2020
2020-10-19,17,Bahia,Atletico-MG,3,1,Brasileirao Serie A 2020
2020-10-19,17,Botafogo-RJ,Goias,0,0,Brasileirao Serie A 2020
2020-10-21,18,Vasco,Corinthians,1,2,Brasileirao Serie A 2020
2020-10-24,18,Atletico-MG,Sport,0,0,Brasileirao Serie A 2020
2020-10-24,18,Bragantino,Goias,2,0,Brasileirao Serie A 2020
2020-10-24,18,Ceara,Coritiba,2,1,Brasileirao Serie A 2020
2020-10-25,18,Athletico-PR,Gremio,1,2,Brasileirao Serie A 2020
2020-10-25,18,Atletico-GO,Palmeiras,0,3,Brasileirao Serie A 2020
2020-10-25,18,Fluminense,Santos,3,1,Brasileirao Serie A 2020
2020-10-25,18,Internacional,Flamengo,2,2,Brasileirao Serie A 2020
2020-10-31,19,Botafogo-RJ,Ceara,2,2,Brasileirao Serie A 2020
2020-10-31,19,Corinthians,Internacional,1,0,Brasileirao Serie A 2020
2020-10-31,19,Coritiba,Atletico-GO,1,0,Brasileirao Serie A 2020
2020-10-31,19,Fortaleza,Fluminense,0,1,Brasileirao Serie A 2020
2020-11-01,19,Flamengo,Sao Paulo,1,4,Brasileirao Serie A 2020
2020-11-01,19,Goias,Vasco,1,1,Brasileirao Serie A 2020
2020-11-01,19,Santos,Bahia,3,1,Brasileirao Serie A 2020
2020-11-01,19,Sport,Athletico-PR,1,0,Brasileirao Serie A 2020
2020-11-02,19,Gremio,Bragantino,2,1,Brasileirao Serie A 2020
2020-11-02,19,Palmeiras,Atletico-MG,3,0,Brasileirao Serie A 2020
2020-11-07,20,Athletico-PR,Fortaleza,2,1,Brasileirao Serie A 2020
2020-11-07,20,Atletico-GO,Corinthians,1,1,Brasileirao Serie A 2020
2020-11-07,20,Sao Paulo,Goias,2,1,Brasileirao Serie A 2020
2020-11-08,20,Atletico-MG,Flamengo,4,0,Brasileirao Serie A 2020
2020-11-08,20,Bahia,Botafogo-RJ,1,0,Brasileirao Serie A 2020
2020-11-08,20,Bragantino,Santos,1,1,Brasileirao Serie A 2020
2020-11-08,20,Ceara,Sport,0,0,Brasileirao Serie A 2020
2020-11-08,20,Fluminense,Gremio,0,1,Brasileirao Serie A 2020
2020-11-08,20,Internacional,Coritiba,2,2,Brasileirao Serie A 2020
2020-11-08,20,Vasco,Palmeiras,0,1,Brasileirao Serie A 2020
2020-11-11,18,Bahia,Fortaleza,2,1,Brasileirao Serie A 2020
2020-11-14,21,Corinthians,Atletico-MG,1,2,Brasileirao Serie A 2020
2020-11-14,21,Flamengo,Atletico-GO,1,1,Brasileirao Serie A 2020
2020-11-14,21,Fortaleza,Sao Paulo,2,3,Brasileirao Serie A 2020
2020-11-14,21,Goias,Athletico-PR,0,1,Brasileirao Serie A 2020
2020-11-14,21,Gremio,Ceara,4,2,Brasileirao Serie A 2020
2020-11-14,21,Palmeiras,Fluminense,2,0,Brasileirao Serie A 2020
2020-11-14,21,Santos,Internacional,2,0,Brasileirao Serie A 2020
2020-11-14,21,Sport,Vasco,0,2,Brasileirao Serie A 2020
2020-11-16,21,Botafogo-RJ,Bragantino,1,2,Brasileirao Serie A 2020
2020-11-16,21,Coritiba,Bahia,1,2,Brasileirao Serie A 2020
2020-11-18,6,Atletico-MG,Athletico-PR,0,2,Brasileirao Serie A 2020
2020-11-19,16,Vasco,Fortaleza,0,0,Brasileirao Serie A 2020
2020-11-20,22,Bragantino,Bahia,4,0,Brasileirao Serie A 2020
2020-11-21,22,Athletico-PR,Santos,1,0,Brasileirao Serie A 2020
2020-11-21,22,Flamengo,Coritiba,3,1,Brasileirao Serie A 2020
2020-11-21,22,Goias,Palmeiras,1,0,Brasileirao Serie A 2020
2020-11-22,22,Botafogo-RJ,Fortaleza,1,2,Brasileirao Serie A 2020
2020-11-22,22,Ceara,Atletico-MG,2,2,Brasileirao Serie A 2020
2020-11-22,22,Corinthians,Gremio,0,0,Brasileirao Serie A 2020
2020-11-22,22,Internacional,Fluminense,1,2,Brasileirao Serie A 2020
2020-11-22,22,Sao Paulo,Vasco,1,1,Brasileirao Serie A 2020
2020-11-23,22,Sport,Atletico-GO,0,1,Brasileirao Serie A 2020
2020-11-25,23,Atletico-MG,Botafogo-RJ,2,1,Brasileirao Serie A 2020
2020-11-25,16,Ceara,Sao Paulo,1,1,Brasileirao Serie A 2020
2020-11-25,23,Coritiba,Corinthians,0,1,Brasileirao Serie A 2020
2020-11-26,23,Fortaleza,Goias,1,1,Brasileirao Serie A 2020
2020-11-28,23,Atletico-GO,Internacional,0,0,Brasileirao Serie A 2020
2020-11-28,23,Bahia,Sao Paulo,1,3,Brasileirao Serie A 2020
2020-11-28,23,Palmeiras,Athletico-PR,3,0,Brasileirao Serie A 2020
2020-11-28,23,Santos,Sport,4,2,Brasileirao Serie A 2020
2020-11-30,23,Fluminense,Bragantino,0,0,Brasileirao Serie A 2020
2020-11-30,6,Gremio,Goias,2,1,Brasileirao Serie A 2020
2020-11-30,23,Vasco,Ceara,1,4,Brasileirao Serie A 2020
2020-12-02,24,Fortaleza,Corinthians,0,0,Brasileirao Serie A 2020
2020-12-03,1,Goias,Sao Paulo,0,3,Brasileirao Serie A 2020
2020-12-05,24,Bahia,Ceara,0,2,Brasileirao Serie A 2020
2020-12-05,24,Botafogo-RJ,Flamengo,0,1,Brasileirao Serie A 2020
2020-12-05,24,Coritiba,Bragantino,0,0,Brasileirao Serie A 2020
2020-12-05,24,Fluminense,Athletico-PR,3,1,Brasileirao Serie A 2020
2020-12-05,24,Santos,Palmeiras,2,2,Brasileirao Serie A 2020
2020-12-06,24,Atletico-MG,Internacional,2,2,Brasileirao Serie A 2020
2020-12-06,24,Gremio,Vasco,4,0,Brasileirao Serie A 2020
2020-12-06,24,Sao Paulo,Sport,1,0,Brasileirao Serie A 2020
2020-12-07,24,Atletico-GO,Goias,0,1,Brasileirao Serie A 2020
2020-12-09,18,Sao Paulo,Botafogo-RJ,4,0,Brasileirao Serie A 2020
2020-12-12,25,Athletico-PR,Atletico-MG,0,1,Brasileirao Serie A 2020
2020-12-12,25,Bragantino,Fortaleza,2,1,Brasileirao Serie A 2020
2020-12-12,25,Ceara,Atletico-GO,1,2,Brasileirao Serie A 2020
2020-12-12,25,Goias,Gremio,0,0,Brasileirao Serie A 2020
2020-12-12,25,Internacional,Botafogo-RJ,2,1,Brasileirao Serie A 2020
2020-12-12,25,Palmeiras,Bahia,3,0,Brasileirao Serie A 2020
2020-12-13,25,Corinthians,Sao Paulo,1,0,Brasileirao Serie A 2020
2020-12-13,25,Flamengo,Santos,4,1,Brasileirao Serie A 2020
2020-12-13,25,Sport,Coritiba,1,0,Brasileirao Serie A 2020
2020-12-13,25,Vasco,Fluminense,1,1,Brasileirao Serie A 2020
2020-12-16,26,Atletico-GO,Fluminense,2,1,Brasileirao Serie A 2020
2020-12-16,26,Sao Paulo,Atletico-MG,3,0,Brasileirao Serie A 2020
2020-12-19,26,Coritiba,Botafogo-RJ,1,2,Brasileirao Serie A 2020
2020-12-19,26,Internacional,Palmeiras,2,0,Brasileirao Serie A 2020
2020-12-19,26,Sport,Gremio,1,1,Brasileirao Serie A 2020
2020-12-20,26,Bragantino,Athletico-PR,0,1,Brasileirao Serie A 2020
2020-12-20,26,Flamengo,Bahia,4,3,Brasileirao Serie A 2020
2020-12-20,26,Fortaleza,Ceara,0,2,Brasileirao Serie A 2020
2020-12-20,26,Vasco,Santos,1,0,Brasileirao Serie A 2020
2020-12-21,26,Corinthians,Goias,2,1,Brasileirao Serie A 2020
2020-12-26,27,Atletico-MG,Coritiba,2,0,Brasileirao Serie A 2020
2020-12-26,27,Fluminense,Sao Paulo,1,2,Brasileirao Serie A 2020
2020-12-26,27,Fortaleza,Flamengo,0,0,Brasileirao Serie A 2020
2020-12-26,27,Goias,Sport,1,0,Brasileirao Serie A 2020
2020-12-27,27,Athletico-PR,Vasco,3,0,Brasileirao Serie A 2020
2020-12-27,27,Bahia,Internacional,1,2,Brasileirao Serie A 2020
2020-12-27,27,Botafogo-RJ,Corinthians,0,2,Brasileirao Serie A 2020
2020-12-27,27,Gremio,Atletico-GO,2,1,Brasileirao Serie A 2020
2020-12-27,27,Palmeiras,Bragantino,1,0,Brasileirao Serie A 2020
2020-12-27,27,Santos,Ceara,1,1,Brasileirao Serie A 2020
2021-01-06,28,Botafogo-RJ,Athletico-PR,0,2,Brasileirao Serie A 2021
2021-01-06,28,Bragantino,Sao Paulo,4,2,Brasileirao Serie A 2021
2021-01-06,28,Coritiba,Goias,1,2,Brasileirao Serie A 2021
2021-01-06,28,Flamengo,Fluminense,1,2,Brasileirao Serie A 2021
2021-01-06,28,Gremio,Bahia,2,1,Brasileirao Serie A 2021
2021-01-06,28,Sport,Fortaleza,1,0,Brasileirao Serie A 2021
2021-01-07,28,Atletico-GO,Vasco,0,0,Brasileirao Serie A 2021
2021-01-07,28,Ceara,Internacional,0,2,Brasileirao Serie A 2021
2021-01-09,29,Coritiba,Athletico-PR,0,0,Brasileirao Serie A 2021
2021-01-09,29,Fortaleza,Gremio,0,0,Brasileirao Serie A 2021
2021-01-09,29,Sport,Palmeiras,0,1,Brasileirao Serie A 2021
2021-01-10,29,Atletico-GO,Bahia,1,1,Brasileirao Serie A 2021
2021-01-10,29,Flamengo,Ceara,0,2,Brasileirao Serie A 2021
2021-01-10,29,Internacional,Goias,1,0,Brasileirao Serie A 2021
2021-01-10,29,Sao Paulo,Santos,0,1,Brasileirao Serie A 2021
2021-01-10,29,Vasco,Botafogo-RJ,3,0,Brasileirao Serie A 2021
2021-01-11,29,Bragantino,Atletico-MG,2,2,Brasileirao Serie A 2021
2021-01-13,29,Corinthians,Fluminense,5,0,Brasileirao Serie A 2021
2021-01-15,30,Palmeiras,Gremio,1,1,Brasileirao Serie A 2021
2021-01-16,30,Fluminense,Sport,1,0,Brasileirao Serie A 2021
2021-01-16,30,Vasco,Coritiba,0,1,Brasileirao Serie A 2021
2021-01-17,30,Athletico-PR,Sao Paulo,1,1,Brasileirao Serie A 2021
2021-01-17,30,Atletico-MG,Atletico-GO,3,1,Brasileirao Serie A 2021
2021-01-17,30,Ceara,Bragantino,1,2,Brasileirao Serie A 2021
2021-01-17,30,Internacional,Fortaleza,4,2,Brasileirao Serie A 2021
2021-01-17,30,Santos,Botafogo-RJ,2,1,Brasileirao Serie A 2021
2021-01-18,30,Goias,Flamengo,0,3,Brasileirao Serie A 2021
2021-01-18,28,Palmeiras,Corinthians,4,0,Brasileirao Serie A 2021
2021-01-20,31,Bahia,Athletico-PR,1,0,Brasileirao Serie A 2021
2021-01-20,31,Botafogo-RJ,Atletico-GO,1,3,Brasileirao Serie A 2021
2021-01-20,31,Bragantino,Vasco,4,1,Brasileirao Serie A 2021
2021-01-20,31,Coritiba,Fluminense,3,3,Brasileirao Serie A 2021
2021-01-20,31,Gremio,Atletico-MG,1,1,Brasileirao Serie A 2021
2021-01-20,31,Sao Paulo,Internacional,1,5,Brasileirao Serie A 2021
2021-01-21,31,Corinthians,Sport,3,0,Brasileirao Serie A 2021
2021-01-21,31,Flamengo,Palmeiras,2,0,Brasileirao Serie A 2021
2021-01-21,31,Fortaleza,Santos,2,0,Brasileirao Serie A 2021
2021-01-21,31,Goias,Ceara,0,4,Brasileirao Serie A 2021
2021-01-23,32,Sao Paulo,Coritiba,1,1,Brasileirao Serie A 2021
2021-01-23,32,Vasco,Atletico-MG,3,2,Brasileirao Serie A 2021
2021-01-24,32,Athletico-PR,Flamengo,2,1,Brasileirao Serie A 2021
2021-01-24,32,Atletico-GO,Fortaleza,2,0,Brasileirao Serie A 2021
2021-01-24,32,Ceara,Palmeiras,2,1,Brasileirao Serie A 2021
2021-01-24,32,Fluminense,Botafogo-RJ,2,0,Brasileirao Serie A 2021
2021-01-24,32,Internacional,Gremio,2,1,Brasileirao Serie A 2021
2021-01-24,32,Santos,Goias,3,4,Brasileirao Serie A 2021
2021-01-24,32,Sport,Bahia,2,0,Brasileirao Serie A 2021
2021-01-25,32,Corinthians,Bragantino,0,2,Brasileirao Serie A 2021
2021-01-26,28,Atletico-MG,Santos,2,0,Brasileirao Serie A 2021
2021-01-26,1,Palmeiras,Vasco,1,1,Brasileirao Serie A 2021
2021-01-28,30,Bahia,Corinthians,2,1,Brasileirao Serie A 2021
2021-01-28,23,Gremio,Flamengo,2,4,Brasileirao Serie A 2021
2021-01-31,33,Atletico-GO,Sao Paulo,2,1,Brasileirao Serie A 2021
2021-01-31,33,Atletico-MG,Fortaleza,2,0,Brasileirao Serie A 2021
2021-01-31,33,Ceara,Athletico-PR,0,2,Brasileirao Serie A 2021
2021-01-31,33,Coritiba,Gremio,1,1,Brasileirao Serie A 2021
2021-01-31,33,Fluminense,Goias,3,0,Brasileirao Serie A 2021
2021-01-31,33,Internacional,Bragantino,2,1,Brasileirao Serie A 2021
2021-01-31,33,Vasco,Bahia,0,0,Brasileirao Serie A 2021
2021-02-01,33,Sport,Flamengo,0,3,Brasileirao Serie A 2021
2021-02-02,33,Palmeiras,Botafogo-RJ,1,1,Brasileirao Serie A 2021
2021-02-03,34,Bahia,Fluminense,0,1,Brasileirao Serie A 2021
2021-02-03,34,Bragantino,Atletico-GO,2,0,Brasileirao Serie A 2021
2021-02-03,34,Corinthians,Ceara,2,1,Brasileirao Serie A 2021
2021-02-03,34,Goias,Atletico-MG,1,0,Brasileirao Serie A 2021
2021-02-03,34,Gremio,Santos,3,3,Brasileirao Serie A 2021
2021-02-04,34,Athletico-PR,Internacional,0,0,Brasileirao Serie A 2021
2021-02-04,34,Flamengo,Vasco,2,0,Brasileirao Serie A 2021
2021-02-04,34,Fortaleza,Coritiba,3,1,Brasileirao Serie A 2021
2021-02-05,34,Botafogo-RJ,Sport,0,1,Brasileirao Serie A 2021
2021-02-06,35,Atletico-GO,Santos,1,1,Brasileirao Serie A 2021
2021-02-06,35,Bahia,Goias,3,3,Brasileirao Serie A 2021
2021-02-07,35,Bragantino,Flamengo,1,1,Brasileirao Serie A 2021
2021-02-08,35,Botafogo-RJ,Gremio,2,5,Brasileirao Serie A 2021
2021-02-10,35,Corinthians,Athletico-PR,3,3,Brasileirao Serie A 2021
2021-02-10,35,Fluminense,Atletico-MG,0,0,Brasileirao Serie A 2021
2021-02-10,35,Fortaleza,Vasco,3,0,Brasileirao Serie A 2021
2021-02-10,35,Internacional,Sport,1,2,Brasileirao Serie A 2021
2021-02-10,35,Sao Paulo,Ceara,1,1,Brasileirao Serie A 2021
2021-02-13,36,Atletico-MG,Bahia,1,1,Brasileirao Serie A 2021
2021-02-13,36,Goias,Botafogo-RJ,2,0,Brasileirao Serie A 2021
2021-02-13,36,Santos,Coritiba,2,0,Brasileirao Serie A 2021
2021-02-14,36,Athletico-PR,Atletico-GO,2,1,Brasileirao Serie A 2021
2021-02-14,36,Flamengo,Corinthians,2,1,Brasileirao Serie A 2021
2021-02-14,36,Gremio,Sao Paulo,1,2,Brasileirao Serie A 2021
2021-02-14,36,Palmeiras,Fortaleza,3,0,Brasileirao Serie A 2021
2021-02-14,36,Vasco,Internacional,0,2,Brasileirao Serie A 2021
2021-02-15,36,Ceara,Fluminense,1,3,Brasileirao Serie A 2021
2021-02-15,36,Sport,Bragantino,0,0,Brasileirao Serie A 2021
2021-02-17,35,Coritiba,Palmeiras,1,0,Brasileirao Serie A 2021
2021-02-17,33,Santos,Corinthians,1,0,Brasileirao Serie A 2021
2021-02-19,34,Sao Paulo,Palmeiras,1,1,Brasileirao Serie A 2021
2021-02-20,37,Coritiba,Ceara,0,2,Brasileirao Serie A 2021
2021-02-20,37,Fortaleza,Bahia,0,4,Brasileirao Serie A 2021
2021-02-21,37,Corinthians,Vasco,0,0,Brasileirao Serie A 2021
2021-02-21,37,Flamengo,Internacional,2,1,Brasileirao Serie A 2021
2021-02-21,37,Goias,Bragantino,0,0,Brasileirao Serie A 2021
2021-02-21,37,Gremio,Athletico-PR,1,0,Brasileirao Serie A 2021
2021-02-21,37,Santos,Fluminense,1,1,Brasileirao Serie A 2021
2021-02-21,37,Sport,Atletico-MG,2,3,Brasileirao Serie A 2021
2021-02-22,37,Botafogo-RJ,Sao Paulo,1,0,Brasileirao Serie A 2021
2021-02-22,37,Palmeiras,Atletico-GO,1,1,Brasileirao Serie A 2021
2021-02-25,38,Athletico-PR,Sport,2,0,Brasileirao Serie A 2021
2021-02-25,38,Atletico-GO,Coritiba,3,1,Brasileirao Serie A 2021
2021-02-25,38,Atletico-MG,Palmeiras,2,0,Brasileirao Serie A 2021
2021-02-25,38,Bahia,Santos,2,0,Brasileirao Serie A 2021
2021-02-25,38,Bragantino,Gremio,1,0,Brasileirao Serie A 2021
2021-02-25,38,Ceara,Botafogo-RJ,2,1,Brasileirao Serie A 2021
2021-02-25,38,Fluminense,Fortaleza,2,0,Brasileirao Serie A 2021
2021-02-25,38,Internacional,Corinthians,0,0,Brasileirao Serie A 2021
2021-02-25,38,Sao Paulo,Flamengo,2,1,Brasileirao Serie A 2021
2021-02-25,38,Vasco,Goias,3,2,Brasileirao Serie A 2021
2021-05-29,1,Bahia,Santos,3,0,Brasileirao Serie A 2021
2021-05-29,1,Cuiaba,Juventude,2,2,Brasileirao Serie A 2021
2021-05-29,1,Sao Paulo,Fluminense,0,0,Brasileirao Serie A 2021
2021-05-30,1,Athletico-PR,America-MG,1,0,Brasileirao Serie A 2021
2021-05-30,1,Atletico-MG,Fortaleza,1,2,Brasileirao Serie A 2021
2021-05-30,1,Ceara,Gremio,3,2,Brasileirao Serie A 2021
2021-05-30,1,Chapecoense,Bragantino,0,3,Brasileirao Serie A 2021
2021-05-30,1,Corinthians,Atletico-GO,0,1,Brasileirao Serie A 2021
2021-05-30,1,Flamengo,Palmeiras,1,0,Brasileirao Serie A 2021
2021-05-30,1,Internacional,Sport,2,2,Brasileirao Serie A 2021
2021-06-05,2,Atletico-GO,Sao Paulo,2,0,Brasileirao Serie A 2021
2021-06-05,2,Bragantino,Bahia,3,3,Brasileirao Serie A 2021
2021-06-05,2,Santos,Ceara,3,1,Brasileirao Serie A 2021
2021-06-06,2,America-MG,Corinthians,0,1,Brasileirao Serie A 2021
2021-06-06,2,Fluminense,Cuiaba,1,0,Brasileirao Serie A 2021
2021-06-06,2,Fortaleza,Internacional,5,1,Brasileirao Serie A 2021
2021-06-06,2,Juventude,Athletico-PR,0,3,Brasileirao Serie A 2021
2021-06-06,2,Palmeiras,Chapecoense,3,1,Brasileirao Serie A 2021
2021-06-06,2,Sport,Atletico-MG,0,1,Brasileirao Serie A 2021
2021-06-12,3,Palmeiras,Corinthians,1,1,Brasileirao Serie A 2021
2021-06-12,3,Santos,Juventude,0,0,Brasileirao Serie A 2021
2021-06-13,3,Atletico-MG,Sao Paulo,1,0,Brasileirao Serie A 2021
2021-06-13,3,Bahia,Internacional,0,1,Brasileirao Serie A 2021
2021-06-13,3,Bragantino,Fluminense,2,2,Brasileirao Serie A 2021
2021-06-13,3,Chapecoense,Ceara,0,0,Brasileirao Serie A 2021
2021-06-13,3,Flamengo,America-MG,2,0,Brasileirao Serie A 2021
2021-06-13,3,Fortaleza,Sport,1,0,Brasileirao Serie A 2021
2021-06-13,3,Gremio,Athletico-PR,0,1,Brasileirao Serie A 2021
2021-06-16,4,Corinthians,Bragantino,1,2,Brasileirao Serie A 2021
2021-06-16,4,Internacional,Atletico-MG,0,1,Brasileirao Serie A 2021
2021-06-16,4,Juventude,Palmeiras,0,3,Brasileirao Serie A 2021
2021-06-16,4,Sao Paulo,Chapecoense,1,1,Brasileirao Serie A 2021
2021-06-17,4,America-MG,Cuiaba,0,0,Brasileirao Serie A 2021
2021-06-17,4,Atletico-GO,Fortaleza,0,0,Brasileirao Serie A 2021
2021-06-17,4,Ceara,Bahia,1,2,Brasileirao Serie A 2021
2021-06-17,4,Fluminense,Santos,1,0,Brasileirao Serie A 2021
2021-06-17,4,Sport,Gremio,1,0,Brasileirao Serie A 2021
2021-06-19,5,Flamengo,Bragantino,2,3,Brasileirao Serie A 2021
2021-06-20,5,Athletico-PR,Atletico-GO,2,1,Brasileirao Serie A 2021
2021-06-20,5,Bahia,Corinthians,0,0,Brasileirao Serie A 2021
2021-06-20,5,Fortaleza,Fluminense,1,1,Brasileirao Serie A 2021
2021-06-20,5,Internacional,Ceara,1,1,Brasileirao Serie A 2021
2021-06-20,5,Juventude,Sport,1,0,Brasileirao Serie A 2021
2021-06-20,5,Palmeiras,America-MG,2,1,Brasileirao Serie A 2021
2021-06-20,5,Santos,Sao Paulo,2,0,Brasileirao Serie A 2021
2021-06-21,5,Atletico-MG,Chapecoense,1,1,Brasileirao Serie A 2021
2021-06-23,6,Atletico-GO,Fluminense,1,0,Brasileirao Serie A 2021
2021-06-23,6,Bragantino,Palmeiras,3,1,Brasileirao Serie A 2021
2021-06-23,6,Flamengo,Fortaleza,2,1,Brasileirao Serie A 2021
2021-06-23,6,Sao Paulo,Cuiaba,2,2,Brasileirao Serie A 2021
2021-06-24,6,America-MG,Juventude,1,1,Brasileirao Serie A 2021
2021-06-24,6,Bahia,Athletico-PR,2,1,Brasileirao Serie A 2021
2021-06-24,6,Ceara,Atletico-MG,2,1,Brasileirao Serie A 2021
2021-06-24,6,Chapecoense,Internacional,1,2,Brasileirao Serie A 2021
2021-06-24,6,Corinthians,Sport,2,1,Brasileirao Serie A 2021
2021-06-24,6,Gremio,Santos,2,2,Brasileirao Serie A 2021
2021-06-27,7,America-MG,Internacional,1,1,Brasileirao Serie A 2021
2021-06-27,7,Athletico-PR,Chapecoense,2,2,Brasileirao Serie A 2021
2021-06-27,7,Ceara,Sao Paulo,1,1,Brasileirao Serie A 2021
2021-06-27,7,Fluminense,Corinthians,1,1,Brasileirao Serie A 2021
2021-06-27,7,Gremio,Fortaleza,0,0,Brasileirao Serie A 2021
2021-06-27,7,Juventude,Flamengo,1,0,Brasileirao Serie A 2021
2021-06-27,7,Palmeiras,Bahia,3,2,Brasileirao Serie A 2021
2021-06-27,7,Santos,Atletico-MG,2,0,Brasileirao Serie A 2021
2021-06-27,7,Sport,Cuiaba,0,0,Brasileirao Serie A 2021
2021-06-28,7,Atletico-GO,Bragantino,0,1,Brasileirao Serie A 2021
2021-06-30,8,Bahia,America-MG,3,4,Brasileirao Serie A 2021
2021-06-30,8,Corinthians,Sao Paulo,0,0,Brasileirao Serie A 2021
2021-06-30,8,Fluminense,Athletico-PR,1,4,Brasileirao Serie A 2021
2021-06-30,8,Fortaleza,Chapecoense,3,2,Brasileirao Serie A 2021
2021-06-30,8,Internacional,Palmeiras,1,2,Brasileirao Serie A 2021
2021-06-30,8,Juventude,Gremio,2,0,Brasileirao Serie A 2021
2021-06-30,8,Santos,Sport,0,0,Brasileirao Serie A 2021
2021-07-01,8,Atletico-MG,Atletico-GO,4,1,Brasileirao Serie A 2021
2021-07-01,8,Bragantino,Ceara,0,0,Brasileirao Serie A 2021
2021-07-01,8,Cuiaba,Flamengo,0,2,Brasileirao Serie A 2021
2021-07-03,9,America-MG,Santos,2,0,Brasileirao Serie A 2021
2021-07-03,9,Athletico-PR,Fortaleza,2,1,Brasileirao Serie A 2021
2021-07-03,9,Corinthians,Internacional,1,1,Brasileirao Serie A 2021
2021-07-04,9,Ceara,Juventude,2,0,Brasileirao Serie A 2021
2021-07-04,9,Chapecoense,Bahia,0,2,Brasileirao Serie A 2021
2021-07-04,9,Cuiaba,Atletico-MG,0,1,Brasileirao Serie A 2021
2021-07-04,9,Flamengo,Fluminense,0,1,Brasileirao Serie A 2021
2021-07-04,9,Gremio,Atletico-GO,0,1,Brasileirao Serie A 2021
2021-07-04,9,Sao Paulo,Bragantino,1,2,Brasileirao Serie A 2021
2021-07-04,9,Sport,Palmeiras,0,1,Brasileirao Serie A 2021
2021-07-06,10,Santos,Athletico-PR,2,1,Brasileirao Serie A 2021
2021-07-07,10,Atletico-GO,Sport,1,1,Brasileirao Serie A 2021
2021-07-07,10,Atletico-MG,Flamengo,2,1,Brasileirao Serie A 2021
2021-07-07,10,Bahia,Juventude,1,0,Brasileirao Serie A 2021
2021-07-07,10,Bragantino,Cuiaba,1,1,Brasileirao Serie A 2021
2021-07-07,10,Fluminense,Ceara,0,0,Brasileirao Serie A 2021
2021-07-07,10,Fortaleza,America-MG,4,0,Brasileirao Serie A 2021
2021-07-07,10,Internacional,Sao Paulo,0,2,Brasileirao Serie A 2021
2021-07-07,10,Palmeiras,Gremio,2,0,Brasileirao Serie A 2021
2021-07-08,10,Chapecoense,Corinthians,0,1,Brasileirao Serie A 2021
2021-07-10,11,America-MG,Atletico-MG,0,1,Brasileirao Serie A 2021
2021-07-10,11,Athletico-PR,Bragantino,2,2,Brasileirao Serie A 2021
2021-07-10,11,Gremio,Internacional,0,0,Brasileirao Serie A 2021
2021-07-10,11,Palmeiras,Santos,3,2,Brasileirao Serie A 2021
2021-07-10,11,Sao Paulo,Bahia,1,0,Brasileirao Serie A 2021
2021-07-10,11,Sport,Fluminense,1,2,Brasileirao Serie A 2021
2021-07-11,11,Cuiaba,Ceara,2,2,Brasileirao Serie A 2021
2021-07-11,11,Flamengo,Chapecoense,2,1,Brasileirao Serie A 2021
2021-07-11,11,Fortaleza,Corinthians,1,0,Brasileirao Serie A 2021
2021-07-11,11,Juventude,Atletico-GO,1,1,Brasileirao Serie A 2021
2021-07-17,12,Ceara,Athletico-PR,1,0,Brasileirao Serie A 2021
2021-07-17,12,Corinthians,Atletico-MG,1,2,Brasileirao Serie A 2021
2021-07-17,12,Fluminense,Gremio,0,1,Brasileirao Serie A 2021
2021-07-17,12,Sao Paulo,Fortaleza,0,1,Brasileirao Serie A 2021
2021-07-18,12,Atletico-GO,Palmeiras,0,3,Brasileirao Serie A 2021
2021-07-18,12,Bahia,Flamengo,0,5,Brasileirao Serie A 2021
2021-07-18,12,Bragantino,Santos,2,2,Brasileirao Serie A 2021
2021-07-18,12,Chapecoense,Cuiaba,2,3,Brasileirao Serie A 2021
2021-07-18,12,Internacional,Juventude,1,0,Brasileirao Serie A 2021
2021-07-19,12,America-MG,Sport,0,1,Brasileirao Serie A 2021
2021-07-21,3,Cuiaba,Atletico-GO,2,1,Brasileirao Serie A 2021
2021-07-24,13,Gremio,America-MG,1,1,Brasileirao Serie A 2021
2021-07-24,13,Palmeiras,Fluminense,1,0,Brasileirao Serie A 2021
2021-07-25,13,Athletico-PR,Internacional,2,1,Brasileirao Serie A 2021
2021-07-25,13,Atletico-MG,Bahia,3,0,Brasileirao Serie A 2021
2021-07-25,13,Flamengo,Sao Paulo,5,1,Brasileirao Serie A 2021
2021-07-25,13,Fortaleza,Bragantino,1,0,Brasileirao Serie A 2021
2021-07-25,13,Santos,Atletico-GO,0,1,Brasileirao Serie A 2021
2021-07-25,13,Sport,Ceara,0,0,Brasileirao Serie A 2021
2021-07-26,13,Cuiaba,Corinthians,1,2,Brasileirao Serie A 2021
2021-07-26,13,Juventude,Chapecoense,1,0,Brasileirao Serie A 2021
2021-07-31,14,Bragantino,Gremio,1,0,Brasileirao Serie A 2021
2021-07-31,14,Internacional,Cuiaba,0,0,Brasileirao Serie A 2021
2021-07-31,14,Sao Paulo,Palmeiras,0,0,Brasileirao Serie A 2021
2021-08-01,14,Atletico-GO,America-MG,1,1,Brasileirao Serie A 2021
2021-08-01,14,Atletico-MG,Athletico-PR,2,0,Brasileirao Serie A 2021
2021-08-01,14,Bahia,Sport,0,1,Brasileirao Serie A 2021
2021-08-01,14,Ceara,Fortaleza,3,1,Brasileirao Serie A 2021
2021-08-01,14,Chapecoense,Santos,0,1,Brasileirao Serie A 2021
2021-08-01,14,Corinthians,Flamengo,1,3,Brasileirao Serie A 2021
2021-08-06,15,Sport,Bragantino,0,0,Brasileirao Serie A 2021
2021-08-07,15,Athletico-PR,Sao Paulo,1,2,Brasileirao Serie A 2021
2021-08-07,15,Cuiaba,Bahia,1,1,Brasileirao Serie A 2021
2021-08-07,15,Palmeiras,Fortaleza,2,3,Brasileirao Serie A 2021
2021-08-08,15,America-MG,Fluminense,1,0,Brasileirao Serie A 2021
2021-08-08,15,Ceara,Atletico-GO,0,0,Brasileirao Serie A 2021
2021-08-08,15,Flamengo,Internacional,0,4,Brasileirao Serie A 2021
2021-08-08,15,Juventude,Atletico-MG,1,2,Brasileirao Serie A 2021
2021-08-08,15,Santos,Corinthians,0,0,Brasileirao Serie A 2021
2021-08-09,15,Gremio,Chapecoense,2,1,Brasileirao Serie A 2021
2021-08-14,16,Atletico-MG,Palmeiras,2,0,Brasileirao Serie A 2021
2021-08-14,16,Bragantino,Juventude,1,2,Brasileirao Serie A 2021
2021-08-14,16,Sao Paulo,Gremio,2,1,Brasileirao Serie A 2021
2021-08-15,16,Bahia,Atletico-GO,1,2,Brasileirao Serie A 2021
2021-08-15,16,Corinthians,Ceara,3,1,Brasileirao Serie A 2021
2021-08-15,16,Cuiaba,Athletico-PR,1,0,Brasileirao Serie A 2021
2021-08-15,16,Flamengo,Sport,2,0,Brasileirao Serie A 2021
2021-08-15,16,Fortaleza,Santos,1,1,Brasileirao Serie A 2021
2021-08-15,16,Internacional,Fluminense,4,2,Brasileirao Serie A 2021
2021-08-16,16,Chapecoense,America-MG,1,1,Brasileirao Serie A 2021
2021-08-18,5,Cuiaba,Gremio,0,1,Brasileirao Serie A 2021
2021-08-21,17,Atletico-GO,Chapecoense,1,1,Brasileirao Serie A 2021
2021-08-21,17,Gremio,Bahia,2,0,Brasileirao Serie A 2021
2021-08-21,17,Juventude,Fortaleza,1,1,Brasileirao Serie A 2021
2021-08-22,17,Athletico-PR,Corinthians,0,1,Brasileirao Serie A 2021
2021-08-22,17,Ceara,Flamengo,1,1,Brasileirao Serie A 2021
2021-08-22,17,Palmeiras,Cuiaba,0,2,Brasileirao Serie A 2021
2021-08-22,17,Santos,Internacional,2,2,Brasileirao Serie A 2021
2021-08-22,17,Sport,Sao Paulo,0,1,Brasileirao Serie A 2021
2021-08-23,17,America-MG,Bragantino,0,2,Brasileirao Serie A 2021
2021-08-23,17,Fluminense,Atletico-MG,1,1,Brasileirao Serie A 2021
2021-08-28,18,Gremio,Corinthians,0,1,Brasileirao Serie A 2021
2021-08-28,18,Palmeiras,Athletico-PR,2,1,Brasileirao Serie A 2021
2021-08-28,18,Santos,Flamengo,0,4,Brasileirao Serie A 2021
2021-08-28,18,Sport,Chapecoense,0,0,Brasileirao Serie A 2021
2021-08-29,18,America-MG,Ceara,2,0,Brasileirao Serie A 2021
2021-08-29,18,Atletico-GO,Internacional,0,0,Brasileirao Serie A 2021
2021-08-29,18,Bragantino,Atletico-MG,1,1,Brasileirao Serie A 2021
2021-08-29,18,Juventude,Sao Paulo,1,1,Brasileirao Serie A 2021
2021-08-30,18,Fluminense,Bahia,2,0,Brasileirao Serie A 2021
2021-08-30,18,Fortaleza,Cuiaba,0,0,Brasileirao Serie A 2021
2021-09-02,14,Fluminense,Juventude,1,1,Brasileirao Serie A 2021
2021-09-04,19,Bahia,Fortaleza,4,2,Brasileirao Serie A 2021
2021-09-04,19,Cuiaba,Santos,2,1,Brasileirao Serie A 2021
2021-09-05,19,Athletico-PR,Sport,0,0,Brasileirao Serie A 2021
2021-09-07,19,Chapecoense,Fluminense,1,2,Brasileirao Serie A 2021
2021-09-07,19,Corinthians,Juventude,1,1,Brasileirao Serie A 2021
2021-09-11,20,America-MG,Athletico-PR,2,0,Brasileirao Serie A 2021
2021-09-11,20,Bragantino,Chapecoense,1,2,Brasileirao Serie A 2021
2021-09-11,20,Juventude,Cuiaba,1,2,Brasileirao Serie A 2021
2021-09-11,20,Santos,Bahia,0,0,Brasileirao Serie A 2021
2021-09-12,20,Atletico-GO,Corinthians,1,1,Brasileirao Serie A 2021
2021-09-12,20,Fluminense,Sao Paulo,2,1,Brasileirao Serie A 2021
2021-09-12,20,Fortaleza,Atletico-MG,0,2,Brasileirao Serie A 2021
2021-09-12,20,Gremio,Ceara,2,0,Brasileirao Serie A 2021
2021-09-12,20,Palmeiras,Flamengo,1,3,Brasileirao Serie A 2021
2021-09-13,20,Sport,Internacional,0,1,Brasileirao Serie A 2021
2021-09-18,21,Athletico-PR,Juventude,2,1,Brasileirao Serie A 2021
2021-09-18,21,Atletico-MG,Sport,3,0,Brasileirao Serie A 2021
2021-09-18,21,Bahia,Bragantino,1,1,Brasileirao Serie A 2021
2021-09-18,21,Ceara,Santos,0,0,Brasileirao Serie A 2021
2021-09-18,21,Chapecoense,Palmeiras,0,2,Brasileirao Serie A 2021
2021-09-19,21,Corinthians,America-MG,1,1,Brasileirao Serie A 2021
2021-09-19,21,Flamengo,Gremio,0,1,Brasileirao Serie A 2021
2021-09-19,21,Internacional,Fortaleza,1,0,Brasileirao Serie A 2021
2021-09-19,21,Sao Paulo,Atletico-GO,2,1,Brasileirao Serie A 2021
2021-09-20,21,Cuiaba,Fluminense,2,2,Brasileirao Serie A 2021
2021-09-22,19,Sao Paulo,America-MG,0,0,Brasileirao Serie A 2021
2021-09-25,22,Ceara,Chapecoense,1,0,Brasileirao Serie A 2021
2021-09-25,22,Corinthians,Palmeiras,2,1,Brasileirao Serie A 2021
2021-09-25,22,Sao Paulo,Atletico-MG,0,0,Brasileirao Serie A 2021
2021-09-26,22,America-MG,Flamengo,1,1,Brasileirao Serie A 2021
2021-09-26,22,Athletico-PR,Gremio,4,2,Brasileirao Serie A 2021
2021-09-26,22,Atletico-GO,Cuiaba,0,0,Brasileirao Serie A 2021
2021-09-26,22,Fluminense,Bragantino,2,1,Brasileirao Serie A 2021
2021-09-26,22,Internacional,Bahia,2,0,Brasileirao Serie A 2021
2021-09-26,22,Juventude,Santos,3,0,Brasileirao Serie A 2021
2021-09-26,22,Sport,Fortaleza,0,1,Brasileirao Serie A 2021
2021-10-02,23,Atletico-MG,Internacional,1,0,Brasileirao Serie A 2021
2021-10-02,23,Bragantino,Corinthians,2,2,Brasileirao Serie A 2021
2021-10-02,23,Cuiaba,America-MG,0,2,Brasileirao Serie A 2021
2021-10-02,23,Fortaleza,Atletico-GO,0,3,Brasileirao Serie A 2021
2021-10-03,23,Chapecoense,Sao Paulo,1,1,Brasileirao Serie A 2021
2021-10-03,23,Flamengo,Athletico-PR,3,0,Brasileirao Serie A 2021
2021-10-03,23,Gremio,Sport,1,2,Brasileirao Serie A 2021
2021-10-03,23,Palmeiras,Juventude,1,1,Brasileirao Serie A 2021
2021-10-05,24,Corinthians,Bahia,3,1,Brasileirao Serie A 2021
2021-10-06,24,America-MG,Palmeiras,2,1,Brasileirao Serie A 2021
2021-10-06,24,Atletico-GO,Athletico-PR,0,2,Brasileirao Serie A 2021
2021-10-06,24,Bragantino,Flamengo,1,1,Brasileirao Serie A 2021
2021-10-06,24,Ceara,Internacional,0,0,Brasileirao Serie A 2021
2021-10-06,24,Chapecoense,Atletico-MG,2,2,Brasileirao Serie A 2021
2021-10-06,24,Fluminense,Fortaleza,0,2,Brasileirao Serie A 2021
2021-10-06,24,Gremio,Cuiaba,2,2,Brasileirao Serie A 2021
2021-10-06,24,Sport,Juventude,3,1,Brasileirao Serie A 2021
2021-10-07,24,Sao Paulo,Santos,1,1,Brasileirao Serie A 2021
2021-10-09,25,Athletico-PR,Bahia,0,2,Brasileirao Serie A 2021
2021-10-09,25,Atletico-MG,Ceara,3,1,Brasileirao Serie A 2021
2021-10-09,25,Fluminense,Atletico-GO,0,0,Brasileirao Serie A 2021
2021-10-09,25,Fortaleza,Flamengo,0,3,Brasileirao Serie A 2021
2021-10-09,25,Juventude,America-MG,1,1,Brasileirao Serie A 2021
2021-10-09,25,Palmeiras,Bragantino,2,4,Brasileirao Serie A 2021
2021-10-09,25,Sport,Corinthians,1,0,Brasileirao Serie A 2021
2021-10-10,25,Internacional,Chapecoense,5,2,Brasileirao Serie A 2021
2021-10-10,25,Santos,Gremio,1,0,Brasileirao Serie A 2021
2021-10-11,25,Cuiaba,Sao Paulo,0,0,Brasileirao Serie A 2021
2021-10-12,26,Bahia,Palmeiras,0,0,Brasileirao Serie A 2021
2021-10-12,26,Bragantino,Atletico-GO,1,0,Brasileirao Serie A 2021
2021-10-13,26,Atletico-MG,Santos,3,1,Brasileirao Serie A 2021
2021-10-13,26,Chapecoense,Athletico-PR,1,1,Brasileirao Serie A 2021
2021-10-13,26,Corinthians,Fluminense,1,0,Brasileirao Serie A 2021
2021-10-13,26,Flamengo,Juventude,3,1,Brasileirao Serie A 2021
2021-10-13,26,Fortaleza,Gremio,1,0,Brasileirao Serie A 2021
2021-10-13,26,Internacional,America-MG,3,1,Brasileirao Serie A 2021
2021-10-14,26,Cuiaba,Sport,1,0,Brasileirao Serie A 2021
2021-10-14,26,Sao Paulo,Ceara,1,1,Brasileirao Serie A 2021
2021-10-16,27,America-MG,Bahia,0,0,Brasileirao Serie A 2021
2021-10-16,27,Chapecoense,Fortaleza,1,2,Brasileirao Serie A 2021
2021-10-17,27,Athletico-PR,Fluminense,0,1,Brasileirao Serie A 2021
2021-10-17,27,Atletico-GO,Atletico-MG,2,1,Brasileirao Serie A 2021
2021-10-17,27,Ceara,Bragantino,2,2,Brasileirao Serie A 2021
2021-10-17,27,Flamengo,Cuiaba,0,0,Brasileirao Serie A 2021
2021-10-17,27,Gremio,Juventude,3,2,Brasileirao Serie A 2021
2021-10-17,27,Palmeiras,Internacional,1,0,Brasileirao Serie A 2021
2021-10-17,27,Sport,Santos,0,0,Brasileirao Serie A 2021
2021-10-18,27,Sao Paulo,Corinthians,1,0,Brasileirao Serie A 2021
2021-10-20,19,Ceara,Palmeiras,1,2,Brasileirao Serie A 2021
2021-10-21,19,Internacional,Bragantino,1,1,Brasileirao Serie A 2021
2021-10-23,28,Fluminense,Flamengo,3,1,Brasileirao Serie A 2021
2021-10-23,28,Fortaleza,Athletico-PR,3,0,Brasileirao Serie A 2021
2021-10-23,28,Juventude,Ceara,0,0,Brasileirao Serie A 2021
2021-10-23,28,Santos,America-MG,0,2,Brasileirao Serie A 2021
2021-10-24,28,Atletico-MG,Cuiaba,2,1,Brasileirao Serie A 2021
2021-10-24,28,Bahia,Chapecoense,3,0,Brasileirao Serie A 2021
2021-10-24,28,Bragantino,Sao Paulo,1,0,Brasileirao Serie A 2021
2021-10-24,28,Internacional,Corinthians,2,2,Brasileirao Serie A 2021
2021-10-25,28,Atletico-GO,Gremio,2,0,Brasileirao Serie A 2021
2021-10-25,28,Palmeiras,Sport,2,1,Brasileirao Serie A 2021
2021-10-27,23,Bahia,Ceara,1,1,Brasileirao Serie A 2021
2021-10-27,23,Santos,Fluminense,2,0,Brasileirao Serie A 2021
2021-10-28,34,Bragantino,Sport,3,0,Brasileirao Serie A 2021
2021-10-30,29,America-MG,Fortaleza,2,1,Brasileirao Serie A 2021
2021-10-30,29,Athletico-PR,Santos,0,1,Brasileirao Serie A 2021
2021-10-30,29,Flamengo,Atletico-MG,1,0,Brasileirao Serie A 2021
2021-10-30,29,Juventude,Bahia,0,0,Brasileirao Serie A 2021
2021-10-31,29,Ceara,Fluminense,1,0,Brasileirao Serie A 2021
2021-10-31,29,Gremio,Palmeiras,1,3,Brasileirao Serie A 2021
2021-10-31,29,Sao Paulo,Internacional,1,0,Brasileirao Serie A 2021
2021-10-31,29,Sport,Atletico-GO,2,0,Brasileirao Serie A 2021
2021-11-01,29,Corinthians,Chapecoense,1,0,Brasileirao Serie A 2021
2021-11-01,29,Cuiaba,Bragantino,1,0,Brasileirao Serie A 2021
2021-11-02,4,Athletico-PR,Flamengo,2,2,Brasileirao Serie A 2021
2021-11-03,19,Atletico-MG,Gremio,2,1,Brasileirao Serie A 2021
2021-11-04,31,Cuiaba,Chapecoense,0,0,Brasileirao Serie A 2021
2021-11-05,19,Flamengo,Atletico-GO,2,0,Brasileirao Serie A 2021
2021-11-06,30,Corinthians,Fortaleza,1,0,Brasileirao Serie A 2021
2021-11-06,30,Fluminense,Sport,1,0,Brasileirao Serie A 2021
2021-11-06,30,Internacional,Gremio,1,0,Brasileirao Serie A 2021
2021-11-07,30,Atletico-MG,America-MG,1,0,Brasileirao Serie A 2021
2021-11-07,30,Bahia,Sao Paulo,1,0,Brasileirao Serie A 2021
2021-11-07,30,Bragantino,Athletico-PR,0,2,Brasileirao Serie A 2021
2021-11-07,30,Ceara,Cuiaba,1,0,Brasileirao Serie A 2021
2021-11-07,30,Santos,Palmeiras,0,2,Brasileirao Serie A 2021
2021-11-08,30,Chapecoense,Flamengo,2,2,Brasileirao Serie A 2021
2021-11-09,31,Gremio,Fluminense,1,0,Brasileirao Serie A 2021
2021-11-10,31,Athletico-PR,Ceara,2,1,Brasileirao Serie A 2021
2021-11-10,31,Atletico-MG,Corinthians,3,0,Brasileirao Serie A 2021
2021-11-10,31,Fortaleza,Sao Paulo,1,1,Brasileirao Serie A 2021
2021-11-10,31,Juventude,Internacional,2,1,Brasileirao Serie A 2021
2021-11-10,31,Palmeiras,Atletico-GO,4,0,Brasileirao Serie A 2021
2021-11-10,31,Santos,Bragantino,2,0,Brasileirao Serie A 2021
2021-11-10,31,Sport,America-MG,2,3,Brasileirao Serie A 2021
2021-11-11,31,Flamengo,Bahia,3,0,Brasileirao Serie A 2021
2021-11-13,32,America-MG,Gremio,3,1,Brasileirao Serie A 2021
2021-11-13,32,Atletico-GO,Santos,0,0,Brasileirao Serie A 2021
2021-11-13,32,Bragantino,Fortaleza,3,0,Brasileirao Serie A 2021
2021-11-13,32,Corinthians,Cuiaba,3,2,Brasileirao Serie A 2021
2021-11-13,32,Internacional,Athletico-PR,2,1,Brasileirao Serie A 2021
2021-11-14,32,Ceara,Sport,2,1,Brasileirao Serie A 2021
2021-11-14,32,Chapecoense,Juventude,0,2,Brasileirao Serie A 2021
2021-11-14,32,Fluminense,Palmeiras,2,1,Brasileirao Serie A 2021
2021-11-14,32,Sao Paulo,Flamengo,0,4,Brasileirao Serie A 2021
2021-11-16,33,Athletico-PR,Atletico-MG,0,1,Brasileirao Serie A 2021
2021-11-16,33,Gremio,Bragantino,3,0,Brasileirao Serie A 2021
2021-11-17,33,America-MG,Atletico-GO,0,0,Brasileirao Serie A 2021
2021-11-17,33,Cuiaba,Internacional,1,0,Brasileirao Serie A 2021
2021-11-17,33,Flamengo,Corinthians,1,0,Brasileirao Serie A 2021
2021-11-17,33,Fortaleza,Ceara,0,4,Brasileirao Serie A 2021
2021-11-17,33,Juventude,Fluminense,1,0,Brasileirao Serie A 2021
2021-11-17,33,Palmeiras,Sao Paulo,0,2,Brasileirao Serie A 2021
2021-11-17,33,Santos,Chapecoense,2,0,Brasileirao Serie A 2021
2021-11-18,33,Sport,Bahia,1,0,Brasileirao Serie A 2021
2021-11-20,34,Atletico-GO,Ceara,1,1,Brasileirao Serie A 2021
2021-11-20,34,Atletico-MG,Juventude,2,0,Brasileirao Serie A 2021
2021-11-20,34,Chapecoense,Gremio,1,3,Brasileirao Serie A 2021
2021-11-20,34,Fortaleza,Palmeiras,1,0,Brasileirao Serie A 2021
2021-11-20,34,Internacional,Flamengo,1,2,Brasileirao Serie A 2021
2021-11-21,34,Bahia,Cuiaba,0,0,Brasileirao Serie A 2021
2021-11-21,34,Corinthians,Santos,2,0,Brasileirao Serie A 2021
2021-11-21,34,Fluminense,America-MG,2,0,Brasileirao Serie A 2021
2021-11-23,30,Atletico-GO,Juventude,1,1,Brasileirao Serie A 2021
2021-11-23,2,Gremio,Flamengo,2,2,Brasileirao Serie A 2021
2021-11-23,35,Palmeiras,Atletico-MG,2,2,Brasileirao Serie A 2021
2021-11-24,35,Fluminense,Internacional,1,0,Brasileirao Serie A 2021
2021-11-24,34,Sao Paulo,Athletico-PR,0,0,Brasileirao Serie A 2021
2021-11-25,35,Ceara,Corinthians,2,1,Brasileirao Serie A 2021
2021-11-25,35,Santos,Fortaleza,2,0,Brasileirao Serie A 2021
2021-11-26,36,Bahia,Gremio,3,1,Brasileirao Serie A 2021
2021-11-27,36,Bragantino,America-MG,1,1,Brasileirao Serie A 2021
2021-11-27,36,Sao Paulo,Sport,2,0,Brasileirao Serie A 2021
2021-11-28,36,Atletico-MG,Fluminense,2,1,Brasileirao Serie A 2021
2021-11-28,36,Corinthians,Athletico-PR,1,0,Brasileirao Serie A 2021
2021-11-28,36,Internacional,Santos,1,1,Brasileirao Serie A 2021
2021-11-29,35,Atletico-GO,Bahia,2,1,Brasileirao Serie A 2021
2021-11-30,35,America-MG,Chapecoense,3,0,Brasileirao Serie A 2021
2021-11-30,36,Cuiaba,Palmeiras,1,3,Brasileirao Serie A 2021
2021-11-30,36,Flamengo,Ceara,2,1,Brasileirao Serie A 2021
2021-11-30,35,Juventude,Bragantino,1,0,Brasileirao Serie A 2021
2021-12-02,32,Bahia,Atletico-MG,2,3,Brasileirao Serie A 2021
2021-12-02,35,Gremio,Sao Paulo,3,0,Brasileirao Serie A 2021
2021-12-03,35,Athletico-PR,Cuiaba,1,0,Brasileirao Serie A 2021
2021-12-03,36,Chapecoense,Atletico-GO,0,1,Brasileirao Serie A 2021
2021-12-03,36,Fortaleza,Juventude,1,0,Brasileirao Serie A 2021
2021-12-03,35,Sport,Flamengo,1,1,Brasileirao Serie A 2021
2021-12-05,37,Atletico-MG,Bragantino,4,3,Brasileirao Serie A 2021
2021-12-05,37,Bahia,Fluminense,2,0,Brasileirao Serie A 2021
2021-12-05,37,Ceara,America-MG,0,0,Brasileirao Serie A 2021
2021-12-05,37,Corinthians,Gremio,1,1,Brasileirao Serie A 2021
2021-12-06,37,Athletico-PR,Palmeiras,0,0,Brasileirao Serie A 2021
2021-12-06,37,Chapecoense,Sport,0,1,Brasileirao Serie A 2021
2021-12-06,37,Cuiaba,Fortaleza,1,0,Brasileirao Serie A 2021
2021-12-06,37,Flamengo,Santos,0,1,Brasileirao Serie A 2021
2021-12-06,37,Internacional,Atletico-GO,1,2,Brasileirao Serie A 2021
2021-12-06,37,Sao Paulo,Juventude,3,1,Brasileirao Serie A 2021
2021-12-09,38,America-MG,Sao Paulo,2,0,Brasileirao Serie A 2021
2021-12-09,38,Atletico-GO,Flamengo,2,0,Brasileirao Serie A 2021
2021-12-09,38,Bragantino,Internacional,1,0,Brasileirao Serie A 2021
2021-12-09,38,Fluminense,Chapecoense,3,0,Brasileirao Serie A 2021
2021-12-09,38,Fortaleza,Bahia,2,1,Brasileirao Serie A 2021
2021-12-09,38,Gremio,Atletico-MG,4,3,Brasileirao Serie A 2021
2021-12-09,38,Juventude,Corinthians,1,0,Brasileirao Serie A 2021
2021-12-09,38,Palmeiras,Ceara,1,0,Brasileirao Serie A 2021
2021-12-09,38,Santos,Cuiaba,1,1,Brasileirao Serie A 2021
2021-12-09,38,Sport,Athletico-PR,1,1,Brasileirao Serie A 2021
2022-04-09,1,Atletico-GO,Flamengo,1,1,Brasileirao Serie A 2022
2022-04-09,1,Fluminense,Santos,0,0,Brasileirao Serie A 2022
2022-04-09,1,Palmeiras,Ceara,2,3,Brasileirao Serie A 2022
2022-04-10,1,Atletico-MG,Internacional,2,0,Brasileirao Serie A 2022
2022-04-10,1,Avai,America-MG,1,0,Brasileirao Serie A 2022
2022-04-10,1,Botafogo-RJ,Corinthians,1,3,Brasileirao Serie A 2022
2022-04-10,1,Coritiba,Goias,3,0,Brasileirao Serie A 2022
2022-04-10,1,Fortaleza,Cuiaba,0,1,Brasileirao Serie A 2022
2022-04-10,1,Sao Paulo,Athletico-PR,4,0,Brasileirao Serie A 2022
2022-04-11,1,Juventude,Bragantino,2,2,Brasileirao Serie A 2022
2022-04-16,2,America-MG,Juventude,4,1,Brasileirao Serie A 2022
2022-04-16,2,Corinthians,Avai,3,0,Brasileirao Serie A 2022
2022-04-16,2,Cuiaba,Fluminense,0,1,Brasileirao Serie A 2022
2022-04-16,2,Goias,Palmeiras,1,1,Brasileirao Serie A 2022
2022-04-17,2,Athletico-PR,Atletico-MG,0,1,Brasileirao Serie A 2022
2022-04-17,2,Bragantino,Atletico-GO,4,0,Brasileirao Serie A 2022
2022-04-17,2,Ceara,Botafogo-RJ,1,3,Brasileirao Serie A 2022
2022-04-17,2,Flamengo,Sao Paulo,3,1,Brasileirao Serie A 2022
2022-04-17,2,Internacional,Fortaleza,2,1,Brasileirao Serie A 2022
2022-04-17,2,Santos,Coritiba,2,1,Brasileirao Serie A 2022
2022-04-20,4,Flamengo,Palmeiras,0,0,Brasileirao Serie A 2022
2022-04-23,3,Athletico-PR,Flamengo,1,0,Brasileirao Serie A 2022
2022-04-23,3,Atletico-MG,Coritiba,2,2,Brasileirao Serie A 2022
2022-04-23,3,Bragantino,Sao Paulo,1,1,Brasileirao Serie A 2022
2022-04-23,3,Fluminense,Internacional,0,1,Brasileirao Serie A 2022
2022-04-23,3,Palmeiras,Corinthians,3,0,Brasileirao Serie A 2022
2022-04-24,3,Atletico-GO,Botafogo-RJ,1,1,Brasileirao Serie A 2022
2022-04-24,3,Juventude,Cuiaba,0,1,Brasileirao Serie A 2022
2022-04-24,3,Santos,America-MG,3,0,Brasileirao Serie A 2022
2022-04-25,3,Avai,Goias,3,2,Brasileirao Serie A 2022
2022-04-30,4,America-MG,Athletico-PR,1,0,Brasileirao Serie A 2022
2022-04-30,4,Ceara,Bragantino,0,1,Brasileirao Serie A 2022
2022-04-30,4,Cuiaba,Atletico-GO,1,1,Brasileirao Serie A 2022
2022-04-30,4,Goias,Atletico-MG,2,2,Brasileirao Serie A 2022
2022-05-01,4,Botafogo-RJ,Juventude,1,1,Brasileirao Serie A 2022
2022-05-01,4,Corinthians,Fortaleza,1,0,Brasileirao Serie A 2022
2022-05-01,4,Coritiba,Fluminense,3,2,Brasileirao Serie A 2022
2022-05-01,4,Internacional,Avai,0,0,Brasileirao Serie A 2022
2022-05-02,4,Sao Paulo,Santos,2,1,Brasileirao Serie A 2022
2022-05-07,5,Athletico-PR,Ceara,1,0,Brasileirao Serie A 2022
2022-05-07,5,Atletico-MG,America-MG,1,2,Brasileirao Serie A 2022
2022-05-08,5,Atletico-GO,Goias,0,1,Brasileirao Serie A 2022
2022-05-08,5,Bragantino,Corinthians,0,1,Brasileirao Serie A 2022
2022-05-08,5,Flamengo,Botafogo-RJ,0,1,Brasileirao Serie A 2022
2022-05-08,5,Fortaleza,Sao Paulo,1,1,Brasileirao Serie A 2022
2022-05-08,5,Juventude,Internacional,1,1,Brasileirao Serie A 2022
2022-05-08,5,Palmeiras,Fluminense,1,1,Brasileirao Serie A 2022
2022-05-08,5,Santos,Cuiaba,4,1,Brasileirao Serie A 2022
2022-05-09,5,Avai,Coritiba,2,1,Brasileirao Serie A 2022
2022-05-11,7,Bragantino,Atletico-MG,1,1,Brasileirao Serie A 2022
2022-05-14,6,Atletico-MG,Atletico-GO,2,0,Brasileirao Serie A 2022
2022-05-14,6,Ceara,Flamengo,2,2,Brasileirao Serie A 2022
2022-05-14,6,Fluminense,Athletico-PR,2,1,Brasileirao Serie A 2022
2022-05-14,6,Internacional,Corinthians,2,2,Brasileirao Serie A 2022
2022-05-14,6,Palmeiras,Bragantino,2,0,Brasileirao Serie A 2022
2022-05-15,6,Avai,Juventude,1,2,Brasileirao Serie A 2022
2022-05-15,6,Botafogo-RJ,Fortaleza,3,1,Brasileirao Serie A 2022
2022-05-15,6,Coritiba,America-MG,1,0,Brasileirao Serie A 2022
2022-05-15,6,Goias,Santos,1,0,Brasileirao Serie A 2022
2022-05-15,6,Sao Paulo,Cuiaba,2,1,Brasileirao Serie A 2022
2022-05-21,7,America-MG,Botafogo-RJ,1,1,Brasileirao Serie A 2022
2022-05-21,7,Atletico-GO,Coritiba,2,0,Brasileirao Serie A 2022
2022-05-21,7,Cuiaba,Internacional,1,1,Brasileirao Serie A 2022
2022-05-21,7,Flamengo,Goias,1,0,Brasileirao Serie A 2022
2022-05-21,7,Juventude,Palmeiras,0,3,Brasileirao Serie A 2022
2022-05-21,7,Santos,Ceara,0,0,Brasileirao Serie A 2022
2022-05-22,7,Athletico-PR,Avai,2,1,Brasileirao Serie A 2022
2022-05-22,7,Corinthians,Sao Paulo,1,1,Brasileirao Serie A 2022
2022-05-22,7,Fortaleza,Fluminense,0,1,Brasileirao Serie A 2022
2022-05-28,8,Fortaleza,Juventude,1,1,Brasileirao Serie A 2022
2022-05-28,8,Goias,Bragantino,1,1,Brasileirao Serie A 2022
2022-05-28,8,Sao Paulo,Ceara,2,2,Brasileirao Serie A 2022
2022-05-29,8,Atletico-MG,Avai,2,1,Brasileirao Serie A 2022
2022-05-29,8,Corinthians,America-MG,1,1,Brasileirao Serie A 2022
2022-05-29,8,Coritiba,Botafogo-RJ,1,0,Brasileirao Serie A 2022
2022-05-29,8,Cuiaba,Athletico-PR,0,1,Brasileirao Serie A 2022
2022-05-29,8,Fluminense,Flamengo,1,2,Brasileirao Serie A 2022
2022-05-29,8,Santos,Palmeiras,0,1,Brasileirao Serie A 2022
2022-05-30,8,Internacional,Atletico-GO,1,1,Brasileirao Serie A 2022
2022-06-01,3,Fortaleza,Ceara,0,1,Brasileirao Serie A 2022
2022-06-04,9,America-MG,Cuiaba,2,1,Brasileirao Serie A 2022
2022-06-04,9,Athletico-PR,Santos,2,2,Brasileirao Serie A 2022
2022-06-04,9,Atletico-GO,Corinthians,0,1,Brasileirao Serie A 2022
2022-06-04,9,Avai,Sao Paulo,1,1,Brasileirao Serie A 2022
2022-06-04,9,Ceara,Coritiba,1,1,Brasileirao Serie A 2022
2022-06-05,9,Bragantino,Internacional,0,2,Brasileirao Serie A 2022
2022-06-05,9,Flamengo,Fortaleza,1,2,Brasileirao Serie A 2022
2022-06-05,9,Juventude,Fluminense,1,0,Brasileirao Serie A 2022
2022-06-05,9,Palmeiras,Atletico-MG,0,0,Brasileirao Serie A 2022
2022-06-06,9,Botafogo-RJ,Goias,1,2,Brasileirao Serie A 2022
2022-06-07,10,Cuiaba,Corinthians,1,0,Brasileirao Serie A 2022
2022-06-08,10,America-MG,Ceara,0,2,Brasileirao Serie A 2022
2022-06-08,10,Atletico-GO,Avai,2,1,Brasileirao Serie A 2022
2022-06-08,10,Bragantino,Flamengo,1,0,Brasileirao Serie A 2022
2022-06-08,10,Fluminense,Atletico-MG,5,3,Brasileirao Serie A 2022
2022-06-08,10,Juventude,Athletico-PR,1,3,Brasileirao Serie A 2022
2022-06-08,10,Santos,Internacional,1,1,Brasileirao Serie A 2022
2022-06-09,10,Coritiba,Sao Paulo,1,1,Brasileirao Serie A 2022
2022-06-09,10,Fortaleza,Goias,1,1,Brasileirao Serie A 2022
2022-06-09,10,Palmeiras,Botafogo-RJ,4,0,Brasileirao Serie A 2022
2022-06-11,11,Atletico-MG,Santos,1,1,Brasileirao Serie A 2022
2022-06-11,11,Corinthians,Juventude,2,0,Brasileirao Serie A 2022
2022-06-11,11,Cuiaba,Bragantino,1,1,Brasileirao Serie A 2022
2022-06-11,11,Fluminense,Atletico-GO,0,2,Brasileirao Serie A 2022
2022-06-11,11,Internacional,Flamengo,3,1,Brasileirao Serie A 2022
2022-06-12,11,Coritiba,Palmeiras,0,2,Brasileirao Serie A 2022
2022-06-12,11,Fortaleza,Athletico-PR,0,0,Brasileirao Serie A 2022
2022-06-12,11,Goias,Ceara,1,1,Brasileirao Serie A 2022
2022-06-12,11,Sao Paulo,America-MG,1,0,Brasileirao Serie A 2022
2022-06-13,11,Botafogo-RJ,Avai,0,1,Brasileirao Serie A 2022
2022-06-14,12,Juventude,Santos,1,2,Brasileirao Serie A 2022
2022-06-15,12,America-MG,Fluminense,0,0,Brasileirao Serie A 2022
2022-06-15,12,Athletico-PR,Corinthians,1,1,Brasileirao Serie A 2022
2022-06-15,12,Bragantino,Coritiba,4,2,Brasileirao Serie A 2022
2022-06-15,12,Ceara,Atletico-MG,0,0,Brasileirao Serie A 2022
2022-06-15,12,Flamengo,Cuiaba,2,0,Brasileirao Serie A 2022
2022-06-15,12,Goias,Internacional,1,2,Brasileirao Serie A 2022
2022-06-16,12,Avai,Fortaleza,3,2,Brasileirao Serie A 2022
2022-06-16,12,Botafogo-RJ,Sao Paulo,1,0,Brasileirao Serie A 2022
2022-06-16,12,Palmeiras,Atletico-GO,4,2,Brasileirao Serie A 2022
2022-06-18,13,Cuiaba,Ceara,0,0,Brasileirao Serie A 2022
2022-06-18,13,Santos,Bragantino,2,2,Brasileirao Serie A 2022
2022-06-19,13,Atletico-GO,Juventude,3,1,Brasileirao Serie A 2022
2022-06-19,13,Atletico-MG,Flamengo,2,0,Brasileirao Serie A 2022
2022-06-19,13,Corinthians,Goias,1,0,Brasileirao Serie A 2022
2022-06-19,13,Coritiba,Athletico-PR,0,1,Brasileirao Serie A 2022
2022-06-19,13,Fluminense,Avai,2,0,Brasileirao Serie A 2022
2022-06-19,13,Fortaleza,America-MG,1,0,Brasileirao Serie A 2022
2022-06-19,13,Internacional,Botafogo-RJ,2,3,Brasileirao Serie A 2022
2022-06-20,13,Sao Paulo,Palmeiras,1,2,Brasileirao Serie A 2022
2022-06-24,14,Internacional,Coritiba,3,0,Brasileirao Serie A 2022
2022-06-25,14,Athletico-PR,Bragantino,4,2,Brasileirao Serie A 2022
2022-06-25,14,Atletico-MG,Fortaleza,3,2,Brasileirao Serie A 2022
2022-06-25,14,Corinthians,Santos,0,0,Brasileirao Serie A 2022
2022-06-25,14,Flamengo,America-MG,3,0,Brasileirao Serie A 2022
2022-06-26,14,Avai,Palmeiras,2,2,Brasileirao Serie A 2022
2022-06-26,14,Botafogo-RJ,Fluminense,0,1,Brasileirao Serie A 2022
2022-06-26,14,Ceara,Atletico-GO,1,1,Brasileirao Serie A 2022
2022-06-26,14,Goias,Cuiaba,1,0,Brasileirao Serie A 2022
2022-06-26,14,Sao Paulo,Juventude,0,0,Brasileirao Serie A 2022
2022-07-02,15,Ceara,Internacional,1,1,Brasileirao Serie A 2022
2022-07-02,15,Fluminense,Corinthians,4,0,Brasileirao Serie A 2022
2022-07-02,15,Juventude,Atletico-MG,1,2,Brasileirao Serie A 2022
2022-07-02,15,Palmeiras,Athletico-PR,0,2,Brasileirao Serie A 2022
2022-07-02,15,Santos,Flamengo,1,2,Brasileirao Serie A 2022
2022-07-03,15,America-MG,Goias,1,0,Brasileirao Serie A 2022
2022-07-03,15,Atletico-GO,Sao Paulo,1,2,Brasileirao Serie A 2022
2022-07-03,15,Avai,Cuiaba,1,2,Brasileirao Serie A 2022
2022-07-03,15,Coritiba,Fortaleza,2,1,Brasileirao Serie A 2022
2022-07-04,15,Bragantino,Botafogo-RJ,0,1,Brasileirao Serie A 2022
2022-07-09,16,Bragantino,Avai,4,0,Brasileirao Serie A 2022
2022-07-09,16,Fluminense,Ceara,2,1,Brasileirao Serie A 2022
2022-07-09,16,Goias,Athletico-PR,2,1,Brasileirao Serie A 2022
2022-07-10,16,Atletico-MG,Sao Paulo,0,0,Brasileirao Serie A 2022
2022-07-10,16,Corinthians,Flamengo,1,0,Brasileirao Serie A 2022
2022-07-10,16,Coritiba,Juventude,2,2,Brasileirao Serie A 2022
2022-07-10,16,Cuiaba,Botafogo-RJ,2,0,Brasileirao Serie A 2022
2022-07-10,16,Fortaleza,Palmeiras,0,0,Brasileirao Serie A 2022
2022-07-10,16,Santos,Atletico-GO,1,0,Brasileirao Serie A 2022
2022-07-11,16,Internacional,America-MG,1,0,Brasileirao Serie A 2022
2022-07-16,17,Athletico-PR,Internacional,0,0,Brasileirao Serie A 2022
2022-07-16,17,Avai,Santos,1,0,Brasileirao Serie A 2022
2022-07-16,17,Ceara,Corinthians,3,1,Brasileirao Serie A 2022
2022-07-16,17,Flamengo,Coritiba,2,0,Brasileirao Serie A 2022
2022-07-17,17,America-MG,Bragantino,0,3,Brasileirao Serie A 2022
2022-07-17,17,Atletico-GO,Fortaleza,0,1,Brasileirao Serie A 2022
2022-07-17,17,Botafogo-RJ,Atletico-MG,0,1,Brasileirao Serie A 2022
2022-07-17,17,Juventude,Goias,0,0,Brasileirao Serie A 2022
2022-07-17,17,Sao Paulo,Fluminense,2,2,Brasileirao Serie A 2022
2022-07-18,17,Palmeiras,Cuiaba,1,0,Brasileirao Serie A 2022
2022-07-19,18,Ceara,Avai,1,0,Brasileirao Serie A 2022
2022-07-20,18,Athletico-PR,Atletico-GO,4,1,Brasileirao Serie A 2022
2022-07-20,18,Bragantino,Fortaleza,2,1,Brasileirao Serie A 2022
2022-07-20,18,Corinthians,Coritiba,3,1,Brasileirao Serie A 2022
2022-07-20,18,Flamengo,Juventude,4,0,Brasileirao Serie A 2022
2022-07-20,18,Goias,Fluminense,2,3,Brasileirao Serie A 2022
2022-07-20,18,Internacional,Sao Paulo,3,3,Brasileirao Serie A 2022
2022-07-20,18,Santos,Botafogo-RJ,2,0,Brasileirao Serie A 2022
2022-07-21,18,America-MG,Palmeiras,0,1,Brasileirao Serie A 2022
2022-07-21,18,Cuiaba,Atletico-MG,1,1,Brasileirao Serie A 2022
2022-07-23,19,Botafogo-RJ,Athletico-PR,2,0,Brasileirao Serie A 2022
2022-07-23,19,Sao Paulo,Goias,3,3,Brasileirao Serie A 2022
2022-07-24,19,Atletico-GO,America-MG,0,1,Brasileirao Serie A 2022
2022-07-24,19,Atletico-MG,Corinthians,1,2,Brasileirao Serie A 2022
2022-07-24,19,Avai,Flamengo,1,2,Brasileirao Serie A 2022
2022-07-24,19,Fluminense,Bragantino,2,1,Brasileirao Serie A 2022
2022-07-24,19,Fortaleza,Santos,0,0,Brasileirao Serie A 2022
2022-07-24,19,Juventude,Ceara,1,0,Brasileirao Serie A 2022
2022-07-24,19,Palmeiras,Internacional,2,1,Brasileirao Serie A 2022
2022-07-25,19,Coritiba,Cuiaba,1,0,Brasileirao Serie A 2022
2022-07-30,20,Ceara,Palmeiras,1,2,Brasileirao Serie A 2022
2022-07-30,20,Corinthians,Botafogo-RJ,1,0,Brasileirao Serie A 2022
2022-07-30,20,Flamengo,Atletico-GO,4,1,Brasileirao Serie A 2022
2022-07-30,20,Goias,Coritiba,1,0,Brasileirao Serie A 2022
2022-07-31,20,America-MG,Avai,3,1,Brasileirao Serie A 2022
2022-07-31,20,Athletico-PR,Sao Paulo,1,0,Brasileirao Serie A 2022
2022-07-31,20,Bragantino,Juventude,1,0,Brasileirao Serie A 2022
2022-07-31,20,Cuiaba,Fortaleza,0,1,Brasileirao Serie A 2022
2022-07-31,20,Internacional,Atletico-MG,3,0,Brasileirao Serie A 2022
2022-08-01,20,Santos,Fluminense,2,2,Brasileirao Serie A 2022
2022-08-06,21,Atletico-GO,Bragantino,2,1,Brasileirao Serie A 2022
2022-08-06,21,Avai,Corinthians,1,1,Brasileirao Serie A 2022
2022-08-06,21,Botafogo-RJ,Ceara,1,1,Brasileirao Serie A 2022
2022-08-06,21,Juventude,America-MG,0,1,Brasileirao Serie A 2022
2022-08-06,21,Sao Paulo,Flamengo,0,2,Brasileirao Serie A 2022
2022-08-07,21,Atletico-MG,Athletico-PR,2,3,Brasileirao Serie A 2022
2022-08-07,21,Fluminense,Cuiaba,1,0,Brasileirao Serie A 2022
2022-08-07,21,Fortaleza,Internacional,3,0,Brasileirao Serie A 2022
2022-08-07,21,Palmeiras,Goias,3,0,Brasileirao Serie A 2022
2022-08-08,21,Coritiba,Santos,1,2,Brasileirao Serie A 2022
2022-08-13,22,Botafogo-RJ,Atletico-GO,0,0,Brasileirao Serie A 2022
2022-08-13,22,Corinthians,Palmeiras,0,1,Brasileirao Serie A 2022
2022-08-13,22,Cuiaba,Juventude,1,0,Brasileirao Serie A 2022
2022-08-13,22,Goias,Avai,1,1,Brasileirao Serie A 2022
2022-08-14,22,America-MG,Santos,1,0,Brasileirao Serie A 2022
2022-08-14,22,Ceara,Fortaleza,0,1,Brasileirao Serie A 2022
2022-08-14,22,Coritiba,Atletico-MG,0,1,Brasileirao Serie A 2022
2022-08-14,22,Flamengo,Athletico-PR,5,0,Brasileirao Serie A 2022
2022-08-14,22,Internacional,Fluminense,3,0,Brasileirao Serie A 2022
2022-08-14,22,Sao Paulo,Bragantino,3,0,Brasileirao Serie A 2022
2022-08-20,23,Atletico-MG,Goias,0,1,Brasileirao Serie A 2022
2022-08-20,23,Fluminense,Coritiba,5,2,Brasileirao Serie A 2022
2022-08-21,23,Athletico-PR,America-MG,1,1,Brasileirao Serie A 2022
2022-08-21,23,Atletico-GO,Cuiaba,1,1,Brasileirao Serie A 2022
2022-08-21,23,Bragantino,Ceara,1,1,Brasileirao Serie A 2022
2022-08-21,23,Fortaleza,Corinthians,1,0,Brasileirao Serie A 2022
2022-08-21,23,Juventude,Botafogo-RJ,2,2,Brasileirao Serie A 2022
2022-08-21,23,Palmeiras,Flamengo,1,1,Brasileirao Serie A 2022
2022-08-21,23,Santos,Sao Paulo,1,0,Brasileirao Serie A 2022
2022-08-22,23,Avai,Internacional,0,1,Brasileirao Serie A 2022
2022-08-27,24,Ceara,Athletico-PR,0,0,Brasileirao Serie A 2022
2022-08-27,24,Coritiba,Avai,1,0,Brasileirao Serie A 2022
2022-08-27,24,Fluminense,Palmeiras,1,1,Brasileirao Serie A 2022
2022-08-27,24,Goias,Atletico-GO,2,1,Brasileirao Serie A 2022
2022-08-28,24,America-MG,Atletico-MG,1,1,Brasileirao Serie A 2022
2022-08-28,24,Botafogo-RJ,Flamengo,0,1,Brasileirao Serie A 2022
2022-08-28,24,Cuiaba,Santos,0,0,Brasileirao Serie A 2022
2022-08-28,24,Sao Paulo,Fortaleza,0,1,Brasileirao Serie A 2022
2022-08-29,24,Corinthians,Bragantino,1,0,Brasileirao Serie A 2022
2022-08-29,24,Internacional,Juventude,4,0,Brasileirao Serie A 2022
2022-09-03,25,America-MG,Coritiba,2,0,Brasileirao Serie A 2022
2022-09-03,25,Athletico-PR,Fluminense,1,0,Brasileirao Serie A 2022
2022-09-03,25,Bragantino,Palmeiras,2,2,Brasileirao Serie A 2022
2022-09-03,25,Juventude,Avai,1,1,Brasileirao Serie A 2022
2022-09-04,25,Atletico-GO,Atletico-MG,0,2,Brasileirao Serie A 2022
2022-09-04,25,Corinthians,Internacional,2,2,Brasileirao Serie A 2022
2022-09-04,25,Cuiaba,Sao Paulo,1,1,Brasileirao Serie A 2022
2022-09-04,25,Flamengo,Ceara,1,1,Brasileirao Serie A 2022
2022-09-04,25,Fortaleza,Botafogo-RJ,1,3,Brasileirao Serie A 2022
2022-09-05,25,Santos,Goias,1,2,Brasileirao Serie A 2022
2022-09-07,26,Atletico-MG,Bragantino,1,1,Brasileirao Serie A 2022
2022-09-10,26,Ceara,Santos,2,1,Brasileirao Serie A 2022
2022-09-10,26,Fluminense,Fortaleza,2,1,Brasileirao Serie A 2022
2022-09-10,26,Internacional,Cuiaba,1,0,Brasileirao Serie A 2022
2022-09-10,26,Palmeiras,Juventude,2,1,Brasileirao Serie A 2022
2022-09-11,26,Avai,Athletico-PR,1,1,Brasileirao Serie A 2022
2022-09-11,26,Botafogo-RJ,America-MG,0,0,Brasileirao Serie A 2022
2022-09-11,26,Coritiba,Atletico-GO,2,0,Brasileirao Serie A 2022
2022-09-11,26,Goias,Flamengo,1,1,Brasileirao Serie A 2022
2022-09-11,26,Sao Paulo,Corinthians,1,1,Brasileirao Serie A 2022
2022-09-17,27,Avai,Atletico-MG,1,0,Brasileirao Serie A 2022
2022-09-17,27,Botafogo-RJ,Coritiba,2,0,Brasileirao Serie A 2022
2022-09-18,27,America-MG,Corinthians,1,0,Brasileirao Serie A 2022
2022-09-18,27,Athletico-PR,Cuiaba,2,2,Brasileirao Serie A 2022
2022-09-18,27,Bragantino,Goias,1,1,Brasileirao Serie A 2022
2022-09-18,27,Ceara,Sao Paulo,0,2,Brasileirao Serie A 2022
2022-09-18,27,Flamengo,Fluminense,1,2,Brasileirao Serie A 2022
2022-09-18,27,Juventude,Fortaleza,1,1,Brasileirao Serie A 2022
2022-09-18,27,Palmeiras,Santos,1,0,Brasileirao Serie A 2022
2022-09-19,27,Atletico-GO,Internacional,1,2,Brasileirao Serie A 2022
2022-09-25,28,Sao Paulo,Avai,4,0,Brasileirao Serie A 2022
2022-09-27,28,Santos,Athletico-PR,2,0,Brasileirao Serie A 2022
2022-09-28,28,Atletico-MG,Palmeiras,0,1,Brasileirao Serie A 2022
2022-09-28,28,Corinthians,Atletico-GO,2,1,Brasileirao Serie A 2022
2022-09-28,28,Coritiba,Ceara,1,0,Brasileirao Serie A 2022
2022-09-28,28,Cuiaba,America-MG,2,1,Brasileirao Serie A 2022
2022-09-28,28,Fluminense,Juventude,4,0,Brasileirao Serie A 2022
2022-09-28,28,Fortaleza,Flamengo,3,2,Brasileirao Serie A 2022
2022-09-28,28,Goias,Botafogo-RJ,0,1,Brasileirao Serie A 2022
2022-09-28,28,Internacional,Bragantino,0,0,Brasileirao Serie A 2022
2022-10-01,29,Athletico-PR,Juventude,2,0,Brasileirao Serie A 2022
2022-10-01,29,Atletico-MG,Fluminense,2,0,Brasileirao Serie A 2022
2022-10-01,29,Avai,Atletico-GO,1,2,Brasileirao Serie A 2022
2022-10-01,29,Ceara,America-MG,1,2,Brasileirao Serie A 2022
2022-10-01,29,Corinthians,Cuiaba,2,0,Brasileirao Serie A 2022
2022-10-01,29,Flamengo,Bragantino,4,1,Brasileirao Serie A 2022
2022-10-01,29,Goias,Fortaleza,0,1,Brasileirao Serie A 2022
2022-10-01,29,Internacional,Santos,1,0,Brasileirao Serie A 2022
2022-10-03,29,Botafogo-RJ,Palmeiras,1,3,Brasileirao Serie A 2022
2022-10-04,30,Juventude,Corinthians,2,2,Brasileirao Serie A 2022
2022-10-05,30,Athletico-PR,Fortaleza,1,1,Brasileirao Serie A 2022
2022-10-05,30,Atletico-GO,Fluminense,3,2,Brasileirao Serie A 2022
2022-10-05,30,Bragantino,Cuiaba,2,1,Brasileirao Serie A 2022
2022-10-05,30,Ceara,Goias,1,1,Brasileirao Serie A 2022
2022-10-05,30,Flamengo,Internacional,0,0,Brasileirao Serie A 2022
2022-10-05,30,Santos,Atletico-MG,1,2,Brasileirao Serie A 2022
2022-10-06,30,America-MG,Sao Paulo,1,2,Brasileirao Serie A 2022
2022-10-06,30,Avai,Botafogo-RJ,1,2,Brasileirao Serie A 2022
2022-10-06,30,Palmeiras,Coritiba,4,0,Brasileirao Serie A 2022
2022-10-08,31,Corinthians,Athletico-PR,2,1,Brasileirao Serie A 2022
2022-10-08,31,Cuiaba,Flamengo,1,2,Brasileirao Serie A 2022
2022-10-09,31,Atletico-MG,Ceara,0,0,Brasileirao Serie A 2022
2022-10-09,31,Coritiba,Bragantino,2,1,Brasileirao Serie A 2022
2022-10-09,31,Fluminense,America-MG,0,2,Brasileirao Serie A 2022
2022-10-09,31,Fortaleza,Avai,2,0,Brasileirao Serie A 2022
2022-10-09,31,Internacional,Goias,4,2,Brasileirao Serie A 2022
2022-10-09,31,Sao Paulo,Botafogo-RJ,0,1,Brasileirao Serie A 2022
2022-10-10,31,Atletico-GO,Palmeiras,1,1,Brasileirao Serie A 2022
2022-10-10,31,Santos,Juventude,4,1,Brasileirao Serie A 2022
2022-10-15,32,America-MG,Fortaleza,1,2,Brasileirao Serie A 2022
2022-10-15,32,Flamengo,Atletico-MG,1,0,Brasileirao Serie A 2022
2022-10-16,32,Athletico-PR,Coritiba,1,0,Brasileirao Serie A 2022
2022-10-16,32,Avai,Fluminense,0,3,Brasileirao Serie A 2022
2022-10-16,32,Botafogo-RJ,Internacional,0,1,Brasileirao Serie A 2022
2022-10-16,32,Ceara,Cuiaba,1,1,Brasileirao Serie A 2022
2022-10-16,32,Juventude,Atletico-GO,1,1,Brasileirao Serie A 2022
2022-10-16,32,Palmeiras,Sao Paulo,0,0,Brasileirao Serie A 2022
2022-10-17,32,Bragantino,Santos,0,2,Brasileirao Serie A 2022
2022-10-20,29,Sao Paulo,Coritiba,3,1,Brasileirao Serie A 2022
2022-10-22,33,America-MG,Flamengo,1,2,Brasileirao Serie A 2022
2022-10-22,33,Bragantino,Athletico-PR,4,2,Brasileirao Serie A 2022
2022-10-22,33,Palmeiras,Avai,3,0,Brasileirao Serie A 2022
2022-10-22,33,Santos,Corinthians,0,1,Brasileirao Serie A 2022
2022-10-23,33,Atletico-GO,Ceara,1,0,Brasileirao Serie A 2022
2022-10-23,33,Coritiba,Internacional,1,1,Brasileirao Serie A 2022
2022-10-23,33,Cuiaba,Goias,1,2,Brasileirao Serie A 2022
2022-10-23,33,Fluminense,Botafogo-RJ,2,2,Brasileirao Serie A 2022
2022-10-23,33,Juventude,Sao Paulo,1,2,Brasileirao Serie A 2022
2022-10-24,33,Fortaleza,Atletico-MG,0,0,Brasileirao Serie A 2022
2022-10-25,34,Athletico-PR,Palmeiras,1,3,Brasileirao Serie A 2022
2022-10-25,34,Flamengo,Santos,3,2,Brasileirao Serie A 2022
2022-10-26,34,Botafogo-RJ,Bragantino,2,1,Brasileirao Serie A 2022
2022-10-26,34,Corinthians,Fluminense,0,2,Brasileirao Serie A 2022
2022-10-26,34,Goias,America-MG,2,2,Brasileirao Serie A 2022
2022-10-26,34,Internacional,Ceara,2,1,Brasileirao Serie A 2022
2022-10-27,34,Atletico-MG,Juventude,1,0,Brasileirao Serie A 2022
2022-10-27,34,Cuiaba,Avai,1,0,Brasileirao Serie A 2022
2022-10-27,34,Fortaleza,Coritiba,3,1,Brasileirao Serie A 2022
2022-10-27,34,Sao Paulo,Atletico-GO,2,1,Brasileirao Serie A 2022
2022-10-29,32,Goias,Corinthians,0,0,Brasileirao Serie A 2022
2022-10-31,35,Ceara,Fluminense,0,1,Brasileirao Serie A 2022
2022-11-01,35,Botafogo-RJ,Cuiaba,0,2,Brasileirao Serie A 2022
2022-11-01,35,Sao Paulo,Atletico-MG,2,2,Brasileirao Serie A 2022
2022-11-02,35,America-MG,Internacional,1,0,Brasileirao Serie A 2022
2022-11-02,35,Athletico-PR,Goias,3,2,Brasileirao Serie A 2022
2022-11-02,35,Atletico-GO,Santos,2,3,Brasileirao Serie A 2022
2022-11-02,35,Avai,Bragantino,1,2,Brasileirao Serie A 2022
2022-11-02,35,Flamengo,Corinthians,1,2,Brasileirao Serie A 2022
2022-11-02,35,Juventude,Coritiba,0,1,Brasileirao Serie A 2022
2022-11-02,35,Palmeiras,Fortaleza,4,0,Brasileirao Serie A 2022
2022-11-05,36,Bragantino,America-MG,1,4,Brasileirao Serie A 2022
2022-11-05,36,Corinthians,Ceara,1,0,Brasileirao Serie A 2022
2022-11-05,36,Fluminense,Sao Paulo,3,1,Brasileirao Serie A 2022
2022-11-05,36,Goias,Juventude,1,0,Brasileirao Serie A 2022
2022-11-05,36,Internacional,Athletico-PR,2,0,Brasileirao Serie A 2022
2022-11-05,36,Santos,Avai,1,1,Brasileirao Serie A 2022
2022-11-06,36,Coritiba,Flamengo,1,0,Brasileirao Serie A 2022
2022-11-06,36,Cuiaba,Palmeiras,1,1,Brasileirao Serie A 2022
2022-11-06,36,Fortaleza,Atletico-GO,1,1,Brasileirao Serie A 2022
2022-11-07,36,Atletico-MG,Botafogo-RJ,0,2,Brasileirao Serie A 2022
2022-11-08,37,Sao Paulo,Internacional,0,1,Brasileirao Serie A 2022
2022-11-09,37,Atletico-GO,Athletico-PR,1,1,Brasileirao Serie A 2022
2022-11-09,37,Avai,Ceara,2,0,Brasileirao Serie A 2022
2022-11-09,37,Coritiba,Corinthians,2,2,Brasileirao Serie A 2022
2022-11-09,37,Fluminense,Goias,3,0,Brasileirao Serie A 2022
2022-11-09,37,Fortaleza,Bragantino,6,0,Brasileirao Serie A 2022
2022-11-09,37,Juventude,Flamengo,2,2,Brasileirao Serie A 2022
2022-11-09,37,Palmeiras,America-MG,2,1,Brasileirao Serie A 2022
2022-11-10,37,Atletico-MG,Cuiaba,3,0,Brasileirao Serie A 2022
2022-11-10,37,Botafogo-RJ,Santos,3,0,Brasileirao Serie A 2022
2022-11-12,38,Flamengo,Avai,1,2,Brasileirao Serie A 2022
2022-11-13,38,America-MG,Atletico-GO,1,1,Brasileirao Serie A 2022
2022-11-13,38,Athletico-PR,Botafogo-RJ,3,0,Brasileirao Serie A 2022
2022-11-13,38,Bragantino,Fluminense,0,1,Brasileirao Serie A 2022
2022-11-13,38,Ceara,Juventude,4,1,Brasileirao Serie A 2022
2022-11-13,38,Corinthians,Atletico-MG,0,1,Brasileirao Serie A 2022
2022-11-13,38,Cuiaba,Coritiba,2,1,Brasileirao Serie A 2022
2022-11-13,38,Goias,Sao Paulo,0,4,Brasileirao Serie A 2022
2022-11-13,38,Internacional,Palmeiras,3,0,Brasileirao Serie A 2022
2022-11-13,38,Santos,Fortaleza,0,2,Brasileirao Serie A 2022
2023-04-15,1,America-MG,Fluminense,0,3,Brasileirao Serie A 2023
2023-04-15,1,Athletico-PR,Goias,2,0,Brasileirao Serie A 2023
2023-04-15,1,Atletico-MG,Vasco,1,2,Brasileirao Serie A 2023
2023-04-15,1,Botafogo-RJ,Sao Paulo,2,1,Brasileirao Serie A 2023
2023-04-15,1,Bragantino,Bahia,2,1,Brasileirao Serie A 2023
2023-04-15,1,Fortaleza,Internacional,1,1,Brasileirao Serie A 2023
2023-04-15,1,Palmeiras,Cuiaba,2,1,Brasileirao Serie A 2023
2023-04-16,1,Corinthians,Cruzeiro,2,1,Brasileirao Serie A 2023
2023-04-16,1,Flamengo,Coritiba,3,0,Brasileirao Serie A 2023
2023-04-16,1,Gremio,Santos,1,0,Brasileirao Serie A 2023
2023-04-22,2,Cruzeiro,Gremio,1,0,Brasileirao Serie A 2023
2023-04-22,2,Cuiaba,Bragantino,1,1,Brasileirao Serie A 2023
2023-04-22,2,Fluminense,Athletico-PR,2,0,Brasileirao Serie A 2023
2023-04-22,2,Sao Paulo,America-MG,3,0,Brasileirao Serie A 2023
2023-04-23,2,Coritiba,Fortaleza,0,3,Brasileirao Serie A 2023
2023-04-23,2,Goias,Corinthians,3,1,Brasileirao Serie A 2023
2023-04-23,2,Internacional,Flamengo,2,1,Brasileirao Serie A 2023
2023-04-23,2,Santos,Atletico-MG,0,0,Brasileirao Serie A 2023
2023-04-23,2,Vasco,Palmeiras,2,2,Brasileirao Serie A 2023
2023-04-24,2,Bahia,Botafogo-RJ,1,2,Brasileirao Serie A 2023
2023-04-29,3,Atletico-MG,Athletico-PR,2,1,Brasileirao Serie A 2023
2023-04-29,3,Bragantino,Cruzeiro,0,3,Brasileirao Serie A 2023
2023-04-29,3,Coritiba,Sao Paulo,1,1,Brasileirao Serie A 2023
2023-04-29,3,Fortaleza,Fluminense,4,2,Brasileirao Serie A 2023
2023-04-29,3,Palmeiras,Corinthians,2,1,Brasileirao Serie A 2023
2023-04-29,3,Santos,America-MG,3,2,Brasileirao Serie A 2023
2023-04-30,3,Cuiaba,Gremio,1,2,Brasileirao Serie A 2023
2023-04-30,3,Flamengo,Botafogo-RJ,2,3,Brasileirao Serie A 2023
2023-04-30,3,Internacional,Goias,1,0,Brasileirao Serie A 2023
2023-05-01,3,Vasco,Bahia,0,1,Brasileirao Serie A 2023
2023-05-06,4,Cruzeiro,Santos,2,1,Brasileirao Serie A 2023
2023-05-06,4,Fluminense,Vasco,1,1,Brasileirao Serie A 2023
2023-05-07,4,America-MG,Cuiaba,1,2,Brasileirao Serie A 2023
2023-05-07,4,Athletico-PR,Flamengo,2,1,Brasileirao Serie A 2023
2023-05-07,4,Bahia,Coritiba,3,1,Brasileirao Serie A 2023
2023-05-07,4,Botafogo-RJ,Atletico-MG,2,0,Brasileirao Serie A 2023
2023-05-07,4,Goias,Palmeiras,0,5,Brasileirao Serie A 2023
2023-05-07,4,Gremio,Bragantino,3,3,Brasileirao Serie A 2023
2023-05-07,4,Sao Paulo,Internacional,2,0,Brasileirao Serie A 2023
2023-05-08,4,Corinthians,Fortaleza,1,1,Brasileirao Serie A 2023
2023-05-10,5,Bragantino,America-MG,2,2,Brasileirao Serie A 2023
2023-05-10,5,Cruzeiro,Fluminense,0,2,Brasileirao Serie A 2023
2023-05-10,5,Cuiaba,Atletico-MG,0,4,Brasileirao Serie A 2023
2023-05-10,5,Flamengo,Goias,2,0,Brasileirao Serie A 2023
2023-05-10,5,Internacional,Athletico-PR,0,2,Brasileirao Serie A 2023
2023-05-10,5,Palmeiras,Gremio,4,1,Brasileirao Serie A 2023
2023-05-10,5,Santos,Bahia,3,0,Brasileirao Serie A 2023
2023-05-11,5,Botafogo-RJ,Corinthians,3,0,Brasileirao Serie A 2023
2023-05-11,5,Coritiba,Vasco,1,1,Brasileirao Serie A 2023
2023-05-11,5,Fortaleza,Sao Paulo,0,0,Brasileirao Serie A 2023
2023-05-13,6,Atletico-MG,Internacional,2,0,Brasileirao Serie A 2023
2023-05-13,6,Bahia,Flamengo,2,3,Brasileirao Serie A 2023
2023-05-13,6,Fluminense,Cuiaba,2,0,Brasileirao Serie A 2023
2023-05-13,6,Palmeiras,Bragantino,1,1,Brasileirao Serie A 2023
2023-05-14,6,America-MG,Cruzeiro,0,4,Brasileirao Serie A 2023
2023-05-14,6,Athletico-PR,Coritiba,3,2,Brasileirao Serie A 2023
2023-05-14,6,Corinthians,Sao Paulo,1,1,Brasileirao Serie A 2023
2023-05-14,6,Goias,Botafogo-RJ,2,1,Brasileirao Serie A 2023
2023-05-14,6,Gremio,Fortaleza,0,0,Brasileirao Serie A 2023
2023-05-14,6,Vasco,Santos,0,1,Brasileirao Serie A 2023
2023-05-20,7,America-MG,Fortaleza,2,1,Brasileirao Serie A 2023
2023-05-20,7,Bahia,Goias,1,1,Brasileirao Serie A 2023
2023-05-20,7,Botafogo-RJ,Fluminense,1,0,Brasileirao Serie A 2023
2023-05-20,7,Bragantino,Athletico-PR,2,0,Brasileirao Serie A 2023
2023-05-20,7,Coritiba,Atletico-MG,1,2,Brasileirao Serie A 2023
2023-05-20,7,Santos,Palmeiras,0,0,Brasileirao Serie A 2023
2023-05-20,7,Sao Paulo,Vasco,4,2,Brasileirao Serie A 2023
2023-05-21,7,Flamengo,Corinthians,1,0,Brasileirao Serie A 2023
2023-05-21,7,Gremio,Internacional,3,1,Brasileirao Serie A 2023
2023-05-22,7,Cruzeiro,Cuiaba,0,1,Brasileirao Serie A 2023
2023-05-27,8,Athletico-PR,Gremio,1,2,Brasileirao Serie A 2023
2023-05-27,8,Cuiaba,Coritiba,1,1,Brasileirao Serie A 2023
2023-05-27,8,Flamengo,Cruzeiro,1,1,Brasileirao Serie A 2023
2023-05-27,8,Fortaleza,Vasco,2,0,Brasileirao Serie A 2023
2023-05-27,8,Sao Paulo,Goias,2,1,Brasileirao Serie A 2023
2023-05-28,8,Atletico-MG,Palmeiras,1,1,Brasileirao Serie A 2023
2023-05-28,8,Botafogo-RJ,America-MG,2,0,Brasileirao Serie A 2023
2023-05-28,8,Bragantino,Santos,2,0,Brasileirao Serie A 2023
2023-05-28,8,Corinthians,Fluminense,2,0,Brasileirao Serie A 2023
2023-05-28,8,Internacional,Bahia,2,0,Brasileirao Serie A 2023
2023-06-03,9,America-MG,Corinthians,2,0,Brasileirao Serie A 2023
2023-06-03,9,Athletico-PR,Botafogo-RJ,1,0,Brasileirao Serie A 2023
2023-06-03,9,Cruzeiro,Atletico-MG,0,1,Brasileirao Serie A 2023
2023-06-03,9,Fortaleza,Bahia,0,0,Brasileirao Serie A 2023
2023-06-03,9,Santos,Internacional,1,1,Brasileirao Serie A 2023
2023-06-04,9,Fluminense,Bragantino,2,1,Brasileirao Serie A 2023
2023-06-04,9,Goias,Cuiaba,0,1,Brasileirao Serie A 2023
2023-06-04,9,Gremio,Sao Paulo,2,1,Brasileirao Serie A 2023
2023-06-04,9,Palmeiras,Coritiba,3,1,Brasileirao Serie A 2023
2023-06-05,9,Vasco,Flamengo,1,4,Brasileirao Serie A 2023
2023-06-10,10,Atletico-MG,Bragantino,1,1,Brasileirao Serie A 2023
2023-06-10,10,Bahia,Cruzeiro,2,2,Brasileirao Serie A 2023
2023-06-10,10,Botafogo-RJ,Fortaleza,2,0,Brasileirao Serie A 2023
2023-06-10,10,Corinthians,Cuiaba,1,1,Brasileirao Serie A 2023
2023-06-10,10,Coritiba,Santos,0,0,Brasileirao Serie A 2023
2023-06-11,10,America-MG,Athletico-PR,2,2,Brasileirao Serie A 2023
2023-06-11,10,Flamengo,Gremio,3,0,Brasileirao Serie A 2023
2023-06-11,10,Goias,Fluminense,2,2,Brasileirao Serie A 2023
2023-06-11,10,Internacional,Vasco,2,1,Brasileirao Serie A 2023
2023-06-11,10,Sao Paulo,Palmeiras,0,2,Brasileirao Serie A 2023
2023-06-21,11,Bahia,Palmeiras,1,0,Brasileirao Serie A 2023
2023-06-21,11,Cruzeiro,Fortaleza,0,1,Brasileirao Serie A 2023
2023-06-21,11,Fluminense,Atletico-MG,1,1,Brasileirao Serie A 2023
2023-06-21,11,Santos,Corinthians,0,2,Brasileirao Serie A 2023
2023-06-21,11,Sao Paulo,Athletico-PR,2,1,Brasileirao Serie A 2023
2023-06-22,11,Bragantino,Flamengo,4,0,Brasileirao Serie A 2023
2023-06-22,11,Coritiba,Internacional,0,1,Brasileirao Serie A 2023
2023-06-22,11,Cuiaba,Botafogo-RJ,0,1,Brasileirao Serie A 2023
2023-06-22,11,Gremio,America-MG,3,1,Brasileirao Serie A 2023
2023-06-22,11,Vasco,Goias,0,1,Brasileirao Serie A 2023
2023-06-24,12,Athletico-PR,Corinthians,1,0,Brasileirao Serie A 2023
2023-06-24,12,Cruzeiro,Sao Paulo,1,0,Brasileirao Serie A 2023
2023-06-24,12,Fluminense,Bahia,2,1,Brasileirao Serie A 2023
2023-06-24,12,Fortaleza,Atletico-MG,2,1,Brasileirao Serie A 2023
2023-06-25,12,America-MG,Internacional,1,2,Brasileirao Serie A 2023
2023-06-25,12,Bragantino,Goias,2,0,Brasileirao Serie A 2023
2023-06-25,12,Gremio,Coritiba,5,1,Brasileirao Serie A 2023
2023-06-25,12,Palmeiras,Botafogo-RJ,0,1,Brasileirao Serie A 2023
2023-06-25,12,Santos,Flamengo,2,3,Brasileirao Serie A 2023
2023-06-26,12,Vasco,Cuiaba,1,0,Brasileirao Serie A 2023
2023-07-01,13,Bahia,Gremio,1,2,Brasileirao Serie A 2023
2023-07-01,13,Flamengo,Fortaleza,2,0,Brasileirao Serie A 2023
2023-07-01,13,Internacional,Cruzeiro,0,0,Brasileirao Serie A 2023
2023-07-01,13,Sao Paulo,Fluminense,1,0,Brasileirao Serie A 2023
2023-07-02,13,Athletico-PR,Palmeiras,2,2,Brasileirao Serie A 2023
2023-07-02,13,Atletico-MG,America-MG,2,2,Brasileirao Serie A 2023
2023-07-02,13,Botafogo-RJ,Vasco,2,0,Brasileirao Serie A 2023
2023-07-02,13,Corinthians,Bragantino,0,1,Brasileirao Serie A 2023
2023-07-02,13,Cuiaba,Santos,3,0,Brasileirao Serie A 2023
2023-07-03,13,Goias,Coritiba,1,2,Brasileirao Serie A 2023
2023-07-08,14,Atletico-MG,Corinthians,0,1,Brasileirao Serie A 2023
2023-07-08,14,Coritiba,America-MG,3,1,Brasileirao Serie A 2023
2023-07-08,14,Cuiaba,Bahia,1,1,Brasileirao Serie A 2023
2023-07-08,14,Palmeiras,Flamengo,1,1,Brasileirao Serie A 2023
2023-07-08,14,Vasco,Cruzeiro,0,1,Brasileirao Serie A 2023
2023-07-09,14,Bragantino,Sao Paulo,0,0,Brasileirao Serie A 2023
2023-07-09,14,Fluminense,Internacional,2,0,Brasileirao Serie A 2023
2023-07-09,14,Fortaleza,Athletico-PR,1,0,Brasileirao Serie A 2023
2023-07-09,14,Gremio,Botafogo-RJ,0,2,Brasileirao Serie A 2023
2023-07-09,14,Santos,Goias,4,3,Brasileirao Serie A 2023
2023-07-15,15,Botafogo-RJ,Bragantino,2,0,Brasileirao Serie A 2023
2023-07-16,15,Athletico-PR,Bahia,2,0,Brasileirao Serie A 2023
2023-07-16,15,Cruzeiro,Coritiba,0,0,Brasileirao Serie A 2023
2023-07-16,15,Fluminense,Flamengo,0,0,Brasileirao Serie A 2023
2023-07-16,15,Fortaleza,Cuiaba,0,1,Brasileirao Serie A 2023
2023-07-16,15,Internacional,Palmeiras,0,0,Brasileirao Serie A 2023
2023-07-16,15,Sao Paulo,Santos,4,1,Brasileirao Serie A 2023
2023-07-17,15,Goias,Atletico-MG,0,0,Brasileirao Serie A 2023
2023-07-22,16,Bahia,Corinthians,0,0,Brasileirao Serie A 2023
2023-07-22,16,Cuiaba,Sao Paulo,2,1,Brasileirao Serie A 2023
2023-07-22,16,Flamengo,America-MG,1,1,Brasileirao Serie A 2023
2023-07-22,16,Gremio,Atletico-MG,1,0,Brasileirao Serie A 2023
2023-07-22,16,Palmeiras,Fortaleza,3,1,Brasileirao Serie A 2023
2023-07-23,16,Bragantino,Internacional,0,0,Brasileirao Serie A 2023
2023-07-23,16,Cruzeiro,Goias,0,1,Brasileirao Serie A 2023
2023-07-23,16,Santos,Botafogo-RJ,2,2,Brasileirao Serie A 2023
2023-07-23,16,Vasco,Athletico-PR,0,2,Brasileirao Serie A 2023
2023-07-24,16,Coritiba,Fluminense,2,0,Brasileirao Serie A 2023
2023-07-29,17,Athletico-PR,Cruzeiro,3,3,Brasileirao Serie A 2023
2023-07-29,17,Atletico-MG,Flamengo,1,2,Brasileirao Serie A 2023
2023-07-29,17,Corinthians,Vasco,3,1,Brasileirao Serie A 2023
2023-07-29,17,Fluminense,Santos,1,0,Brasileirao Serie A 2023
2023-07-29,17,Fortaleza,Bragantino,0,3,Brasileirao Serie A 2023
2023-07-29,17,Internacional,Cuiaba,1,2,Brasileirao Serie A 2023
2023-07-30,17,America-MG,Palmeiras,1,4,Brasileirao Serie A 2023
2023-07-30,17,Botafogo-RJ,Coritiba,4,1,Brasileirao Serie A 2023
2023-07-30,17,Goias,Gremio,1,1,Brasileirao Serie A 2023
2023-07-30,17,Sao Paulo,Bahia,0,0,Brasileirao Serie A 2023
2023-08-05,18,Fluminense,Palmeiras,2,1,Brasileirao Serie A 2023
2023-08-05,18,Goias,Fortaleza,1,0,Brasileirao Serie A 2023
2023-08-05,18,Internacional,Corinthians,2,2,Brasileirao Serie A 2023
2023-08-05,18,Santos,Athletico-PR,1,1,Brasileirao Serie A 2023
2023-08-06,18,Bahia,America-MG,3,1,Brasileirao Serie A 2023
2023-08-06,18,Coritiba,Bragantino,0,1,Brasileirao Serie A 2023
2023-08-06,18,Cruzeiro,Botafogo-RJ,0,0,Brasileirao Serie A 2023
2023-08-06,18,Cuiaba,Flamengo,3,0,Brasileirao Serie A 2023
2023-08-06,18,Sao Paulo,Atletico-MG,0,2,Brasileirao Serie A 2023
2023-08-06,18,Vasco,Gremio,1,0,Brasileirao Serie A 2023
2023-08-12,19,Botafogo-RJ,Internacional,3,1,Brasileirao Serie A 2023
2023-08-13,19,America-MG,Goias,0,1,Brasileirao Serie A 2023
2023-08-13,19,Atletico-MG,Bahia,1,0,Brasileirao Serie A 2023
2023-08-13,19,Corinthians,Coritiba,3,1,Brasileirao Serie A 2023
2023-08-13,19,Flamengo,Sao Paulo,1,1,Brasileirao Serie A 2023
2023-08-13,19,Fortaleza,Santos,4,0,Brasileirao Serie A 2023
2023-08-13,19,Gremio,Fluminense,2,1,Brasileirao Serie A 2023
2023-08-14,19,Bragantino,Vasco,1,1,Brasileirao Serie A 2023
2023-08-14,19,Palmeiras,Cruzeiro,1,0,Brasileirao Serie A 2023
2023-08-15,19,Athletico-PR,Cuiaba,2,0,Brasileirao Serie A 2023
2023-08-19,20,Cruzeiro,Corinthians,1,1,Brasileirao Serie A 2023
2023-08-19,20,Cuiaba,Palmeiras,0,2,Brasileirao Serie A 2023
2023-08-19,20,Fluminense,America-MG,3,1,Brasileirao Serie A 2023
2023-08-19,20,Internacional,Fortaleza,0,1,Brasileirao Serie A 2023
2023-08-19,20,Sao Paulo,Botafogo-RJ,0,0,Brasileirao Serie A 2023
2023-08-20,20,Bahia,Bragantino,4,0,Brasileirao Serie A 2023
2023-08-20,20,Coritiba,Flamengo,2,3,Brasileirao Serie A 2023
2023-08-20,20,Santos,Gremio,2,1,Brasileirao Serie A 2023
2023-08-20,20,Vasco,Atletico-MG,1,0,Brasileirao Serie A 2023
2023-08-21,20,Goias,Athletico-PR,1,1,Brasileirao Serie A 2023
2023-08-26,21,Corinthians,Goias,1,1,Brasileirao Serie A 2023
2023-08-26,21,Flamengo,Internacional,0,0,Brasileirao Serie A 2023
2023-08-27,21,America-MG,Sao Paulo,2,1,Brasileirao Serie A 2023
2023-08-27,21,Athletico-PR,Fluminense,2,2,Brasileirao Serie A 2023
2023-08-27,21,Atletico-MG,Santos,2,0,Brasileirao Serie A 2023
2023-08-27,21,Botafogo-RJ,Bahia,3,0,Brasileirao Serie A 2023
2023-08-27,21,Bragantino,Cuiaba,2,0,Brasileirao Serie A 2023
2023-08-27,21,Fortaleza,Coritiba,3,1,Brasileirao Serie A 2023
2023-08-27,21,Gremio,Cruzeiro,3,0,Brasileirao Serie A 2023
2023-08-27,21,Palmeiras,Vasco,1,0,Brasileirao Serie A 2023
2023-09-02,22,Athletico-PR,Atletico-MG,1,1,Brasileirao Serie A 2023
2023-09-02,22,Botafogo-RJ,Flamengo,1,2,Brasileirao Serie A 2023
2023-09-02,22,Goias,Internacional,0,0,Brasileirao Serie A 2023
2023-09-03,22,America-MG,Santos,2,0,Brasileirao Serie A 2023
2023-09-03,22,Bahia,Vasco,1,1,Brasileirao Serie A 2023
2023-09-03,22,Corinthians,Palmeiras,0,0,Brasileirao Serie A 2023
2023-09-03,22,Cruzeiro,Bragantino,0,0,Brasileirao Serie A 2023
2023-09-03,22,Fluminense,Fortaleza,1,0,Brasileirao Serie A 2023
2023-09-03,22,Gremio,Cuiaba,2,0,Brasileirao Serie A 2023
2023-09-13,23,Flamengo,Athletico-PR,0,3,Brasileirao Serie A 2023
2023-09-13,23,Internacional,Sao Paulo,2,1,Brasileirao Serie A 2023
2023-09-14,23,Bragantino,Gremio,2,0,Brasileirao Serie A 2023
2023-09-14,23,Coritiba,Bahia,2,4,Brasileirao Serie A 2023
2023-09-14,23,Fortaleza,Corinthians,2,1,Brasileirao Serie A 2023
2023-09-14,23,Santos,Cruzeiro,0,3,Brasileirao Serie A 2023
2023-09-15,23,Cuiaba,America-MG,2,2,Brasileirao Serie A 2023
2023-09-15,23,Palmeiras,Goias,1,0,Brasileirao Serie A 2023
2023-09-16,23,Atletico-MG,Botafogo-RJ,1,0,Brasileirao Serie A 2023
2023-09-16,23,Vasco,Fluminense,4,2,Brasileirao Serie A 2023
2023-09-18,24,Bahia,Santos,1,2,Brasileirao Serie A 2023
2023-09-18,15,Corinthians,Gremio,4,4,Brasileirao Serie A 2023
2023-09-19,24,America-MG,Bragantino,0,2,Brasileirao Serie A 2023
2023-09-20,24,Fluminense,Cruzeiro,1,0,Brasileirao Serie A 2023
2023-09-20,24,Goias,Flamengo,0,0,Brasileirao Serie A 2023
2023-09-20,24,Sao Paulo,Fortaleza,1,2,Brasileirao Serie A 2023
2023-09-21,24,Athletico-PR,Internacional,2,1,Brasileirao Serie A 2023
2023-09-21,24,Gremio,Palmeiras,1,0,Brasileirao Serie A 2023
2023-09-21,24,Vasco,Coritiba,5,1,Brasileirao Serie A 2023
2023-09-22,24,Corinthians,Botafogo-RJ,1,0,Brasileirao Serie A 2023
2023-09-23,24,Atletico-MG,Cuiaba,1,0,Brasileirao Serie A 2023
2023-09-25,15,America-MG,Vasco,0,1,Brasileirao Serie A 2023
2023-09-27,22,Sao Paulo,Coritiba,2,1,Brasileirao Serie A 2023
2023-09-30,25,Cuiaba,Fluminense,3,0,Brasileirao Serie A 2023
2023-09-30,25,Flamengo,Bahia,1,0,Brasileirao Serie A 2023
2023-09-30,25,Fortaleza,Gremio,1,1,Brasileirao Serie A 2023
2023-09-30,25,Internacional,Atletico-MG,0,2,Brasileirao Serie A 2023
2023-09-30,25,Sao Paulo,Corinthians,2,1,Brasileirao Serie A 2023
2023-10-01,25,Bragantino,Palmeiras,2,1,Brasileirao Serie A 2023
2023-10-01,25,Coritiba,Athletico-PR,2,0,Brasileirao Serie A 2023
2023-10-01,25,Cruzeiro,America-MG,1,1,Brasileirao Serie A 2023
2023-10-01,25,Santos,Vasco,4,1,Brasileirao Serie A 2023
2023-10-02,25,Botafogo-RJ,Goias,1,1,Brasileirao Serie A 2023
2023-10-07,26,Corinthians,Flamengo,1,1,Brasileirao Serie A 2023
2023-10-07,26,Goias,Bahia,4,6,Brasileirao Serie A 2023
2023-10-07,26,Vasco,Sao Paulo,0,0,Brasileirao Serie A 2023
2023-10-08,26,Athletico-PR,Bragantino,1,1,Brasileirao Serie A 2023
2023-10-08,26,Atletico-MG,Coritiba,1,2,Brasileirao Serie A 2023
2023-10-08,26,Fluminense,Botafogo-RJ,0,2,Brasileirao Serie A 2023
2023-10-08,26,Fortaleza,America-MG,3,2,Brasileirao Serie A 2023
2023-10-08,26,Internacional,Gremio,3,2,Brasileirao Serie A 2023
2023-10-08,26,Palmeiras,Santos,1,2,Brasileirao Serie A 2023
2023-10-14,26,Cuiaba,Cruzeiro,0,0,Brasileirao Serie A 2023
2023-10-18,27,America-MG,Botafogo-RJ,1,2,Brasileirao Serie A 2023
2023-10-18,27,Bahia,Internacional,1,0,Brasileirao Serie A 2023
2023-10-18,27,Coritiba,Cuiaba,0,3,Brasileirao Serie A 2023
2023-10-18,27,Goias,Sao Paulo,2,0,Brasileirao Serie A 2023
2023-10-18,27,Gremio,Athletico-PR,1,2,Brasileirao Serie A 2023
2023-10-18,27,Vasco,Fortaleza,1,0,Brasileirao Serie A 2023
2023-10-19,27,Cruzeiro,Flamengo,0,2,Brasileirao Serie A 2023
2023-10-19,27,Fluminense,Corinthians,3,3,Brasileirao Serie A 2023
2023-10-19,27,Palmeiras,Atletico-MG,0,2,Brasileirao Serie A 2023
2023-10-19,27,Santos,Bragantino,1,3,Brasileirao Serie A 2023
2023-10-21,28,Bahia,Fortaleza,2,0,Brasileirao Serie A 2023
2023-10-21,28,Cuiaba,Goias,1,1,Brasileirao Serie A 2023
2023-10-21,28,Sao Paulo,Gremio,3,0,Brasileirao Serie A 2023
2023-10-22,28,Atletico-MG,Cruzeiro,0,1,Brasileirao Serie A 2023
2023-10-22,28,Botafogo-RJ,Athletico-PR,1,1,Brasileirao Serie A 2023
2023-10-22,28,Bragantino,Fluminense,1,0,Brasileirao Serie A 2023
2023-10-22,28,Corinthians,America-MG,1,1,Brasileirao Serie A 2023
2023-10-22,28,Coritiba,Palmeiras,0,2,Brasileirao Serie A 2023
2023-10-22,28,Flamengo,Vasco,1,0,Brasileirao Serie A 2023
2023-10-22,28,Internacional,Santos,7,1,Brasileirao Serie A 2023
2023-10-25,29,Athletico-PR,America-MG,3,2,Brasileirao Serie A 2023
2023-10-25,29,Bragantino,Atletico-MG,1,2,Brasileirao Serie A 2023
2023-10-25,29,Cruzeiro,Bahia,3,0,Brasileirao Serie A 2023
2023-10-25,29,Cuiaba,Corinthians,0,1,Brasileirao Serie A 2023
2023-10-25,29,Fluminense,Goias,5,3,Brasileirao Serie A 2023
2023-10-25,29,Gremio,Flamengo,3,2,Brasileirao Serie A 2023
2023-10-25,29,Palmeiras,Sao Paulo,5,0,Brasileirao Serie A 2023
2023-10-26,29,Santos,Coritiba,2,1,Brasileirao Serie A 2023
2023-10-26,29,Vasco,Internacional,1,2,Brasileirao Serie A 2023
2023-10-28,30,America-MG,Gremio,3,4,Brasileirao Serie A 2023
2023-10-28,30,Atletico-MG,Fluminense,2,0,Brasileirao Serie A 2023
2023-10-28,30,Palmeiras,Bahia,1,0,Brasileirao Serie A 2023
2023-10-29,30,Athletico-PR,Sao Paulo,1,1,Brasileirao Serie A 2023
2023-10-29,30,Botafogo-RJ,Cuiaba,0,1,Brasileirao Serie A 2023
2023-10-29,30,Corinthians,Santos,1,1,Brasileirao Serie A 2023
2023-10-29,30,Goias,Vasco,1,1,Brasileirao Serie A 2023
2023-10-29,30,Internacional,Coritiba,3,4,Brasileirao Serie A 2023
2023-10-31,31,Bahia,Fluminense,1,0,Brasileirao Serie A 2023
2023-11-01,31,Atletico-MG,Fortaleza,3,1,Brasileirao Serie A 2023
2023-11-01,31,Botafogo-RJ,Palmeiras,3,4,Brasileirao Serie A 2023
2023-11-01,31,Corinthians,Athletico-PR,1,0,Brasileirao Serie A 2023
2023-11-01,31,Coritiba,Gremio,1,2,Brasileirao Serie A 2023
2023-11-01,31,Flamengo,Santos,1,2,Brasileirao Serie A 2023
2023-11-01,31,Internacional,America-MG,1,1,Brasileirao Serie A 2023
2023-11-02,31,Cuiaba,Vasco,0,2,Brasileirao Serie A 2023
2023-11-02,31,Goias,Bragantino,0,2,Brasileirao Serie A 2023
2023-11-02,31,Sao Paulo,Cruzeiro,1,0,Brasileirao Serie A 2023
2023-11-04,32,America-MG,Atletico-MG,1,1,Brasileirao Serie A 2023
2023-11-04,32,Gremio,Bahia,1,0,Brasileirao Serie A 2023
2023-11-04,32,Palmeiras,Athletico-PR,1,0,Brasileirao Serie A 2023
2023-11-05,32,Bragantino,Corinthians,1,0,Brasileirao Serie A 2023
2023-11-05,32,Coritiba,Goias,0,1,Brasileirao Serie A 2023
2023-11-05,32,Cruzeiro,Internacional,1,2,Brasileirao Serie A 2023
2023-11-05,32,Fortaleza,Flamengo,0,2,Brasileirao Serie A 2023
2023-11-06,32,Santos,Cuiaba,0,0,Brasileirao Serie A 2023
2023-11-06,32,Vasco,Botafogo-RJ,1,0,Brasileirao Serie A 2023
2023-11-08,33,America-MG,Coritiba,0,3,Brasileirao Serie A 2023
2023-11-08,33,Athletico-PR,Fortaleza,1,1,Brasileirao Serie A 2023
2023-11-08,33,Flamengo,Palmeiras,3,0,Brasileirao Serie A 2023
2023-11-08,33,Internacional,Fluminense,0,0,Brasileirao Serie A 2023
2023-11-08,33,Sao Paulo,Bragantino,1,0,Brasileirao Serie A 2023
2023-11-09,33,Bahia,Cuiaba,0,3,Brasileirao Serie A 2023
2023-11-09,33,Botafogo-RJ,Gremio,3,4,Brasileirao Serie A 2023
2023-11-09,33,Corinthians,Atletico-MG,1,1,Brasileirao Serie A 2023
2023-11-09,33,Goias,Santos,0,1,Brasileirao Serie A 2023
2023-11-11,34,Coritiba,Cruzeiro,1,0,Brasileirao Serie A 2023
2023-11-11,34,Flamengo,Fluminense,1,1,Brasileirao Serie A 2023
2023-11-11,34,Palmeiras,Internacional,3,0,Brasileirao Serie A 2023
2023-11-12,34,Atletico-MG,Goias,2,1,Brasileirao Serie A 2023
2023-11-12,34,Bahia,Athletico-PR,1,1,Brasileirao Serie A 2023
2023-11-12,34,Bragantino,Botafogo-RJ,2,2,Brasileirao Serie A 2023
2023-11-12,34,Cuiaba,Fortaleza,2,1,Brasileirao Serie A 2023
2023-11-12,34,Gremio,Corinthians,0,1,Brasileirao Serie A 2023
2023-11-12,34,Santos,Sao Paulo,0,0,Brasileirao Serie A 2023
2023-11-12,34,Vasco,America-MG,2,1,Brasileirao Serie A 2023
2023-11-18,30,Fortaleza,Cruzeiro,0,1,Brasileirao Serie A 2023
2023-11-22,33,Cruzeiro,Vasco,2,2,Brasileirao Serie A 2023
2023-11-22,32,Fluminense,Sao Paulo,1,0,Brasileirao Serie A 2023
2023-11-23,30,Flamengo,Bragantino,1,0,Brasileirao Serie A 2023
2023-11-23,29,Fortaleza,Botafogo-RJ,2,2,Brasileirao Serie A 2023
2023-11-24,35,Corinthians,Bahia,1,5,Brasileirao Serie A 2023
2023-11-25,35,Athletico-PR,Vasco,0,0,Brasileirao Serie A 2023
2023-11-25,35,Fluminense,Coritiba,2,1,Brasileirao Serie A 2023
2023-11-26,35,America-MG,Flamengo,0,3,Brasileirao Serie A 2023
2023-11-26,35,Atletico-MG,Gremio,3,0,Brasileirao Serie A 2023
2023-11-26,35,Botafogo-RJ,Santos,1,1,Brasileirao Serie A 2023
2023-11-26,35,Fortaleza,Palmeiras,2,2,Brasileirao Serie A 2023
2023-11-26,35,Internacional,Bragantino,1,0,Brasileirao Serie A 2023
2023-11-26,35,Sao Paulo,Cuiaba,0,0,Brasileirao Serie A 2023
2023-11-27,35,Goias,Cruzeiro,0,1,Brasileirao Serie A 2023
2023-11-28,36,Vasco,Corinthians,2,4,Brasileirao Serie A 2023
2023-11-29,36,Bahia,Sao Paulo,0,1,Brasileirao Serie A 2023
2023-11-29,36,Coritiba,Botafogo-RJ,1,1,Brasileirao Serie A 2023
2023-11-29,36,Cuiaba,Internacional,0,2,Brasileirao Serie A 2023
2023-11-29,36,Flamengo,Atletico-MG,0,3,Brasileirao Serie A 2023
2023-11-29,36,Palmeiras,America-MG,4,0,Brasileirao Serie A 2023
2023-11-29,36,Santos,Fluminense,0,3,Brasileirao Serie A 2023
2023-11-30,36,Bragantino,Fortaleza,1,2,Brasileirao Serie A 2023
2023-11-30,36,Cruzeiro,Athletico-PR,1,1,Brasileirao Serie A 2023
2023-11-30,36,Gremio,Goias,2,1,Brasileirao Serie A 2023
2023-12-02,37,Atletico-MG,Sao Paulo,2,1,Brasileirao Serie A 2023
2023-12-02,37,Corinthians,Internacional,1,2,Brasileirao Serie A 2023
2023-12-03,37,America-MG,Bahia,3,2,Brasileirao Serie A 2023
2023-12-03,37,Athletico-PR,Santos,3,0,Brasileirao Serie A 2023
2023-12-03,37,Botafogo-RJ,Cruzeiro,0,0,Brasileirao Serie A 2023
2023-12-03,37,Bragantino,Coritiba,1,0,Brasileirao Serie A 2023
2023-12-03,37,Flamengo,Cuiaba,2,1,Brasileirao Serie A 2023
2023-12-03,37,Fortaleza,Goias,1,0,Brasileirao Serie A 2023
2023-12-03,37,Gremio,Vasco,1,0,Brasileirao Serie A 2023
2023-12-03,37,Palmeiras,Fluminense,1,0,Brasileirao Serie A 2023
2023-12-06,38,Bahia,Atletico-MG,4,1,Brasileirao Serie A 2023
2023-12-06,38,Coritiba,Corinthians,0,2,Brasileirao Serie A 2023
2023-12-06,38,Cruzeiro,Palmeiras,1,1,Brasileirao Serie A 2023
2023-12-06,38,Cuiaba,Athletico-PR,3,0,Brasileirao Serie A 2023
2023-12-06,38,Fluminense,Gremio,2,3,Brasileirao Serie A 2023
2023-12-06,38,Goias,America-MG,1,0,Brasileirao Serie A 2023
2023-12-06,38,Internacional,Botafogo-RJ,3,1,Brasileirao Serie A 2023
2023-12-06,38,Santos,Fortaleza,1,2,Brasileirao Serie A 2023
2023-12-06,38,Sao Paulo,Flamengo,1,0,Brasileirao Serie A 2023
2023-12-06,38,Vasco,Bragantino,2,1,Brasileirao Serie A 2023
2024-04-13,1,Criciuma,Juventude,1,1,Brasileirao Serie A 2024
2024-04-13,1,Fluminense,Bragantino,2,2,Brasileirao Serie A 2024
2024-04-13,1,Internacional,Bahia,2,1,Brasileirao Serie A 2024
2024-04-13,1,Sao Paulo,Fortaleza,1,2,Brasileirao Serie A 2024
2024-04-14,1,Athletico-PR,Cuiaba,4,0,Brasileirao Serie A 2024
2024-04-14,1,Atletico-GO,Flamengo,1,2,Brasileirao Serie A 2024
2024-04-14,1,Corinthians,Atletico-MG,0,0,Brasileirao Serie A 2024
2024-04-14,1,Cruzeiro,Botafogo-RJ,3,2,Brasileirao Serie A 2024
2024-04-14,1,Vasco,Gremio,2,1,Brasileirao Serie A 2024
2024-04-14,1,Vitoria,Palmeiras,0,1,Brasileirao Serie A 2024
2024-04-16,2,Bahia,Fluminense,2,1,Brasileirao Serie A 2024
2024-04-17,2,Atletico-MG,Criciuma,1,1,Brasileirao Serie A 2024
2024-04-17,2,Bragantino,Vasco,2,1,Brasileirao Serie A 2024
2024-04-17,2,Flamengo,Sao Paulo,2,1,Brasileirao Serie A 2024
2024-04-17,2,Fortaleza,Cruzeiro,1,1,Brasileirao Serie A 2024
2024-04-17,2,Gremio,Athletico-PR,2,0,Brasileirao Serie A 2024
2024-04-17,2,Juventude,Corinthians,2,0,Brasileirao Serie A 2024
2024-04-17,2,Palmeiras,Internacional,0,1,Brasileirao Serie A 2024
2024-04-18,2,Botafogo-RJ,Atletico-GO,1,0,Brasileirao Serie A 2024
2024-04-20,3,Atletico-MG,Cruzeiro,3,0,Brasileirao Serie A 2024
2024-04-20,3,Bragantino,Corinthians,1,0,Brasileirao Serie A 2024
2024-04-20,3,Fluminense,Vasco,2,1,Brasileirao Serie A 2024
2024-04-20,3,Gremio,Cuiaba,1,0,Brasileirao Serie A 2024
2024-04-21,3,Athletico-PR,Internacional,1,0,Brasileirao Serie A 2024
2024-04-21,3,Atletico-GO,Sao Paulo,0,3,Brasileirao Serie A 2024
2024-04-21,3,Botafogo-RJ,Juventude,5,1,Brasileirao Serie A 2024
2024-04-21,3,Palmeiras,Flamengo,0,0,Brasileirao Serie A 2024
2024-04-21,3,Vitoria,Bahia,2,2,Brasileirao Serie A 2024
2024-04-27,4,Bahia,Gremio,1,0,Brasileirao Serie A 2024
2024-04-27,4,Cuiaba,Atletico-MG,0,3,Brasileirao Serie A 2024
2024-04-27,4,Vasco,Criciuma,0,4,Brasileirao Serie A 2024
2024-04-28,4,Corinthians,Fluminense,3,0,Brasileirao Serie A 2024
2024-04-28,4,Cruzeiro,Vitoria,3,1,Brasileirao Serie A 2024
2024-04-28,4,Flamengo,Botafogo-RJ,0,2,Brasileirao Serie A 2024
2024-04-28,4,Fortaleza,Bragantino,1,1,Brasileirao Serie A 2024
2024-04-28,4,Internacional,Atletico-GO,1,1,Brasileirao Serie A 2024
2024-04-28,4,Juventude,Athletico-PR,1,1,Brasileirao Serie A 2024
2024-04-29,4,Sao Paulo,Palmeiras,0,0,Brasileirao Serie A 2024
2024-05-04,5,Bragantino,Flamengo,1,1,Brasileirao Serie A 2024
2024-05-04,5,Corinthians,Fortaleza,0,0,Brasileirao Serie A 2024
2024-05-04,5,Fluminense,Atletico-MG,2,2,Brasileirao Serie A 2024
2024-05-05,5,Athletico-PR,Vasco,1,0,Brasileirao Serie A 2024
2024-05-05,5,Botafogo-RJ,Bahia,1,2,Brasileirao Serie A 2024
2024-05-05,5,Cuiaba,Palmeiras,0,2,Brasileirao Serie A 2024
2024-05-05,5,Vitoria,Sao Paulo,1,3,Brasileirao Serie A 2024
2024-05-11,6,Flamengo,Corinthians,2,0,Brasileirao Serie A 2024
2024-05-12,6,Atletico-GO,Cruzeiro,0,1,Brasileirao Serie A 2024
2024-05-12,6,Bahia,Bragantino,1,0,Brasileirao Serie A 2024
2024-05-12,6,Fortaleza,Botafogo-RJ,1,1,Brasileirao Serie A 2024
2024-05-12,6,Palmeiras,Athletico-PR,0,2,Brasileirao Serie A 2024
2024-05-12,6,Vasco,Vitoria,2,1,Brasileirao Serie A 2024
2024-05-13,6,Sao Paulo,Fluminense,2,1,Brasileirao Serie A 2024
2024-06-01,7,Corinthians,Botafogo-RJ,0,1,Brasileirao Serie A 2024
2024-06-01,7,Cuiaba,Internacional,0,1,Brasileirao Serie A 2024
2024-06-01,7,Fluminense,Juventude,1,1,Brasileirao Serie A 2024
2024-06-01,7,Gremio,Bragantino,0,2,Brasileirao Serie A 2024
2024-06-01,7,Vitoria,Atletico-GO,0,2,Brasileirao Serie A 2024
2024-06-02,7,Atletico-MG,Bahia,1,1,Brasileirao Serie A 2024
2024-06-02,7,Criciuma,Palmeiras,1,2,Brasileirao Serie A 2024
2024-06-02,7,Fortaleza,Athletico-PR,1,0,Brasileirao Serie A 2024
2024-06-02,7,Sao Paulo,Cruzeiro,2,0,Brasileirao Serie A 2024
2024-06-02,7,Vasco,Flamengo,1,6,Brasileirao Serie A 2024
2024-06-05,2,Cuiaba,Vitoria,0,0,Brasileirao Serie A 2024
2024-06-05,5,Juventude,Atletico-GO,1,0,Brasileirao Serie A 2024
2024-06-09,6,Criciuma,Cuiaba,2,5,Brasileirao Serie A 2024
2024-06-11,8,Atletico-GO,Corinthians,2,2,Brasileirao Serie A 2024
2024-06-11,8,Botafogo-RJ,Fluminense,1,0,Brasileirao Serie A 2024
2024-06-11,8,Bragantino,Atletico-MG,1,2,Brasileirao Serie A 2024
2024-06-11,8,Juventude,Vitoria,1,1,Brasileirao Serie A 2024
2024-06-13,8,Athletico-PR,Criciuma,3,1,Brasileirao Serie A 2024
2024-06-13,8,Bahia,Fortaleza,1,0,Brasileirao Serie A 2024
2024-06-13,8,Cruzeiro,Cuiaba,2,1,Brasileirao Serie A 2024
2024-06-13,8,Flamengo,Gremio,2,1,Brasileirao Serie A 2024
2024-06-13,8,Internacional,Sao Paulo,0,0,Brasileirao Serie A 2024
2024-06-13,8,Palmeiras,Vasco,2,0,Brasileirao Serie A 2024
2024-06-15,9,Bragantino,Juventude,2,1,Brasileirao Serie A 2024
2024-06-15,9,Fluminense,Atletico-GO,1,2,Brasileirao Serie A 2024
2024-06-16,9,Athletico-PR,Flamengo,1,1,Brasileirao Serie A 2024
2024-06-16,9,Corinthians,Sao Paulo,2,2,Brasileirao Serie A 2024
2024-06-16,9,Criciuma,Bahia,2,2,Brasileirao Serie A 2024
2024-06-16,9,Cuiaba,Fortaleza,5,0,Brasileirao Serie A 2024
2024-06-16,9,Gremio,Botafogo-RJ,1,2,Brasileirao Serie A 2024
2024-06-16,9,Vasco,Cruzeiro,0,0,Brasileirao Serie A 2024
2024-06-16,9,Vitoria,Internacional,2,1,Brasileirao Serie A 2024
2024-06-17,9,Atletico-MG,Palmeiras,0,4,Brasileirao Serie A 2024
2024-06-19,10,Atletico-GO,Criciuma,1,2,Brasileirao Serie A 2024
2024-06-19,10,Botafogo-RJ,Athletico-PR,1,1,Brasileirao Serie A 2024
2024-06-19,10,Cruzeiro,Fluminense,2,0,Brasileirao Serie A 2024
2024-06-19,10,Fortaleza,Gremio,1,0,Brasileirao Serie A 2024
2024-06-19,10,Internacional,Corinthians,1,0,Brasileirao Serie A 2024
2024-06-19,10,Juventude,Vasco,2,0,Brasileirao Serie A 2024
2024-06-19,10,Sao Paulo,Cuiaba,0,1,Brasileirao Serie A 2024
2024-06-20,10,Flamengo,Bahia,2,1,Brasileirao Serie A 2024
2024-06-20,10,Palmeiras,Bragantino,2,1,Brasileirao Serie A 2024
2024-06-20,10,Vitoria,Atletico-MG,4,2,Brasileirao Serie A 2024
2024-06-22,11,Criciuma,Botafogo-RJ,2,1,Brasileirao Serie A 2024
2024-06-22,11,Cuiaba,Atletico-GO,0,0,Brasileirao Serie A 2024
2024-06-22,11,Gremio,Internacional,0,1,Brasileirao Serie A 2024
2024-06-22,11,Vasco,Sao Paulo,4,1,Brasileirao Serie A 2024
2024-06-23,11,Athletico-PR,Corinthians,1,1,Brasileirao Serie A 2024
2024-06-23,11,Atletico-MG,Fortaleza,1,1,Brasileirao Serie A 2024
2024-06-23,11,Bahia,Cruzeiro,4,1,Brasileirao Serie A 2024
2024-06-23,11,Bragantino,Vitoria,2,1,Brasileirao Serie A 2024
2024-06-23,11,Fluminense,Flamengo,0,1,Brasileirao Serie A 2024
2024-06-23,11,Palmeiras,Juventude,3,1,Brasileirao Serie A 2024
2024-06-26,12,Atletico-GO,Gremio,1,1,Brasileirao Serie A 2024
2024-06-26,12,Bahia,Vasco,2,1,Brasileirao Serie A 2024
2024-06-26,12,Botafogo-RJ,Bragantino,2,1,Brasileirao Serie A 2024
2024-06-26,12,Corinthians,Cuiaba,1,1,Brasileirao Serie A 2024
2024-06-26,12,Cruzeiro,Athletico-PR,2,0,Brasileirao Serie A 2024
2024-06-26,12,Fortaleza,Palmeiras,3,0,Brasileirao Serie A 2024
2024-06-26,12,Internacional,Atletico-MG,1,2,Brasileirao Serie A 2024
2024-06-26,12,Juventude,Flamengo,2,1,Brasileirao Serie A 2024
2024-06-27,12,Fluminense,Vitoria,0,1,Brasileirao Serie A 2024
2024-06-27,12,Sao Paulo,Criciuma,2,1,Brasileirao Serie A 2024
2024-06-29,13,Cuiaba,Bragantino,1,1,Brasileirao Serie A 2024
2024-06-29,13,Vasco,Botafogo-RJ,1,1,Brasileirao Serie A 2024
2024-06-30,13,Atletico-MG,Atletico-GO,1,1,Brasileirao Serie A 2024
2024-06-30,13,Criciuma,Internacional,1,1,Brasileirao Serie A 2024
2024-06-30,13,Flamengo,Cruzeiro,2,1,Brasileirao Serie A 2024
2024-06-30,13,Fortaleza,Juventude,2,1,Brasileirao Serie A 2024
2024-06-30,13,Gremio,Fluminense,1,0,Brasileirao Serie A 2024
2024-06-30,13,Sao Paulo,Bahia,3,1,Brasileirao Serie A 2024
2024-06-30,13,Vitoria,Athletico-PR,0,1,Brasileirao Serie A 2024
2024-07-01,13,Palmeiras,Corinthians,2,0,Brasileirao Serie A 2024
2024-07-03,14,Athletico-PR,Sao Paulo,1,2,Brasileirao Serie A 2024
2024-07-03,14,Atletico-MG,Flamengo,2,4,Brasileirao Serie A 2024
2024-07-03,14,Bragantino,Atletico-GO,3,1,Brasileirao Serie A 2024
2024-07-03,14,Criciuma,Cruzeiro,1,0,Brasileirao Serie A 2024
2024-07-03,14,Cuiaba,Botafogo-RJ,1,2,Brasileirao Serie A 2024
2024-07-03,14,Vasco,Fortaleza,2,0,Brasileirao Serie A 2024
2024-07-04,14,Bahia,Juventude,2,0,Brasileirao Serie A 2024
2024-07-04,14,Corinthians,Vitoria,3,2,Brasileirao Serie A 2024
2024-07-04,14,Fluminense,Internacional,1,1,Brasileirao Serie A 2024
2024-07-04,14,Gremio,Palmeiras,2,2,Brasileirao Serie A 2024
2024-07-06,15,Flamengo,Cuiaba,1,1,Brasileirao Serie A 2024
2024-07-06,15,Sao Paulo,Bragantino,2,0,Brasileirao Serie A 2024
2024-07-07,15,Atletico-GO,Athletico-PR,1,2,Brasileirao Serie A 2024
2024-07-07,15,Botafogo-RJ,Atletico-MG,3,0,Brasileirao Serie A 2024
2024-07-07,15,Cruzeiro,Corinthians,3,0,Brasileirao Serie A 2024
2024-07-07,15,Fortaleza,Fluminense,1,0,Brasileirao Serie A 2024
2024-07-07,15,Internacional,Vasco,1,2,Brasileirao Serie A 2024
2024-07-07,15,Juventude,Gremio,3,0,Brasileirao Serie A 2024
2024-07-07,15,Palmeiras,Bahia,2,0,Brasileirao Serie A 2024
2024-07-07,15,Vitoria,Criciuma,2,1,Brasileirao Serie A 2024
2024-07-10,16,Athletico-PR,Bahia,1,3,Brasileirao Serie A 2024
2024-07-10,16,Gremio,Cruzeiro,0,2,Brasileirao Serie A 2024
2024-07-10,16,Vasco,Corinthians,2,0,Brasileirao Serie A 2024
2024-07-11,16,Atletico-MG,Sao Paulo,2,1,Brasileirao Serie A 2024
2024-07-11,16,Criciuma,Fluminense,1,1,Brasileirao Serie A 2024
2024-07-11,16,Flamengo,Fortaleza,1,2,Brasileirao Serie A 2024
2024-07-11,16,Palmeiras,Atletico-GO,3,1,Brasileirao Serie A 2024
2024-07-11,16,Vitoria,Botafogo-RJ,0,1,Brasileirao Serie A 2024
2024-07-13,17,Bahia,Cuiaba,1,2,Brasileirao Serie A 2024
2024-07-13,17,Cruzeiro,Bragantino,2,1,Brasileirao Serie A 2024
2024-07-16,17,Corinthians,Criciuma,2,1,Brasileirao Serie A 2024
2024-07-16,17,Juventude,Atletico-MG,1,1,Brasileirao Serie A 2024
2024-07-17,17,Atletico-GO,Vasco,0,1,Brasileirao Serie A 2024
2024-07-17,17,Botafogo-RJ,Palmeiras,1,0,Brasileirao Serie A 2024
2024-07-17,17,Fortaleza,Vitoria,3,1,Brasileirao Serie A 2024
2024-07-17,17,Sao Paulo,Gremio,1,0,Brasileirao Serie A 2024
2024-07-20,18,Botafogo-RJ,Internacional,1,0,Brasileirao Serie A 2024
2024-07-20,18,Flamengo,Criciuma,2,1,Brasileirao Serie A 2024
2024-07-20,18,Palmeiras,Cruzeiro,2,0,Brasileirao Serie A 2024
2024-07-21,18,Atletico-MG,Vasco,2,0,Brasileirao Serie A 2024
2024-07-21,18,Bahia,Corinthians,0,1,Brasileirao Serie A 2024
2024-07-21,18,Bragantino,Athletico-PR,1,0,Brasileirao Serie A 2024
2024-07-21,18,Cuiaba,Fluminense,0,1,Brasileirao Serie A 2024
2024-07-21,18,Fortaleza,Atletico-GO,3,1,Brasileirao Serie A 2024
2024-07-21,18,Gremio,Vitoria,2,0,Brasileirao Serie A 2024
2024-07-21,18,Juventude,Sao Paulo,0,0,Brasileirao Serie A 2024
2024-07-24,19,Atletico-GO,Bahia,1,1,Brasileirao Serie A 2024
2024-07-24,3,Criciuma,Fortaleza,1,1,Brasileirao Serie A 2024
2024-07-24,19,Cruzeiro,Juventude,2,0,Brasileirao Serie A 2024
2024-07-24,19,Fluminense,Palmeiras,1,0,Brasileirao Serie A 2024
2024-07-24,19,Sao Paulo,Botafogo-RJ,2,2,Brasileirao Serie A 2024
2024-07-24,19,Vitoria,Flamengo,1,2,Brasileirao Serie A 2024
2024-07-25,19,Corinthians,Gremio,2,2,Brasileirao Serie A 2024
2024-07-27,20,Bahia,Internacional,1,1,Brasileirao Serie A 2024
2024-07-27,20,Botafogo-RJ,Cruzeiro,0,3,Brasileirao Serie A 2024
2024-07-27,20,Fortaleza,Sao Paulo,1,0,Brasileirao Serie A 2024
2024-07-27,20,Juventude,Criciuma,1,2,Brasileirao Serie A 2024
2024-07-27,20,Palmeiras,Vitoria,0,2,Brasileirao Serie A 2024
2024-07-28,20,Atletico-MG,Corinthians,2,1,Brasileirao Serie A 2024
2024-07-28,20,Bragantino,Fluminense,0,1,Brasileirao Serie A 2024
2024-07-28,20,Cuiaba,Athletico-PR,1,2,Brasileirao Serie A 2024
2024-07-28,20,Flamengo,Atletico-GO,2,0,Brasileirao Serie A 2024
2024-07-28,20,Gremio,Vasco,1,0,Brasileirao Serie A 2024
2024-08-03,21,Atletico-GO,Botafogo-RJ,1,4,Brasileirao Serie A 2024
2024-08-03,21,Criciuma,Atletico-MG,2,1,Brasileirao Serie A 2024
2024-08-03,21,Sao Paulo,Flamengo,1,0,Brasileirao Serie A 2024
2024-08-03,21,Vasco,Bragantino,2,2,Brasileirao Serie A 2024
2024-08-03,21,Vitoria,Cuiaba,1,0,Brasileirao Serie A 2024
2024-08-04,21,Athletico-PR,Gremio,0,2,Brasileirao Serie A 2024
2024-08-04,21,Corinthians,Juventude,1,1,Brasileirao Serie A 2024
2024-08-04,21,Fluminense,Bahia,1,0,Brasileirao Serie A 2024
2024-08-04,21,Internacional,Palmeiras,1,1,Brasileirao Serie A 2024
2024-08-05,21,Cruzeiro,Fortaleza,1,2,Brasileirao Serie A 2024
2024-08-10,22,Corinthians,Bragantino,1,1,Brasileirao Serie A 2024
2024-08-10,22,Cruzeiro,Atletico-MG,0,0,Brasileirao Serie A 2024
2024-08-10,22,Cuiaba,Gremio,1,3,Brasileirao Serie A 2024
2024-08-10,22,Fortaleza,Criciuma,1,0,Brasileirao Serie A 2024
2024-08-10,22,Vasco,Fluminense,2,0,Brasileirao Serie A 2024
2024-08-11,22,Bahia,Vitoria,2,0,Brasileirao Serie A 2024
2024-08-11,22,Flamengo,Palmeiras,1,1,Brasileirao Serie A 2024
2024-08-11,22,Internacional,Athletico-PR,2,2,Brasileirao Serie A 2024
2024-08-11,22,Juventude,Botafogo-RJ,3,2,Brasileirao Serie A 2024
2024-08-11,22,Sao Paulo,Atletico-GO,1,0,Brasileirao Serie A 2024
2024-08-14,6,Internacional,Juventude,2,1,Brasileirao Serie A 2024
2024-08-17,23,Atletico-MG,Cuiaba,1,1,Brasileirao Serie A 2024
2024-08-17,23,Bragantino,Fortaleza,1,2,Brasileirao Serie A 2024
2024-08-17,23,Fluminense,Corinthians,0,0,Brasileirao Serie A 2024
2024-08-17,23,Gremio,Bahia,0,2,Brasileirao Serie A 2024
2024-08-18,23,Athletico-PR,Juventude,1,2,Brasileirao Serie A 2024
2024-08-18,23,Atletico-GO,Internacional,1,0,Brasileirao Serie A 2024
2024-08-18,23,Botafogo-RJ,Flamengo,4,1,Brasileirao Serie A 2024
2024-08-18,23,Criciuma,Vasco,2,2,Brasileirao Serie A 2024
2024-08-18,23,Palmeiras,Sao Paulo,2,1,Brasileirao Serie A 2024
2024-08-19,23,Vitoria,Cruzeiro,2,2,Brasileirao Serie A 2024
2024-08-24,24,Atletico-GO,Juventude,2,1,Brasileirao Serie A 2024
2024-08-24,24,Atletico-MG,Fluminense,0,2,Brasileirao Serie A 2024
2024-08-24,24,Palmeiras,Cuiaba,5,0,Brasileirao Serie A 2024
2024-08-25,24,Bahia,Botafogo-RJ,0,0,Brasileirao Serie A 2024
2024-08-25,24,Criciuma,Gremio,0,1,Brasileirao Serie A 2024
2024-08-25,24,Flamengo,Bragantino,2,1,Brasileirao Serie A 2024
2024-08-25,24,Fortaleza,Corinthians,1,0,Brasileirao Serie A 2024
2024-08-25,24,Internacional,Cruzeiro,1,0,Brasileirao Serie A 2024
2024-08-25,24,Sao Paulo,Vitoria,2,1,Brasileirao Serie A 2024
2024-08-26,24,Vasco,Athletico-PR,2,1,Brasileirao Serie A 2024
2024-08-28,19,Criciuma,Bragantino,1,0,Brasileirao Serie A 2024
2024-08-28,5,Cruzeiro,Internacional,0,0,Brasileirao Serie A 2024
2024-08-31,25,Botafogo-RJ,Fortaleza,2,0,Brasileirao Serie A 2024
2024-08-31,25,Cuiaba,Criciuma,2,1,Brasileirao Serie A 2024
2024-09-01,25,Athletico-PR,Palmeiras,0,2,Brasileirao Serie A 2024
2024-09-01,25,Bragantino,Bahia,2,1,Brasileirao Serie A 2024
2024-09-01,25,Corinthians,Flamengo,2,1,Brasileirao Serie A 2024
2024-09-01,25,Cruzeiro,Atletico-GO,3,1,Brasileirao Serie A 2024
2024-09-01,25,Fluminense,Sao Paulo,2,0,Brasileirao Serie A 2024
2024-09-01,25,Gremio,Atletico-MG,2,3,Brasileirao Serie A 2024
2024-09-01,25,Juventude,Internacional,1,3,Brasileirao Serie A 2024
2024-09-01,25,Vitoria,Vasco,0,1,Brasileirao Serie A 2024
2024-09-05,16,Cuiaba,Juventude,0,0,Brasileirao Serie A 2024
2024-09-11,19,Internacional,Fortaleza,2,1,Brasileirao Serie A 2024
2024-09-14,26,Athletico-PR,Fortaleza,1,1,Brasileirao Serie A 2024
2024-09-14,26,Atletico-GO,Vitoria,0,2,Brasileirao Serie A 2024
2024-09-14,26,Botafogo-RJ,Corinthians,2,1,Brasileirao Serie A 2024
2024-09-15,26,Bahia,Atletico-MG,3,0,Brasileirao Serie A 2024
2024-09-15,26,Bragantino,Gremio,2,2,Brasileirao Serie A 2024
2024-09-15,26,Cruzeiro,Sao Paulo,0,1,Brasileirao Serie A 2024
2024-09-15,26,Flamengo,Vasco,1,1,Brasileirao Serie A 2024
2024-09-15,26,Juventude,Fluminense,2,1,Brasileirao Serie A 2024
2024-09-15,26,Palmeiras,Criciuma,5,0,Brasileirao Serie A 2024
2024-09-16,26,Internacional,Cuiaba,3,0,Brasileirao Serie A 2024
2024-09-21,27,Corinthians,Atletico-GO,3,0,Brasileirao Serie A 2024
2024-09-21,27,Fluminense,Botafogo-RJ,0,1,Brasileirao Serie A 2024
2024-09-21,27,Fortaleza,Bahia,4,1,Brasileirao Serie A 2024
2024-09-21,27,Vitoria,Juventude,1,0,Brasileirao Serie A 2024
2024-09-22,27,Atletico-MG,Bragantino,3,0,Brasileirao Serie A 2024
2024-09-22,27,Criciuma,Athletico-PR,0,0,Brasileirao Serie A 2024
2024-09-22,27,Cuiaba,Cruzeiro,0,0,Brasileirao Serie A 2024
2024-09-22,27,Gremio,Flamengo,3,2,Brasileirao Serie A 2024
2024-09-22,27,Sao Paulo,Internacional,1,3,Brasileirao Serie A 2024
2024-09-22,27,Vasco,Palmeiras,0,1,Brasileirao Serie A 2024
2024-09-25,16,Bragantino,Internacional,2,2,Brasileirao Serie A 2024
2024-09-25,5,Gremio,Criciuma,1,2,Brasileirao Serie A 2024
2024-09-28,28,Botafogo-RJ,Gremio,0,0,Brasileirao Serie A 2024
2024-09-28,28,Palmeiras,Atletico-MG,2,1,Brasileirao Serie A 2024
2024-09-29,28,Atletico-GO,Fluminense,1,0,Brasileirao Serie A 2024
2024-09-29,28,Bahia,Criciuma,1,0,Brasileirao Serie A 2024
2024-09-29,28,Cruzeiro,Vasco,1,1,Brasileirao Serie A 2024
2024-09-29,28,Flamengo,Athletico-PR,1,0,Brasileirao Serie A 2024
2024-09-29,28,Fortaleza,Cuiaba,1,0,Brasileirao Serie A 2024
2024-09-29,28,Internacional,Vitoria,3,1,Brasileirao Serie A 2024
2024-09-29,28,Juventude,Bragantino,1,1,Brasileirao Serie A 2024
2024-09-29,28,Sao Paulo,Corinthians,3,1,Brasileirao Serie A 2024
2024-10-03,29,Criciuma,Atletico-GO,2,0,Brasileirao Serie A 2024
2024-10-03,29,Fluminense,Cruzeiro,1,0,Brasileirao Serie A 2024
2024-10-04,29,Gremio,Fortaleza,3,1,Brasileirao Serie A 2024
2024-10-05,29,Athletico-PR,Botafogo-RJ,0,1,Brasileirao Serie A 2024
2024-10-05,29,Atletico-MG,Vitoria,2,2,Brasileirao Serie A 2024
2024-10-05,29,Bahia,Flamengo,0,2,Brasileirao Serie A 2024
2024-10-05,29,Bragantino,Palmeiras,0,0,Brasileirao Serie A 2024
2024-10-05,29,Corinthians,Internacional,2,2,Brasileirao Serie A 2024
2024-10-05,29,Cuiaba,Sao Paulo,2,0,Brasileirao Serie A 2024
2024-10-05,29,Vasco,Juventude,1,1,Brasileirao Serie A 2024
2024-10-09,6,Atletico-MG,Gremio,2,1,Brasileirao Serie A 2024
2024-10-16,30,Fortaleza,Atletico-MG,1,1,Brasileirao Serie A 2024
2024-10-16,30,Sao Paulo,Vasco,3,0,Brasileirao Serie A 2024
2024-10-17,30,Corinthians,Athletico-PR,5,2,Brasileirao Serie A 2024
2024-10-17,30,Flamengo,Fluminense,0,2,Brasileirao Serie A 2024
2024-10-18,30,Atletico-GO,Cuiaba,0,0,Brasileirao Serie A 2024
2024-10-18,30,Botafogo-RJ,Criciuma,1,1,Brasileirao Serie A 2024
2024-10-18,30,Cruzeiro,Bahia,1,1,Brasileirao Serie A 2024
2024-10-19,30,Internacional,Gremio,1,0,Brasileirao Serie A 2024
2024-10-19,30,Vitoria,Bragantino,1,0,Brasileirao Serie A 2024
2024-10-20,30,Juventude,Palmeiras,3,5,Brasileirao Serie A 2024
2024-10-22,17,Fluminense,Athletico-PR,1,0,Brasileirao Serie A 2024
2024-10-24,19,Vasco,Cuiaba,1,0,Brasileirao Serie A 2024
2024-10-26,31,Athletico-PR,Cruzeiro,3,0,Brasileirao Serie A 2024
2024-10-26,31,Atletico-MG,Internacional,1,3,Brasileirao Serie A 2024
2024-10-26,31,Bragantino,Botafogo-RJ,0,1,Brasileirao Serie A 2024
2024-10-26,31,Criciuma,Sao Paulo,1,1,Brasileirao Serie A 2024
2024-10-26,31,Flamengo,Juventude,4,2,Brasileirao Serie A 2024
2024-10-26,31,Gremio,Atletico-GO,3,1,Brasileirao Serie A 2024
2024-10-26,31,Palmeiras,Fortaleza,2,2,Brasileirao Serie A 2024
2024-10-26,31,Vitoria,Fluminense,2,1,Brasileirao Serie A 2024
2024-10-28,31,Cuiaba,Corinthians,0,1,Brasileirao Serie A 2024
2024-10-28,31,Vasco,Bahia,3,2,Brasileirao Serie A 2024
2024-10-30,17,Internacional,Flamengo,1,1,Brasileirao Serie A 2024
2024-11-01,32,Fluminense,Gremio,2,2,Brasileirao Serie A 2024
2024-11-02,32,Athletico-PR,Vitoria,1,2,Brasileirao Serie A 2024
2024-11-02,32,Bragantino,Cuiaba,0,0,Brasileirao Serie A 2024
2024-11-02,32,Juventude,Fortaleza,0,3,Brasileirao Serie A 2024
2024-11-04,32,Corinthians,Palmeiras,2,0,Brasileirao Serie A 2024
2024-11-05,32,Bahia,Sao Paulo,0,3,Brasileirao Serie A 2024
2024-11-05,32,Botafogo-RJ,Vasco,3,0,Brasileirao Serie A 2024
2024-11-05,32,Internacional,Criciuma,2,0,Brasileirao Serie A 2024
2024-11-06,32,Atletico-GO,Atletico-MG,1,0,Brasileirao Serie A 2024
2024-11-06,32,Cruzeiro,Flamengo,0,1,Brasileirao Serie A 2024
2024-11-08,33,Internacional,Fluminense,2,0,Brasileirao Serie A 2024
2024-11-08,33,Palmeiras,Gremio,1,0,Brasileirao Serie A 2024
2024-11-09,33,Atletico-GO,Bragantino,0,0,Brasileirao Serie A 2024
2024-11-09,33,Botafogo-RJ,Cuiaba,0,0,Brasileirao Serie A 2024
2024-11-09,33,Cruzeiro,Criciuma,2,1,Brasileirao Serie A 2024
2024-11-09,33,Fortaleza,Vasco,3,0,Brasileirao Serie A 2024
2024-11-09,33,Juventude,Bahia,2,1,Brasileirao Serie A 2024
2024-11-09,33,Sao Paulo,Athletico-PR,2,1,Brasileirao Serie A 2024
2024-11-09,33,Vitoria,Corinthians,1,2,Brasileirao Serie A 2024
2024-11-13,33,Flamengo,Atletico-MG,0,0,Brasileirao Serie A 2024
2024-11-16,19,Athletico-PR,Atletico-MG,1,0,Brasileirao Serie A 2024
2024-11-20,34,Athletico-PR,Atletico-GO,2,0,Brasileirao Serie A 2024
2024-11-20,34,Atletico-MG,Botafogo-RJ,0,0,Brasileirao Serie A 2024
2024-11-20,34,Bahia,Palmeiras,1,2,Brasileirao Serie A 2024
2024-11-20,34,Bragantino,Sao Paulo,1,1,Brasileirao Serie A 2024
2024-11-20,34,Corinthians,Cruzeiro,2,1,Brasileirao Serie A 2024
2024-11-20,34,Criciuma,Vitoria,0,1,Brasileirao Serie A 2024
2024-11-20,34,Cuiaba,Flamengo,1,2,Brasileirao Serie A 2024
2024-11-20,34,Gremio,Juventude,2,2,Brasileirao Serie A 2024
2024-11-21,34,Vasco,Internacional,0,1,Brasileirao Serie A 2024
2024-11-22,34,Fluminense,Fortaleza,2,2,Brasileirao Serie A 2024
2024-11-23,35,Atletico-GO,Palmeiras,0,1,Brasileirao Serie A 2024
2024-11-23,35,Botafogo-RJ,Vitoria,1,1,Brasileirao Serie A 2024
2024-11-23,35,Juventude,Cuiaba,1,1,Brasileirao Serie A 2024
2024-11-23,35,Sao Paulo,Atletico-MG,2,2,Brasileirao Serie A 2024
2024-11-24,35,Bahia,Athletico-PR,1,1,Brasileirao Serie A 2024
2024-11-24,35,Corinthians,Vasco,3,1,Brasileirao Serie A 2024
2024-11-24,35,Internacional,Bragantino,4,1,Brasileirao Serie A 2024
2024-11-26,36,Atletico-MG,Juventude,2,3,Brasileirao Serie A 2024
2024-11-26,35,Fluminense,Criciuma,0,0,Brasileirao Serie A 2024
2024-11-26,35,Fortaleza,Flamengo,0,0,Brasileirao Serie A 2024
2024-11-26,36,Palmeiras,Botafogo-RJ,1,3,Brasileirao Serie A 2024
2024-11-27,35,Cruzeiro,Gremio,1,1,Brasileirao Serie A 2024
2024-11-30,36,Criciuma,Corinthians,2,4,Brasileirao Serie A 2024
2024-11-30,36,Cuiaba,Bahia,1,2,Brasileirao Serie A 2024
2024-11-30,36,Vasco,Atletico-GO,2,2,Brasileirao Serie A 2024
2024-12-01,36,Athletico-PR,Fluminense,1,1,Brasileirao Serie A 2024
2024-12-01,36,Bragantino,Cruzeiro,1,1,Brasileirao Serie A 2024
2024-12-01,36,Flamengo,Internacional,3,2,Brasileirao Serie A 2024
2024-12-01,36,Gremio,Sao Paulo,2,1,Brasileirao Serie A 2024
2024-12-01,36,Vitoria,Fortaleza,2,0,Brasileirao Serie A 2024
2024-12-03,37,Corinthians,Bahia,3,0,Brasileirao Serie A 2024
2024-12-04,37,Atletico-GO,Fortaleza,3,1,Brasileirao Serie A 2024
2024-12-04,37,Criciuma,Flamengo,0,3,Brasileirao Serie A 2024
2024-12-04,37,Cruzeiro,Palmeiras,1,2,Brasileirao Serie A 2024
2024-12-04,37,Internacional,Botafogo-RJ,0,1,Brasileirao Serie A 2024
2024-12-04,37,Sao Paulo,Juventude,1,2,Brasileirao Serie A 2024
2024-12-04,37,Vasco,Atletico-MG,2,0,Brasileirao Serie A 2024
2024-12-04,37,Vitoria,Gremio,1,1,Brasileirao Serie A 2024
2024-12-05,37,Athletico-PR,Bragantino,1,2,Brasileirao Serie A 2024
2024-12-05,37,Fluminense,Cuiaba,1,0,Brasileirao Serie A 2024
2024-12-08,38,Atletico-MG,Athletico-PR,1,0,Brasileirao Serie A 2024
2024-12-08,38,Bahia,Atletico-GO,2,0,Brasileirao Serie A 2024
2024-12-08,38,Botafogo-RJ,Sao Paulo,2,1,Brasileirao Serie A 2024
2024-12-08,38,Bragantino,Criciuma,5,1,Brasileirao Serie A 2024
2024-12-08,38,Cuiaba,Vasco,1,2,Brasileirao Serie A 2024
2024-12-08,38,Flamengo,Vitoria,2,2,Brasileirao Serie A 2024
2024-12-08,38,Fortaleza,Internacional,3,0,Brasileirao Serie A 2024
2024-12-08,38,Gremio,Corinthians,0,3,Brasileirao Serie A 2024
2024-12-08,38,Juventude,Cruzeiro,0,1,Brasileirao Serie A 2024
2024-12-08,38,Palmeiras,Fluminense,0,1,Brasileirao Serie A 2024
