data,rodada,mandante,visitante,competicao,escanteios_mandante,escanteios_visitante,chutes_mandante,chutes_visitante,chutes_no_alvo_mandante,chutes_no_alvo_visitante,cartao_amarelo_mandante,cartao_amarelo_visitante,faltas_mandante,faltas_visitante
2015-05-09,1,Chapecoense,Coritiba,Brasileirao Serie A 2015,3,5,13,16,,,2,2,20,21
2015-05-09,1,Fluminense,Joinville,Brasileirao Serie A 2015,5,3,26,3,,,2,0,9,14
2015-05-09,1,Palmeiras,Atletico-MG,Brasileirao Serie A 2015,11,2,17,10,,,2,4,20,14
2015-05-10,1,Athletico-PR,Internacional,Brasileirao Serie A 2015,2,11,10,17,,,1,2,17,17
2015-05-10,1,Avai,Santos,Brasileirao Serie A 2015,4,3,16,8,,,2,1,10,11
2015-05-10,1,Cruzeiro,Corinthians,Brasileirao Serie A 2015,2,4,13,11,,,3,1,17,15
2015-05-10,1,Gremio,Ponte Preta,Brasileirao Serie A 2015,5,10,11,17,,,3,4,17,21
2015-05-10,1,Sao Paulo,Flamengo,Brasileirao Serie A 2015,4,6,19,12,,,2,1,17,12
2015-05-10,1,Sport,Figueirense,Brasileirao Serie A 2015,7,1,17,7,,,1,2,17,14
2015-05-10,1,Vasco,Goias,Brasileirao Serie A 2015,4,2,11,5,,,3,5,16,27
2015-05-16,2,Corinthians,Chapecoense,Brasileirao Serie A 2015,7,2,13,11,,,2,4,16,13
2015-05-16,2,Coritiba,Gremio,Brasileirao Serie A 2015,2,4,9,10,,,2,3,22,13
2015-05-16,2,Goias,Athletico-PR,Brasileirao Serie A 2015,6,5,13,8,,,2,1,14,18
2015-05-17,2,Atletico-MG,Fluminense,Brasileirao Serie A 2015,7,0,16,8,,,2,1,17,9
2015-05-17,2,Figueirense,Vasco,Brasileirao Serie A 2015,6,7,12,14,,,2,6,18,13
2015-05-17,2,Flamengo,Sport,Brasileirao Serie A 2015,13,3,18,14,,,2,3,10,7
2015-05-17,2,Internacional,Avai,Brasileirao Serie A 2015,4,9,8,6,,,3,7,17,26
2015-05-17,2,Joinville,Palmeiras,Brasileirao Serie A 2015,1,5,8,11,,,3,1,17,12
2015-05-17,2,Ponte Preta,Sao Paulo,Brasileirao Serie A 2015,6,4,19,10,,,1,3,15,14
2015-05-17,2,Santos,Cruzeiro,Brasileirao Serie A 2015,15,3,20,7,,,1,4,18,13
2015-05-23,3,Gremio,Figueirense,Brasileirao Serie A 2015,11,4,19,5,,,6,5,16,24
2015-05-23,3,Sao Paulo,Joinville,Brasileirao Serie A 2015,5,0,16,7,,,2,0,12,11
2015-05-23,3,Vasco,Internacional,Brasileirao Serie A 2015,8,1,13,7,,,6,2,15,16
2015-05-24,3,Athletico-PR,Atletico-MG,Brasileirao Serie A 2015,2,9,11,16,,,4,0,7,8
2015-05-24,3,Avai,Flamengo,Brasileirao Serie A 2015,4,2,13,8,,,5,6,15,17
2015-05-24,3,Chapecoense,Santos,Brasileirao Serie A 2015,4,5,13,15,,,5,6,13,20
2015-05-24,3,Cruzeiro,Ponte Preta,Brasileirao Serie A 2015,16,3,22,15,,,2,2,17,11
2015-05-24,3,Fluminense,Corinthians,Brasileirao Serie A 2015,9,6,15,7,,,2,2,19,6
2015-05-24,3,Palmeiras,Goias,Brasileirao Serie A 2015,13,6,21,7,,,6,4,13,24
2015-05-24,3,Sport,Coritiba,Brasileirao Serie A 2015,2,5,12,9,,,1,4,13,17
2015-05-30,4,Coritiba,Avai,Brasileirao Serie A 2015,5,3,11,11,,,4,4,17,21
2015-05-30,4,Joinville,Athletico-PR,Brasileirao Serie A 2015,4,7,10,19,,,0,4,12,13
2015-05-30,4,Ponte Preta,Chapecoense,Brasileirao Serie A 2015,0,4,13,14,,,4,1,20,15
2015-05-31,4,Atletico-MG,Vasco,Brasileirao Serie A 2015,5,7,21,9,,,0,3,16,12
2015-05-31,4,Corinthians,Palmeiras,Brasileirao Serie A 2015,2,6,9,12,,,5,5,21,21
2015-05-31,4,Figueirense,Cruzeiro,Brasileirao Serie A 2015,5,4,9,22,,,3,5,17,11
2015-05-31,4,Flamengo,Fluminense,Brasileirao Serie A 2015,8,1,15,7,,,5,3,24,23
2015-05-31,4,Goias,Gremio,Brasileirao Serie A 2015,2,3,10,9,,,1,1,14,14
2015-05-31,4,Internacional,Sao Paulo,Brasileirao Serie A 2015,5,10,8,14,,,3,0,19,17
2015-05-31,4,Santos,Sport,Brasileirao Serie A 2015,8,7,18,15,,,1,2,9,11
2015-06-03,5,Athletico-PR,Figueirense,Brasileirao Serie A 2015,6,4,12,9,,,1,4,12,8
2015-06-03,5,Avai,Atletico-MG,Brasileirao Serie A 2015,10,7,7,16,,,3,3,12,15
2015-06-03,5,Chapecoense,Joinville,Brasileirao Serie A 2015,7,10,10,12,,,3,5,16,12
2015-06-03,5,Cruzeiro,Flamengo,Brasileirao Serie A 2015,5,10,11,8,,,2,3,16,17
2015-06-03,5,Gremio,Corinthians,Brasileirao Serie A 2015,3,5,13,20,,,2,3,22,10
2015-06-03,5,Sao Paulo,Santos,Brasileirao Serie A 2015,8,1,13,8,,,5,3,14,15
2015-06-03,5,Vasco,Ponte Preta,Brasileirao Serie A 2015,6,2,14,16,,,1,3,15,18
2015-06-04,5,Fluminense,Coritiba,Brasileirao Serie A 2015,3,4,12,8,,,1,4,13,24
2015-06-04,5,Palmeiras,Internacional,Brasileirao Serie A 2015,9,2,15,5,,,1,4,15,13
2015-06-04,5,Sport,Goias,Brasileirao Serie A 2015,7,3,16,9,,,2,4,11,13
2015-06-06,6,Athletico-PR,Vasco,Brasileirao Serie A 2015,7,3,13,14,,,4,3,15,7
2015-06-06,6,Atletico-MG,Cruzeiro,Brasileirao Serie A 2015,7,6,14,11,,,,,12,13
2015-06-06,6,Flamengo,Chapecoense,Brasileirao Serie A 2015,5,1,18,6,,,1,0,13,12
2015-06-06,6,Joinville,Corinthians,Brasileirao Serie A 2015,9,5,14,13,,,1,1,8,9
2015-06-06,6,Santos,Ponte Preta,Brasileirao Serie A 2015,6,2,18,19,,,2,2,17,15
2015-06-06,6,Sao Paulo,Gremio,Brasileirao Serie A 2015,4,3,13,9,,,3,2,19,14
2015-06-07,6,Figueirense,Palmeiras,Brasileirao Serie A 2015,2,4,7,13,,,3,3,22,14
2015-06-07,6,Fluminense,Sport,Brasileirao Serie A 2015,7,5,15,7,,,3,2,12,10
2015-06-07,6,Goias,Avai,Brasileirao Serie A 2015,6,2,8,11,,,2,4,15,17
2015-06-07,6,Internacional,Coritiba,Brasileirao Serie A 2015,3,11,12,18,,,3,5,5,16
2015-06-10,7,Atletico-MG,Santos,Brasileirao Serie A 2015,12,5,18,10,,,1,4,8,15
2015-06-13,7,Chapecoense,Sao Paulo,Brasileirao Serie A 2015,7,3,15,5,,,2,4,5,29
2015-06-13,7,Corinthians,Internacional,Brasileirao Serie A 2015,4,7,13,12,,,0,2,10,9
2015-06-13,7,Coritiba,Flamengo,Brasileirao Serie A 2015,8,2,12,8,,,2,3,17,14
2015-06-13,7,Sport,Joinville,Brasileirao Serie A 2015,3,6,10,21,,,0,4,10,13
2015-06-13,7,Vasco,Cruzeiro,Brasileirao Serie A 2015,6,0,14,8,,,2,4,13,25
2015-06-14,7,Avai,Figueirense,Brasileirao Serie A 2015,5,2,8,9,,,4,3,14,26
2015-06-14,7,Gremio,Athletico-PR,Brasileirao Serie A 2015,13,7,20,12,,,1,4,8,22
2015-06-14,7,Palmeiras,Fluminense,Brasileirao Serie A 2015,7,2,25,6,,,0,6,6,13
2015-06-14,7,Ponte Preta,Goias,Brasileirao Serie A 2015,5,6,16,17,,,3,3,24,19
2015-06-18,8,Figueirense,Internacional,Brasileirao Serie A 2015,4,4,14,14,,,4,2,16,18
2015-06-20,8,Flamengo,Atletico-MG,Brasileirao Serie A 2015,4,3,12,8,,,,,8,14
2015-06-20,8,Gremio,Palmeiras,Brasileirao Serie A 2015,1,7,12,14,,,4,3,11,9
2015-06-20,8,Santos,Corinthians,Brasileirao Serie A 2015,6,7,10,10,,,4,3,19,17
2015-06-20,8,Sport,Vasco,Brasileirao Serie A 2015,4,4,12,9,,,2,3,10,12
2015-06-21,8,Athletico-PR,Coritiba,Brasileirao Serie A 2015,2,3,17,15,,,2,3,10,20
2015-06-21,8,Cruzeiro,Chapecoense,Brasileirao Serie A 2015,5,4,14,6,,,4,3,9,16
2015-06-21,8,Joinville,Goias,Brasileirao Serie A 2015,3,11,12,15,,,4,4,13,12
2015-06-21,8,Sao Paulo,Avai,Brasileirao Serie A 2015,9,9,16,13,,,1,5,14,13
2015-06-24,8,Fluminense,Ponte Preta,Brasileirao Serie A 2015,3,6,21,11,,,2,3,16,18
2015-06-27,9,Avai,Gremio,Brasileirao Serie A 2015,12,4,12,7,,,3,3,14,16
2015-06-27,9,Chapecoense,Sport,Brasileirao Serie A 2015,16,3,14,14,,,1,6,7,16
2015-06-27,9,Corinthians,Figueirense,Brasileirao Serie A 2015,7,3,13,6,,,0,2,10,11
2015-06-28,9,Atletico-MG,Joinville,Brasileirao Serie A 2015,10,3,13,7,,,2,1,11,13
2015-06-28,9,Coritiba,Cruzeiro,Brasileirao Serie A 2015,3,2,12,11,,,5,5,22,15
2015-06-28,9,Goias,Fluminense,Brasileirao Serie A 2015,13,3,19,10,,,2,2,15,12
2015-06-28,9,Internacional,Santos,Brasileirao Serie A 2015,8,7,12,16,,,3,2,4,12
2015-06-28,9,Palmeiras,Sao Paulo,Brasileirao Serie A 2015,8,2,13,9,,,1,3,18,14
2015-06-28,9,Ponte Preta,Athletico-PR,Brasileirao Serie A 2015,6,5,14,18,,,1,2,16,27
2015-06-28,9,Vasco,Flamengo,Brasileirao Serie A 2015,2,10,6,6,,,4,0,18,10
2015-07-01,10,Athletico-PR,Sao Paulo,Brasileirao Serie A 2015,4,2,11,10,,,2,0,17,8
2015-07-01,10,Atletico-MG,Coritiba,Brasileirao Serie A 2015,3,4,16,10,,,3,5,8,11
2015-07-01,10,Gremio,Cruzeiro,Brasileirao Serie A 2015,13,2,22,14,,,5,6,21,21
2015-07-01,10,Joinville,Flamengo,Brasileirao Serie A 2015,3,3,8,11,,,3,2,14,11
2015-07-01,10,Palmeiras,Chapecoense,Brasileirao Serie A 2015,2,3,16,8,,,0,3,15,17
2015-07-01,10,Sport,Internacional,Brasileirao Serie A 2015,6,7,13,12,,,2,2,13,8
2015-07-01,10,Vasco,Avai,Brasileirao Serie A 2015,6,6,13,13,,,3,2,16,11
2015-07-02,10,Corinthians,Ponte Preta,Brasileirao Serie A 2015,5,5,17,11,,,1,2,5,12
2015-07-02,10,Figueirense,Goias,Brasileirao Serie A 2015,1,4,10,16,,,1,2,17,20
2015-07-02,10,Fluminense,Santos,Brasileirao Serie A 2015,1,3,8,9,,,2,3,7,21
2015-07-04,11,Chapecoense,Vasco,Brasileirao Serie A 2015,14,4,19,7,,,1,1,12,12
2015-07-04,11,Coritiba,Joinville,Brasileirao Serie A 2015,5,4,12,6,,,1,2,22,17
2015-07-04,11,Cruzeiro,Athletico-PR,Brasileirao Serie A 2015,6,4,18,5,,,0,2,10,18
2015-07-05,11,Avai,Sport,Brasileirao Serie A 2015,5,9,13,11,,,5,2,16,14
2015-07-05,11,Flamengo,Figueirense,Brasileirao Serie A 2015,8,5,12,9,,,3,2,9,20
2015-07-05,11,Goias,Corinthians,Brasileirao Serie A 2015,5,7,6,14,,,2,2,12,12
2015-07-05,11,Internacional,Atletico-MG,Brasileirao Serie A 2015,6,4,11,19,,,1,3,5,11
2015-07-05,11,Ponte Preta,Palmeiras,Brasileirao Serie A 2015,1,5,19,9,,,3,3,12,22
2015-07-05,11,Santos,Gremio,Brasileirao Serie A 2015,1,2,7,17,,,3,1,13,12
2015-07-05,11,Sao Paulo,Fluminense,Brasileirao Serie A 2015,7,4,14,7,,,1,2,18,16
2015-07-08,12,Atletico-MG,Sport,Brasileirao Serie A 2015,9,5,12,10,,,2,2,17,12
2015-07-08,12,Chapecoense,Gremio,Brasileirao Serie A 2015,5,8,12,10,,,1,2,8,7
2015-07-08,12,Coritiba,Ponte Preta,Brasileirao Serie A 2015,7,2,19,8,,,4,6,18,17
2015-07-08,12,Figueirense,Joinville,Brasileirao Serie A 2015,7,10,13,11,,,1,2,11,21
2015-07-08,12,Goias,Santos,Brasileirao Serie A 2015,7,5,14,8,,,0,3,7,8
2015-07-08,12,Internacional,Flamengo,Brasileirao Serie A 2015,3,2,9,8,,,3,2,17,19
2015-07-08,12,Palmeiras,Avai,Brasileirao Serie A 2015,11,2,18,12,,,2,6,12,11
2015-07-08,12,Vasco,Sao Paulo,Brasileirao Serie A 2015,8,2,14,10,,,3,0,12,10
2015-07-09,12,Corinthians,Athletico-PR,Brasileirao Serie A 2015,3,8,8,11,,,1,2,6,13
2015-07-09,12,Fluminense,Cruzeiro,Brasileirao Serie A 2015,6,5,15,8,,,2,2,10,15
2015-07-11,13,Gremio,Vasco,Brasileirao Serie A 2015,6,3,21,7,,,1,3,16,12
2015-07-11,13,Ponte Preta,Atletico-MG,Brasileirao Serie A 2015,4,4,11,13,,,1,3,13,19
2015-07-11,13,Santos,Figueirense,Brasileirao Serie A 2015,6,2,14,5,,,1,5,12,12
2015-07-12,13,Athletico-PR,Fluminense,Brasileirao Serie A 2015,10,2,23,9,,,1,2,12,11
2015-07-12,13,Avai,Chapecoense,Brasileirao Serie A 2015,6,7,14,13,,,4,2,15,14
2015-07-12,13,Cruzeiro,Goias,Brasileirao Serie A 2015,11,2,22,3,,,2,1,17,13
2015-07-12,13,Flamengo,Corinthians,Brasileirao Serie A 2015,13,1,16,8,,,0,2,7,15
2015-07-12,13,Joinville,Internacional,Brasileirao Serie A 2015,6,2,8,7,,,4,3,17,19
2015-07-12,13,Sao Paulo,Coritiba,Brasileirao Serie A 2015,2,10,16,10,,,1,3,18,14
2015-07-12,13,Sport,Palmeiras,Brasileirao Serie A 2015,6,4,11,12,,,2,1,10,17
2015-07-18,14,Corinthians,Atletico-MG,Brasileirao Serie A 2015,2,6,8,16,,,1,1,12,15
2015-07-18,14,Flamengo,Gremio,Brasileirao Serie A 2015,7,4,21,6,,,1,5,12,11
2015-07-18,14,Internacional,Goias,Brasileirao Serie A 2015,6,5,8,10,,,1,1,18,12
2015-07-19,14,Athletico-PR,Chapecoense,Brasileirao Serie A 2015,7,1,20,10,,,2,3,14,13
2015-07-19,14,Cruzeiro,Avai,Brasileirao Serie A 2015,6,3,20,9,,,1,3,7,16
2015-07-19,14,Figueirense,Coritiba,Brasileirao Serie A 2015,2,2,9,12,,,1,2,20,18
2015-07-19,14,Fluminense,Vasco,Brasileirao Serie A 2015,9,2,16,8,,,2,6,15,17
2015-07-19,14,Joinville,Ponte Preta,Brasileirao Serie A 2015,8,2,21,8,,,2,5,11,14
2015-07-19,14,Palmeiras,Santos,Brasileirao Serie A 2015,2,5,9,14,,,3,3,24,10
2015-07-19,14,Sport,Sao Paulo,Brasileirao Serie A 2015,2,3,15,7,,,1,0,9,12
2015-07-25,15,Atletico-MG,Figueirense,Brasileirao Serie A 2015,8,9,15,8,,,2,4,16,19
2015-07-25,15,Avai,Athletico-PR,Brasileirao Serie A 2015,7,2,20,18,,,3,3,5,17
2015-07-25,15,Gremio,Sport,Brasileirao Serie A 2015,13,4,17,8,,,,,6,8
2015-07-26,15,Chapecoense,Fluminense,Brasileirao Serie A 2015,1,10,9,12,,,2,3,15,16
2015-07-26,15,Coritiba,Corinthians,Brasileirao Serie A 2015,5,5,11,8,,,3,3,7,18
2015-07-26,15,Goias,Flamengo,Brasileirao Serie A 2015,11,4,14,8,,,2,1,11,6
2015-07-26,15,Ponte Preta,Internacional,Brasileirao Serie A 2015,13,8,21,13,,,2,2,10,19
2015-07-26,15,Santos,Joinville,Brasileirao Serie A 2015,7,6,13,10,,,2,2,4,12
2015-07-26,15,Sao Paulo,Cruzeiro,Brasileirao Serie A 2015,5,2,10,11,,,0,1,16,14
2015-07-26,15,Vasco,Palmeiras,Brasileirao Serie A 2015,8,4,8,18,,,3,1,14,21
2015-07-29,16,Atletico-MG,Sao Paulo,Brasileirao Serie A 2015,3,4,14,15,,,0,1,6,6
2015-07-29,16,Corinthians,Vasco,Brasileirao Serie A 2015,3,4,20,11,,,0,3,7,15
2015-08-01,16,Fluminense,Gremio,Brasileirao Serie A 2015,4,4,12,9,,,3,1,16,13
2015-08-02,16,Coritiba,Goias,Brasileirao Serie A 2015,9,7,17,14,,,4,4,11,19
2015-08-02,16,Figueirense,Ponte Preta,Brasileirao Serie A 2015,4,5,12,19,,,2,3,19,18
2015-08-02,16,Flamengo,Santos,Brasileirao Serie A 2015,9,3,26,10,,,4,2,17,14
2015-08-02,16,Internacional,Chapecoense,Brasileirao Serie A 2015,11,7,11,11,,,3,2,4,13
2015-08-02,16,Joinville,Avai,Brasileirao Serie A 2015,10,4,3,8,,,2,1,22,9
2015-08-02,16,Palmeiras,Athletico-PR,Brasileirao Serie A 2015,5,4,16,9,,,1,2,13,18
2015-08-02,16,Sport,Cruzeiro,Brasileirao Serie A 2015,6,6,7,11,,,1,2,15,17
2015-08-08,17,Avai,Fluminense,Brasileirao Serie A 2015,6,9,13,13,,,2,2,14,12
2015-08-08,17,Santos,Coritiba,Brasileirao Serie A 2015,5,5,12,8,,,1,4,12,15
2015-08-09,17,Athletico-PR,Sport,Brasileirao Serie A 2015,7,2,16,8,,,,,6,11
2015-08-09,17,Chapecoense,Figueirense,Brasileirao Serie A 2015,5,7,8,10,,,1,1,20,13
2015-08-09,17,Cruzeiro,Palmeiras,Brasileirao Serie A 2015,5,7,17,13,,,4,3,21,18
2015-08-09,17,Goias,Atletico-MG,Brasileirao Serie A 2015,2,6,13,8,,,2,2,8,11
2015-08-09,17,Gremio,Internacional,Brasileirao Serie A 2015,4,5,16,12,,,2,4,16,12
2015-08-09,17,Ponte Preta,Flamengo,Brasileirao Serie A 2015,3,4,10,16,,,2,4,17,16
2015-08-09,17,Sao Paulo,Corinthians,Brasileirao Serie A 2015,8,5,19,10,,,4,1,13,16
2015-08-09,17,Vasco,Joinville,Brasileirao Serie A 2015,9,9,20,15,,,2,4,17,21
2015-08-12,18,Corinthians,Sport,Brasileirao Serie A 2015,9,4,15,10,,,2,1,11,8
2015-08-12,18,Coritiba,Palmeiras,Brasileirao Serie A 2015,3,8,9,9,,,3,1,14,11
2015-08-12,18,Figueirense,Sao Paulo,Brasileirao Serie A 2015,6,6,15,7,,,3,4,18,18
2015-08-12,18,Flamengo,Athletico-PR,Brasileirao Serie A 2015,7,4,9,9,,,2,3,10,16
2015-08-12,18,Goias,Chapecoense,Brasileirao Serie A 2015,12,1,17,2,,,1,3,6,16
2015-08-12,18,Internacional,Fluminense,Brasileirao Serie A 2015,8,8,17,8,,,6,3,20,14
2015-08-12,18,Santos,Vasco,Brasileirao Serie A 2015,6,6,21,8,,,3,4,12,22
2015-08-13,18,Atletico-MG,Gremio,Brasileirao Serie A 2015,12,3,24,9,,,2,3,10,12
2015-08-13,18,Joinville,Cruzeiro,Brasileirao Serie A 2015,8,9,14,8,,,1,2,10,10
2015-08-13,18,Ponte Preta,Avai,Brasileirao Serie A 2015,4,1,14,4,,,1,1,13,6
2015-08-15,19,Athletico-PR,Santos,Brasileirao Serie A 2015,11,4,13,8,,,1,1,10,13
2015-08-15,19,Sao Paulo,Goias,Brasileirao Serie A 2015,7,8,5,14,,,1,0,4,4
2015-08-15,19,Vasco,Coritiba,Brasileirao Serie A 2015,7,3,20,13,,,3,1,12,19
2015-08-16,19,Avai,Corinthians,Brasileirao Serie A 2015,8,0,13,10,,,0,1,15,8
2015-08-16,19,Chapecoense,Atletico-MG,Brasileirao Serie A 2015,3,7,13,12,,,4,3,12,8
2015-08-16,19,Cruzeiro,Internacional,Brasileirao Serie A 2015,5,6,11,9,,,2,2,14,22
2015-08-16,19,Fluminense,Figueirense,Brasileirao Serie A 2015,3,2,19,5,,,1,1,14,18
2015-08-16,19,Gremio,Joinville,Brasileirao Serie A 2015,10,4,17,11,,,1,0,10,18
2015-08-16,19,Palmeiras,Flamengo,Brasileirao Serie A 2015,3,6,12,21,,,2,2,18,15
2015-08-16,19,Sport,Ponte Preta,Brasileirao Serie A 2015,3,1,11,12,,,,,7,16
2015-08-22,20,Figueirense,Sport,Brasileirao Serie A 2015,8,6,9,10,,,1,3,19,13
2015-08-22,20,Goias,Vasco,Brasileirao Serie A 2015,4,2,13,5,,,3,2,16,13
2015-08-22,20,Santos,Avai,Brasileirao Serie A 2015,7,2,17,16,,,1,3,14,12
2015-08-23,20,Atletico-MG,Palmeiras,Brasileirao Serie A 2015,7,2,18,11,,,1,3,13,12
2015-08-23,20,Corinthians,Cruzeiro,Brasileirao Serie A 2015,3,6,16,12,,,2,1,12,7
2015-08-23,20,Coritiba,Chapecoense,Brasileirao Serie A 2015,5,0,9,11,,,3,3,19,17
2015-08-23,20,Flamengo,Sao Paulo,Brasileirao Serie A 2015,10,5,22,9,,,4,2,25,15
2015-08-23,20,Internacional,Athletico-PR,Brasileirao Serie A 2015,8,0,15,8,,,1,3,10,12
2015-08-23,20,Joinville,Fluminense,Brasileirao Serie A 2015,3,4,11,20,,,3,2,26,15
2015-08-23,20,Ponte Preta,Gremio,Brasileirao Serie A 2015,6,1,25,3,,,1,1,12,13
2015-08-29,21,Sao Paulo,Ponte Preta,Brasileirao Serie A 2015,3,7,16,20,,,4,0,16,11
2015-08-29,21,Vasco,Figueirense,Brasileirao Serie A 2015,7,1,17,12,,,2,4,11,19
2015-08-30,21,Athletico-PR,Goias,Brasileirao Serie A 2015,6,3,19,10,,,1,3,12,13
2015-08-30,21,Avai,Internacional,Brasileirao Serie A 2015,5,8,14,14,,,2,2,14,12
2015-08-30,21,Chapecoense,Corinthians,Brasileirao Serie A 2015,7,5,12,15,,,2,3,14,11
2015-08-30,21,Cruzeiro,Santos,Brasileirao Serie A 2015,4,2,14,6,,,2,2,17,12
2015-08-30,21,Fluminense,Atletico-MG,Brasileirao Serie A 2015,0,6,12,13,,,3,4,23,16
2015-08-30,21,Gremio,Coritiba,Brasileirao Serie A 2015,7,6,12,11,,,5,5,13,15
2015-08-30,21,Palmeiras,Joinville,Brasileirao Serie A 2015,3,1,15,8,,,0,3,9,18
2015-08-30,21,Sport,Flamengo,Brasileirao Serie A 2015,4,6,12,12,,,1,5,6,19
2015-09-02,22,Atletico-MG,Athletico-PR,Brasileirao Serie A 2015,10,2,20,14,,,4,4,18,16
2015-09-02,22,Corinthians,Fluminense,Brasileirao Serie A 2015,8,3,14,11,,,0,3,12,11
2015-09-02,22,Coritiba,Sport,Brasileirao Serie A 2015,3,4,7,12,,,2,2,16,14
2015-09-02,22,Flamengo,Avai,Brasileirao Serie A 2015,2,5,8,14,,,1,4,14,18
2015-09-02,22,Goias,Palmeiras,Brasileirao Serie A 2015,3,7,9,14,,,3,3,11,14
2015-09-02,22,Internacional,Vasco,Brasileirao Serie A 2015,2,6,10,5,,,3,1,22,10
2015-09-02,22,Joinville,Sao Paulo,Brasileirao Serie A 2015,8,8,21,8,,,4,5,23,14
2015-09-02,22,Ponte Preta,Cruzeiro,Brasileirao Serie A 2015,5,6,8,17,,,2,5,19,22
2015-09-03,22,Figueirense,Gremio,Brasileirao Serie A 2015,9,4,14,6,,,4,4,14,9
2015-09-03,22,Santos,Chapecoense,Brasileirao Serie A 2015,4,9,13,13,,,0,1,16,12
2015-09-05,23,Athletico-PR,Joinville,Brasileirao Serie A 2015,4,2,18,7,,,4,1,15,17
2015-09-05,23,Sao Paulo,Internacional,Brasileirao Serie A 2015,7,3,15,5,,,,,10,10
2015-09-05,23,Vasco,Atletico-MG,Brasileirao Serie A 2015,5,5,15,4,,,2,2,19,16
2015-09-06,23,Avai,Coritiba,Brasileirao Serie A 2015,4,1,12,10,,,2,4,19,22
2015-09-06,23,Chapecoense,Ponte Preta,Brasileirao Serie A 2015,9,11,15,8,,,1,2,9,17
2015-09-06,23,Cruzeiro,Figueirense,Brasileirao Serie A 2015,4,3,16,5,,,0,4,15,15
2015-09-06,23,Fluminense,Flamengo,Brasileirao Serie A 2015,5,9,7,20,,,6,5,13,24
2015-09-06,23,Gremio,Goias,Brasileirao Serie A 2015,5,3,18,9,,,3,3,15,12
2015-09-06,23,Palmeiras,Corinthians,Brasileirao Serie A 2015,11,1,16,7,,,6,3,20,14
2015-09-06,23,Sport,Santos,Brasileirao Serie A 2015,7,1,12,12,,,1,0,9,9
2015-09-09,24,Atletico-MG,Avai,Brasileirao Serie A 2015,5,2,11,11,,,3,3,17,16
2015-09-09,24,Corinthians,Gremio,Brasileirao Serie A 2015,4,6,14,15,,,0,3,7,6
2015-09-09,24,Coritiba,Fluminense,Brasileirao Serie A 2015,3,7,9,16,,,1,4,11,24
2015-09-09,24,Figueirense,Athletico-PR,Brasileirao Serie A 2015,10,6,14,12,,,2,2,7,9
2015-09-09,24,Internacional,Palmeiras,Brasileirao Serie A 2015,3,3,8,7,,,5,2,21,23
2015-09-09,24,Ponte Preta,Vasco,Brasileirao Serie A 2015,2,4,10,12,,,2,1,20,23
2015-09-09,24,Santos,Sao Paulo,Brasileirao Serie A 2015,2,2,15,11,,,1,1,11,9
2015-09-10,24,Flamengo,Cruzeiro,Brasileirao Serie A 2015,3,7,10,10,,,3,3,18,10
2015-09-10,24,Goias,Sport,Brasileirao Serie A 2015,6,5,19,10,,,3,1,8,6
2015-09-10,24,Joinville,Chapecoense,Brasileirao Serie A 2015,2,6,9,7,,,4,2,13,10
2015-09-12,25,Coritiba,Internacional,Brasileirao Serie A 2015,4,3,25,7,,,4,7,13,26
2015-09-12,25,Palmeiras,Figueirense,Brasileirao Serie A 2015,4,4,15,4,,,4,3,19,18
2015-09-13,25,Avai,Goias,Brasileirao Serie A 2015,2,3,13,12,,,2,2,18,19
2015-09-13,25,Chapecoense,Flamengo,Brasileirao Serie A 2015,3,7,13,9,,,2,1,13,12
2015-09-13,25,Corinthians,Joinville,Brasileirao Serie A 2015,8,6,13,7,,,0,1,10,17
2015-09-13,25,Cruzeiro,Atletico-MG,Brasileirao Serie A 2015,3,9,12,16,,,2,5,17,16
2015-09-13,25,Gremio,Sao Paulo,Brasileirao Serie A 2015,6,4,12,14,,,3,3,11,13
2015-09-13,25,Ponte Preta,Santos,Brasileirao Serie A 2015,2,10,16,20,,,5,2,22,15
2015-09-13,25,Sport,Fluminense,Brasileirao Serie A 2015,3,2,6,13,,,2,3,19,17
2015-09-13,25,Vasco,Athletico-PR,Brasileirao Serie A 2015,6,13,14,17,,,2,2,18,20
2015-09-16,26,Athletico-PR,Gremio,Brasileirao Serie A 2015,7,2,16,5,,,1,2,13,5
2015-09-16,26,Cruzeiro,Vasco,Brasileirao Serie A 2015,11,11,12,10,,,4,2,15,4
2015-09-16,26,Figueirense,Avai,Brasileirao Serie A 2015,6,1,7,10,,,2,4,16,23
2015-09-16,26,Fluminense,Palmeiras,Brasileirao Serie A 2015,5,6,9,12,,,1,3,14,19
2015-09-16,26,Goias,Ponte Preta,Brasileirao Serie A 2015,11,1,9,8,,,2,5,12,11
2015-09-16,26,Internacional,Corinthians,Brasileirao Serie A 2015,5,6,13,14,,,2,1,15,12
2015-09-16,26,Joinville,Sport,Brasileirao Serie A 2015,5,3,15,7,,,4,3,19,11
2015-09-16,26,Santos,Atletico-MG,Brasileirao Serie A 2015,1,3,13,16,,,1,1,7,11
2015-09-17,26,Flamengo,Coritiba,Brasileirao Serie A 2015,10,0,17,8,,,2,3,12,21
2015-09-17,26,Sao Paulo,Chapecoense,Brasileirao Serie A 2015,6,3,7,8,,,2,2,12,14
2015-09-19,27,Internacional,Figueirense,Brasileirao Serie A 2015,5,5,9,8,,,1,5,22,22
2015-09-19,27,Palmeiras,Gremio,Brasileirao Serie A 2015,9,2,14,9,,,2,4,22,17
2015-09-19,27,Ponte Preta,Fluminense,Brasileirao Serie A 2015,5,7,9,10,,,3,4,14,14
2015-09-20,27,Atletico-MG,Flamengo,Brasileirao Serie A 2015,6,6,14,11,,,2,2,16,16
2015-09-20,27,Avai,Sao Paulo,Brasileirao Serie A 2015,9,5,12,11,,,3,4,17,19
2015-09-20,27,Chapecoense,Cruzeiro,Brasileirao Serie A 2015,3,6,18,5,,,2,0,15,12
2015-09-20,27,Corinthians,Santos,Brasileirao Serie A 2015,9,6,14,6,,,2,5,8,10
2015-09-20,27,Coritiba,Athletico-PR,Brasileirao Serie A 2015,5,5,9,9,,,7,3,19,23
2015-09-20,27,Goias,Joinville,Brasileirao Serie A 2015,3,8,12,7,,,0,1,6,12
2015-09-20,27,Vasco,Sport,Brasileirao Serie A 2015,2,5,14,13,,,2,2,13,10
2015-09-26,28,Fluminense,Goias,Brasileirao Serie A 2015,0,4,7,14,,,4,3,27,15
2015-09-26,28,Gremio,Avai,Brasileirao Serie A 2015,3,8,14,13,,,1,3,13,12
2015-09-27,28,Athletico-PR,Ponte Preta,Brasileirao Serie A 2015,13,2,19,8,,,2,4,16,18
2015-09-27,28,Cruzeiro,Coritiba,Brasileirao Serie A 2015,3,6,7,16,,,0,1,13,13
2015-09-27,28,Figueirense,Corinthians,Brasileirao Serie A 2015,9,4,12,14,,,3,3,21,14
2015-09-27,28,Flamengo,Vasco,Brasileirao Serie A 2015,4,5,14,7,,,5,6,26,21
2015-09-27,28,Joinville,Atletico-MG,Brasileirao Serie A 2015,5,5,15,12,,,2,2,19,8
2015-09-27,28,Santos,Internacional,Brasileirao Serie A 2015,5,6,18,11,,,1,4,8,17
2015-09-27,28,Sao Paulo,Palmeiras,Brasileirao Serie A 2015,7,3,14,9,,,1,2,13,17
2015-09-27,28,Sport,Chapecoense,Brasileirao Serie A 2015,4,6,9,15,,,3,0,17,8
2015-10-03,29,Coritiba,Atletico-MG,Brasileirao Serie A 2015,9,1,14,10,,,1,2,6,11
2015-10-03,29,Internacional,Sport,Brasileirao Serie A 2015,8,4,21,9,,,2,2,16,11
2015-10-03,29,Sao Paulo,Athletico-PR,Brasileirao Serie A 2015,4,0,11,8,,,1,3,12,16
2015-10-04,29,Avai,Vasco,Brasileirao Serie A 2015,6,3,14,8,,,4,6,18,18
2015-10-04,29,Chapecoense,Palmeiras,Brasileirao Serie A 2015,2,7,13,10,,,0,5,17,17
2015-10-04,29,Cruzeiro,Gremio,Brasileirao Serie A 2015,3,5,18,3,,,3,3,9,15
2015-10-04,29,Flamengo,Joinville,Brasileirao Serie A 2015,9,2,21,4,,,2,3,17,27
2015-10-04,29,Goias,Figueirense,Brasileirao Serie A 2015,4,5,19,13,,,1,5,15,11
2015-10-04,29,Ponte Preta,Corinthians,Brasileirao Serie A 2015,8,7,10,13,,,1,4,17,15
2015-10-04,29,Santos,Fluminense,Brasileirao Serie A 2015,6,4,19,11,,,3,2,24,12
2015-10-14,30,Athletico-PR,Cruzeiro,Brasileirao Serie A 2015,0,11,5,19,,,5,2,20,7
2015-10-14,30,Atletico-MG,Internacional,Brasileirao Serie A 2015,5,3,20,6,,,2,3,14,11
2015-10-14,30,Figueirense,Flamengo,Brasileirao Serie A 2015,4,3,15,11,,,1,1,14,10
2015-10-14,30,Fluminense,Sao Paulo,Brasileirao Serie A 2015,3,5,7,10,,,0,4,16,21
2015-10-14,30,Joinville,Coritiba,Brasileirao Serie A 2015,4,4,13,13,,,6,1,23,16
2015-10-14,30,Palmeiras,Ponte Preta,Brasileirao Serie A 2015,8,6,16,9,,,2,3,18,17
2015-10-14,30,Sport,Avai,Brasileirao Serie A 2015,9,0,13,7,,,2,5,8,16
2015-10-15,30,Corinthians,Goias,Brasileirao Serie A 2015,6,4,17,13,,,1,5,9,10
2015-10-15,30,Gremio,Santos,Brasileirao Serie A 2015,9,11,14,12,,,3,3,14,4
2015-10-15,30,Vasco,Chapecoense,Brasileirao Serie A 2015,8,0,12,10,,,4,5,16,19
2015-10-17,31,Avai,Palmeiras,Brasileirao Serie A 2015,1,5,11,17,,,3,4,14,29
2015-10-17,31,Joinville,Figueirense,Brasileirao Serie A 2015,5,3,14,14,,,1,3,24,16
2015-10-18,31,Athletico-PR,Corinthians,Brasileirao Serie A 2015,7,5,11,12,,,2,1,11,12
2015-10-18,31,Cruzeiro,Fluminense,Brasileirao Serie A 2015,7,3,21,6,,,2,1,13,14
2015-10-18,31,Flamengo,Internacional,Brasileirao Serie A 2015,5,1,17,8,,,0,2,19,24
2015-10-18,31,Gremio,Chapecoense,Brasileirao Serie A 2015,5,3,15,21,,,3,2,17,13
2015-10-18,31,Ponte Preta,Coritiba,Brasileirao Serie A 2015,6,2,17,9,,,3,3,30,27
2015-10-18,31,Santos,Goias,Brasileirao Serie A 2015,3,1,16,10,,,0,1,9,8
2015-10-18,31,Sao Paulo,Vasco,Brasileirao Serie A 2015,4,7,17,16,,,1,1,11,16
2015-10-18,31,Sport,Atletico-MG,Brasileirao Serie A 2015,4,7,11,7,,,,,13,8
2015-10-24,32,Figueirense,Santos,Brasileirao Serie A 2015,4,4,16,8,,,5,2,24,20
2015-10-24,32,Fluminense,Athletico-PR,Brasileirao Serie A 2015,7,5,20,12,,,1,3,4,21
2015-10-24,32,Internacional,Joinville,Brasileirao Serie A 2015,4,4,15,9,,,1,2,11,18
2015-10-24,32,Palmeiras,Sport,Brasileirao Serie A 2015,11,1,14,9,,,2,1,15,9
2015-10-25,32,Atletico-MG,Ponte Preta,Brasileirao Serie A 2015,6,5,17,7,,,2,1,15,12
2015-10-25,32,Chapecoense,Avai,Brasileirao Serie A 2015,2,4,10,12,,,1,2,17,16
2015-10-25,32,Corinthians,Flamengo,Brasileirao Serie A 2015,1,6,8,8,,,3,1,19,20
2015-10-25,32,Coritiba,Sao Paulo,Brasileirao Serie A 2015,3,3,12,15,,,4,3,17,21
2015-10-25,32,Goias,Cruzeiro,Brasileirao Serie A 2015,8,5,17,15,,,4,4,14,11
2015-10-25,32,Vasco,Gremio,Brasileirao Serie A 2015,3,9,20,11,,,1,2,12,16
2015-10-31,33,Avai,Cruzeiro,Brasileirao Serie A 2015,4,3,10,15,,,3,3,16,16
2015-10-31,33,Coritiba,Figueirense,Brasileirao Serie A 2015,7,6,11,6,,,2,5,13,29
2015-10-31,33,Ponte Preta,Joinville,Brasileirao Serie A 2015,7,4,2,11,,,3,5,20,17
2015-10-31,33,Sao Paulo,Sport,Brasileirao Serie A 2015,4,2,16,9,,,1,2,10,15
2015-11-01,33,Atletico-MG,Corinthians,Brasileirao Serie A 2015,11,2,16,9,,,1,0,11,15
2015-11-01,33,Chapecoense,Athletico-PR,Brasileirao Serie A 2015,7,4,17,5,,,3,4,13,12
2015-11-01,33,Goias,Internacional,Brasileirao Serie A 2015,4,5,14,14,,,3,3,16,12
2015-11-01,33,Gremio,Flamengo,Brasileirao Serie A 2015,6,1,11,6,,,,,12,12
2015-11-01,33,Santos,Palmeiras,Brasileirao Serie A 2015,6,4,13,8,,,3,3,15,18
2015-11-01,33,Vasco,Fluminense,Brasileirao Serie A 2015,13,5,13,14,,,2,4,18,22
2015-11-07,34,Athletico-PR,Avai,Brasileirao Serie A 2015,7,4,18,21,,,1,2,21,10
2015-11-07,34,Corinthians,Coritiba,Brasileirao Serie A 2015,6,7,10,10,,,0,3,5,17
2015-11-07,34,Fluminense,Chapecoense,Brasileirao Serie A 2015,6,5,13,18,,,3,3,12,14
2015-11-07,34,Internacional,Ponte Preta,Brasileirao Serie A 2015,4,6,11,13,,,2,4,20,20
2015-11-08,34,Cruzeiro,Sao Paulo,Brasileirao Serie A 2015,6,2,18,13,,,1,2,5,12
2015-11-08,34,Figueirense,Atletico-MG,Brasileirao Serie A 2015,10,6,13,13,,,2,4,14,13
2015-11-08,34,Flamengo,Goias,Brasileirao Serie A 2015,5,2,13,11,,,1,0,16,14
2015-11-08,34,Joinville,Santos,Brasileirao Serie A 2015,11,7,9,11,,,3,2,22,19
2015-11-08,34,Palmeiras,Vasco,Brasileirao Serie A 2015,8,2,15,9,,,1,4,29,13
2015-11-08,34,Sport,Gremio,Brasileirao Serie A 2015,8,4,13,8,,,2,3,8,16
2015-11-15,35,Cruzeiro,Sport,Brasileirao Serie A 2015,13,13,21,15,,,2,4,13,15
2015-11-18,35,Athletico-PR,Palmeiras,Brasileirao Serie A 2015,1,4,14,12,,,2,4,13,15
2015-11-18,35,Avai,Joinville,Brasileirao Serie A 2015,6,8,11,14,,,4,1,12,13
2015-11-18,35,Goias,Coritiba,Brasileirao Serie A 2015,5,3,12,11,,,1,1,20,18
2015-11-18,35,Ponte Preta,Figueirense,Brasileirao Serie A 2015,5,1,13,7,,,4,4,18,24
2015-11-19,35,Chapecoense,Internacional,Brasileirao Serie A 2015,9,3,18,11,,,4,2,16,14
2015-11-19,35,Gremio,Fluminense,Brasileirao Serie A 2015,9,4,21,8,,,3,4,20,21
2015-11-19,35,Santos,Flamengo,Brasileirao Serie A 2015,6,3,13,11,,,2,1,20,11
2015-11-19,35,Sao Paulo,Atletico-MG,Brasileirao Serie A 2015,5,5,18,10,,,,,7,9
2015-11-19,35,Vasco,Corinthians,Brasileirao Serie A 2015,8,6,14,14,,,1,3,12,15
2015-11-21,36,Palmeiras,Cruzeiro,Brasileirao Serie A 2015,1,2,10,15,,,2,1,20,13
2015-11-22,36,Atletico-MG,Goias,Brasileirao Serie A 2015,6,2,18,12,,,3,3,16,12
2015-11-22,36,Corinthians,Sao Paulo,Brasileirao Serie A 2015,3,9,13,19,,,2,2,10,10
2015-11-22,36,Coritiba,Santos,Brasileirao Serie A 2015,3,5,10,8,,,3,3,13,21
2015-11-22,36,Figueirense,Chapecoense,Brasileirao Serie A 2015,4,5,14,6,,,1,3,13,15
2015-11-22,36,Flamengo,Ponte Preta,Brasileirao Serie A 2015,8,3,15,12,,,3,3,19,23
2015-11-22,36,Fluminense,Avai,Brasileirao Serie A 2015,5,5,9,13,,,2,3,11,6
2015-11-22,36,Internacional,Gremio,Brasileirao Serie A 2015,6,4,13,11,,,4,2,21,13
2015-11-22,36,Joinville,Vasco,Brasileirao Serie A 2015,7,9,21,8,,,4,4,21,10
2015-11-22,36,Sport,Athletico-PR,Brasileirao Serie A 2015,10,5,20,7,,,3,2,10,20
2015-11-28,37,Avai,Ponte Preta,Brasileirao Serie A 2015,8,2,10,4,,,1,1,19,27
2015-11-28,37,Fluminense,Internacional,Brasileirao Serie A 2015,3,3,8,14,,,3,4,13,20
2015-11-28,37,Sao Paulo,Figueirense,Brasileirao Serie A 2015,4,2,19,12,,,1,4,16,26
2015-11-29,37,Athletico-PR,Flamengo,Brasileirao Serie A 2015,2,4,17,10,,,1,3,16,14
2015-11-29,37,Chapecoense,Goias,Brasileirao Serie A 2015,4,3,11,14,,,5,3,17,17
2015-11-29,37,Cruzeiro,Joinville,Brasileirao Serie A 2015,3,2,21,4,,,2,3,12,13
2015-11-29,37,Gremio,Atletico-MG,Brasileirao Serie A 2015,3,3,4,15,,,3,5,10,11
2015-11-29,37,Palmeiras,Coritiba,Brasileirao Serie A 2015,6,2,6,7,,,3,3,22,27
2015-11-29,37,Sport,Corinthians,Brasileirao Serie A 2015,8,4,13,8,,,6,3,14,17
2015-11-29,37,Vasco,Santos,Brasileirao Serie A 2015,10,2,16,9,,,3,2,14,12
2015-12-06,38,Atletico-MG,Chapecoense,Brasileirao Serie A 2015,5,4,14,10,,,,,7,11
2015-12-06,38,Corinthians,Avai,Brasileirao Serie A 2015,4,2,14,11,,,2,2,11,14
2015-12-06,38,Coritiba,Vasco,Brasileirao Serie A 2015,4,3,6,7,,,1,0,20,15
2015-12-06,38,Figueirense,Fluminense,Brasileirao Serie A 2015,7,5,17,8,,,4,4,16,18
2015-12-06,38,Flamengo,Palmeiras,Brasileirao Serie A 2015,1,5,15,14,,,0,1,16,20
2015-12-06,38,Goias,Sao Paulo,Brasileirao Serie A 2015,2,3,6,6,,,4,1,12,21
2015-12-06,38,Internacional,Cruzeiro,Brasileirao Serie A 2015,9,3,13,6,,,2,1,11,13
2015-12-06,38,Joinville,Gremio,Brasileirao Serie A 2015,7,4,13,7,,,3,1,12,13
2015-12-06,38,Ponte Preta,Sport,Brasileirao Serie A 2015,9,5,14,4,,,4,2,21,12
2015-12-06,38,Santos,Athletico-PR,Brasileirao Serie A 2015,7,5,12,15,,,0,1,10,10
2016-05-14,1,Atletico-MG,Santos,Brasileirao Serie A 2016,4,2,23,12,,,2,2,18,12
2016-05-14,1,Coritiba,Cruzeiro,Brasileirao Serie A 2016,5,0,15,6,,,1,2,19,23
2016-05-14,1,Flamengo,Sport,Brasileirao Serie A 2016,4,4,11,1,,,2,1,18,15
2016-05-14,1,Palmeiras,Athletico-PR,Brasileirao Serie A 2016,8,1,12,4,,,1,3,14,17
2016-05-15,1,America-MG,Fluminense,Brasileirao Serie A 2016,8,15,17,14,,,,,8,9
2016-05-15,1,Botafogo-RJ,Sao Paulo,Brasileirao Serie A 2016,7,4,11,6,,,1,5,7,10
2016-05-15,1,Corinthians,Gremio,Brasileirao Serie A 2016,10,2,15,6,,,1,4,12,20
2016-05-15,1,Figueirense,Ponte Preta,Brasileirao Serie A 2016,6,9,13,20,,,2,5,8,21
2016-05-15,1,Internacional,Chapecoense,Brasileirao Serie A 2016,9,4,12,6,,,3,3,14,20
2016-05-15,1,Santa Cruz,Vitoria,Brasileirao Serie A 2016,6,1,7,11,,,3,0,11,17
2016-05-21,2,Cruzeiro,Figueirense,Brasileirao Serie A 2016,5,4,17,13,,,3,1,11,14
2016-05-21,2,Fluminense,Santa Cruz,Brasileirao Serie A 2016,6,5,15,10,,,3,5,20,23
2016-05-21,2,Ponte Preta,Palmeiras,Brasileirao Serie A 2016,4,6,11,11,,,3,4,21,16
2016-05-22,2,Athletico-PR,Atletico-MG,Brasileirao Serie A 2016,5,14,9,25,,,3,1,18,7
2016-05-22,2,Chapecoense,America-MG,Brasileirao Serie A 2016,6,2,18,9,,,0,4,12,26
2016-05-22,2,Gremio,Flamengo,Brasileirao Serie A 2016,11,5,20,14,,,3,2,17,8
2016-05-22,2,Santos,Coritiba,Brasileirao Serie A 2016,2,1,12,4,,,5,2,12,15
2016-05-22,2,Sao Paulo,Internacional,Brasileirao Serie A 2016,11,5,17,12,,,4,6,11,16
2016-05-22,2,Sport,Botafogo-RJ,Brasileirao Serie A 2016,10,1,13,19,,,3,2,14,10
2016-05-22,2,Vitoria,Corinthians,Brasileirao Serie A 2016,5,5,10,13,,,4,4,20,24
2016-05-25,3,America-MG,Vitoria,Brasileirao Serie A 2016,4,1,12,7,,,4,1,22,18
2016-05-25,3,Botafogo-RJ,Athletico-PR,Brasileirao Serie A 2016,3,5,10,16,,,2,2,8,12
2016-05-25,3,Coritiba,Sao Paulo,Brasileirao Serie A 2016,6,3,13,11,,,2,2,18,12
2016-05-25,3,Figueirense,Santos,Brasileirao Serie A 2016,7,2,13,8,,,2,3,21,12
2016-05-25,3,Flamengo,Chapecoense,Brasileirao Serie A 2016,2,5,8,12,,,4,1,10,24
2016-05-25,3,Palmeiras,Fluminense,Brasileirao Serie A 2016,8,4,15,14,,,1,0,20,12
2016-05-25,3,Santa Cruz,Cruzeiro,Brasileirao Serie A 2016,1,7,9,20,,,2,3,16,15
2016-05-26,3,Atletico-MG,Gremio,Brasileirao Serie A 2016,5,4,15,10,,,1,5,8,14
2016-05-26,3,Corinthians,Ponte Preta,Brasileirao Serie A 2016,5,3,14,6,,,3,3,23,15
2016-05-26,3,Internacional,Sport,Brasileirao Serie A 2016,7,5,11,10,,,3,1,14,13
2016-05-28,4,Athletico-PR,Figueirense,Brasileirao Serie A 2016,7,5,10,11,,,2,1,17,17
2016-05-28,4,Chapecoense,Santa Cruz,Brasileirao Serie A 2016,9,1,17,4,,,1,4,16,19
2016-05-28,4,Cruzeiro,America-MG,Brasileirao Serie A 2016,15,4,27,6,,,1,1,7,9
2016-05-29,4,Fluminense,Botafogo-RJ,Brasileirao Serie A 2016,2,7,15,6,,,1,1,16,17
2016-05-29,4,Gremio,Coritiba,Brasileirao Serie A 2016,4,2,12,13,,,0,3,19,18
2016-05-29,4,Ponte Preta,Flamengo,Brasileirao Serie A 2016,8,2,18,6,,,2,1,19,13
2016-05-29,4,Santos,Internacional,Brasileirao Serie A 2016,5,5,13,11,,,1,1,9,14
2016-05-29,4,Sao Paulo,Palmeiras,Brasileirao Serie A 2016,13,2,15,8,,,2,5,18,21
2016-05-29,4,Sport,Corinthians,Brasileirao Serie A 2016,8,1,11,12,,,2,1,7,12
2016-05-29,4,Vitoria,Atletico-MG,Brasileirao Serie A 2016,4,5,16,16,,,4,6,21,18
2016-06-01,5,Atletico-MG,Fluminense,Brasileirao Serie A 2016,0,2,17,11,,,2,5,16,19
2016-06-01,5,Botafogo-RJ,Cruzeiro,Brasileirao Serie A 2016,9,7,5,14,,,1,3,11,23
2016-06-01,5,Corinthians,Santos,Brasileirao Serie A 2016,7,3,14,3,,,0,2,14,14
2016-06-01,5,Coritiba,Chapecoense,Brasileirao Serie A 2016,6,9,19,15,,,4,5,17,23
2016-06-01,5,Figueirense,Sao Paulo,Brasileirao Serie A 2016,5,5,17,12,,,2,1,16,19
2016-06-01,5,Internacional,Athletico-PR,Brasileirao Serie A 2016,7,4,9,13,,,5,2,30,15
2016-06-01,5,Santa Cruz,Sport,Brasileirao Serie A 2016,6,2,8,17,,,5,2,25,15
2016-06-02,5,America-MG,Ponte Preta,Brasileirao Serie A 2016,3,7,14,13,,,1,3,7,15
2016-06-02,5,Flamengo,Vitoria,Brasileirao Serie A 2016,5,2,17,5,,,2,3,14,18
2016-06-02,5,Palmeiras,Gremio,Brasileirao Serie A 2016,4,1,16,11,,,5,4,24,19
2016-06-04,6,Athletico-PR,Santa Cruz,Brasileirao Serie A 2016,4,2,12,10,,,0,2,12,18
2016-06-04,6,Chapecoense,Fluminense,Brasileirao Serie A 2016,2,3,8,12,,,3,0,12,11
2016-06-04,6,Corinthians,Coritiba,Brasileirao Serie A 2016,11,3,20,6,,,2,5,13,12
2016-06-05,6,America-MG,Figueirense,Brasileirao Serie A 2016,9,2,18,13,,,2,3,20,14
2016-06-05,6,Cruzeiro,Sao Paulo,Brasileirao Serie A 2016,3,5,12,10,,,2,0,12,9
2016-06-05,6,Flamengo,Palmeiras,Brasileirao Serie A 2016,2,7,7,15,,,1,2,11,12
2016-06-05,6,Gremio,Ponte Preta,Brasileirao Serie A 2016,10,2,27,8,,,2,4,14,13
2016-06-05,6,Santos,Botafogo-RJ,Brasileirao Serie A 2016,7,5,7,11,,,1,1,12,12
2016-06-05,6,Sport,Atletico-MG,Brasileirao Serie A 2016,2,4,12,10,,,1,3,10,17
2016-06-05,6,Vitoria,Internacional,Brasileirao Serie A 2016,2,5,11,10,,,1,6,16,19
2016-06-11,7,Fluminense,Gremio,Brasileirao Serie A 2016,6,1,26,6,,,4,2,9,10
2016-06-11,7,Internacional,America-MG,Brasileirao Serie A 2016,3,9,12,19,,,2,3,16,15
2016-06-11,7,Ponte Preta,Chapecoense,Brasileirao Serie A 2016,9,3,10,7,,,3,4,22,22
2016-06-11,7,Sao Paulo,Athletico-PR,Brasileirao Serie A 2016,4,4,13,6,,,1,2,12,17
2016-06-12,7,Atletico-MG,Cruzeiro,Brasileirao Serie A 2016,7,4,12,11,,,4,5,15,15
2016-06-12,7,Botafogo-RJ,Vitoria,Brasileirao Serie A 2016,6,8,13,18,,,3,1,20,18
2016-06-12,7,Coritiba,Sport,Brasileirao Serie A 2016,7,0,18,9,,,4,3,18,26
2016-06-12,7,Figueirense,Flamengo,Brasileirao Serie A 2016,4,4,8,16,,,2,2,17,17
2016-06-12,7,Palmeiras,Corinthians,Brasileirao Serie A 2016,2,2,16,8,,,4,4,19,18
2016-06-12,7,Santa Cruz,Santos,Brasileirao Serie A 2016,6,3,16,12,,,1,2,19,11
2016-06-15,8,Botafogo-RJ,America-MG,Brasileirao Serie A 2016,5,2,22,10,,,2,2,17,20
2016-06-15,8,Chapecoense,Gremio,Brasileirao Serie A 2016,7,5,8,17,,,2,2,19,15
2016-06-15,8,Coritiba,Palmeiras,Brasileirao Serie A 2016,6,4,9,9,,,4,3,14,19
2016-06-15,8,Cruzeiro,Flamengo,Brasileirao Serie A 2016,9,5,15,9,,,,,9,9
2016-06-15,8,Ponte Preta,Athletico-PR,Brasileirao Serie A 2016,4,4,12,9,,,0,2,9,15
2016-06-15,8,Santa Cruz,Figueirense,Brasileirao Serie A 2016,9,3,12,8,,,3,3,25,8
2016-06-15,8,Santos,Sport,Brasileirao Serie A 2016,9,5,20,12,,,1,3,10,10
2016-06-15,8,Sao Paulo,Vitoria,Brasileirao Serie A 2016,3,2,10,10,,,5,2,22,22
2016-06-16,8,Fluminense,Corinthians,Brasileirao Serie A 2016,4,9,12,16,,,2,0,12,7
2016-06-16,8,Internacional,Atletico-MG,Brasileirao Serie A 2016,7,5,12,15,,,2,1,23,12
2016-06-18,9,America-MG,Coritiba,Brasileirao Serie A 2016,3,3,17,15,,,0,3,17,12
2016-06-18,9,Athletico-PR,Santos,Brasileirao Serie A 2016,3,5,10,7,,,2,1,16,7
2016-06-18,9,Palmeiras,Santa Cruz,Brasileirao Serie A 2016,2,3,22,13,,,1,3,18,24
2016-06-19,9,Atletico-MG,Ponte Preta,Brasileirao Serie A 2016,10,3,20,9,,,0,1,9,17
2016-06-19,9,Corinthians,Botafogo-RJ,Brasileirao Serie A 2016,4,6,12,10,,,2,2,15,15
2016-06-19,9,Figueirense,Internacional,Brasileirao Serie A 2016,7,12,16,19,,,3,0,16,15
2016-06-19,9,Flamengo,Sao Paulo,Brasileirao Serie A 2016,14,2,30,8,,,1,2,9,19
2016-06-19,9,Gremio,Cruzeiro,Brasileirao Serie A 2016,5,1,17,7,,,0,2,13,16
2016-06-19,9,Sport,Fluminense,Brasileirao Serie A 2016,2,7,10,19,,,2,0,12,12
2016-06-19,9,Vitoria,Chapecoense,Brasileirao Serie A 2016,11,2,25,10,,,1,4,20,18
2016-06-21,10,Palmeiras,America-MG,Brasileirao Serie A 2016,6,4,21,11,,,0,1,6,8
2016-06-22,10,Atletico-MG,Corinthians,Brasileirao Serie A 2016,3,2,9,10,,,3,1,24,11
2016-06-22,10,Botafogo-RJ,Figueirense,Brasileirao Serie A 2016,14,1,20,9,,,0,1,12,14
2016-06-22,10,Fluminense,Santos,Brasileirao Serie A 2016,4,3,22,17,,,1,1,9,11
2016-06-22,10,Ponte Preta,Cruzeiro,Brasileirao Serie A 2016,12,2,15,7,,,4,4,11,14
2016-06-22,10,Santa Cruz,Flamengo,Brasileirao Serie A 2016,7,3,14,9,,,1,0,13,12
2016-06-23,10,Chapecoense,Athletico-PR,Brasileirao Serie A 2016,5,5,11,13,,,2,2,16,17
2016-06-23,10,Coritiba,Internacional,Brasileirao Serie A 2016,7,5,14,10,,,1,5,13,27
2016-06-23,10,Gremio,Vitoria,Brasileirao Serie A 2016,2,3,21,15,,,3,4,11,17
2016-06-23,10,Sao Paulo,Sport,Brasileirao Serie A 2016,3,3,21,8,,,0,2,9,19
2016-06-25,11,Corinthians,Santa Cruz,Brasileirao Serie A 2016,12,1,18,9,,,3,1,14,16
2016-06-25,11,Cruzeiro,Palmeiras,Brasileirao Serie A 2016,5,6,20,10,,,4,2,13,14
2016-06-26,11,America-MG,Atletico-MG,Brasileirao Serie A 2016,2,4,17,7,,,3,3,19,17
2016-06-26,11,Athletico-PR,Gremio,Brasileirao Serie A 2016,6,7,18,7,,,1,0,12,16
2016-06-26,11,Figueirense,Coritiba,Brasileirao Serie A 2016,4,3,8,16,,,3,4,19,23
2016-06-26,11,Flamengo,Fluminense,Brasileirao Serie A 2016,8,3,19,18,,,0,1,9,14
2016-06-26,11,Internacional,Botafogo-RJ,Brasileirao Serie A 2016,13,4,22,15,,,4,3,21,18
2016-06-26,11,Santos,Sao Paulo,Brasileirao Serie A 2016,4,10,11,8,,,2,2,8,14
2016-06-26,11,Sport,Chapecoense,Brasileirao Serie A 2016,13,2,15,7,,,3,2,22,10
2016-06-26,11,Vitoria,Ponte Preta,Brasileirao Serie A 2016,8,3,14,15,,,3,2,17,22
2016-06-29,12,America-MG,Corinthians,Brasileirao Serie A 2016,8,4,14,8,,,2,1,10,13
2016-06-29,12,Chapecoense,Cruzeiro,Brasileirao Serie A 2016,8,3,15,7,,,4,6,19,20
2016-06-29,12,Coritiba,Athletico-PR,Brasileirao Serie A 2016,7,3,12,8,,,3,2,22,16
2016-06-29,12,Flamengo,Internacional,Brasileirao Serie A 2016,8,0,21,7,,,1,1,11,22
2016-06-29,12,Gremio,Santos,Brasileirao Serie A 2016,4,5,17,18,,,3,3,10,14
2016-06-29,12,Sao Paulo,Fluminense,Brasileirao Serie A 2016,7,4,19,9,,,4,3,17,15
2016-06-29,12,Vitoria,Sport,Brasileirao Serie A 2016,7,3,20,8,,,4,2,22,19
2016-06-30,12,Atletico-MG,Botafogo-RJ,Brasileirao Serie A 2016,9,9,12,20,,,,,15,9
2016-06-30,12,Palmeiras,Figueirense,Brasileirao Serie A 2016,4,3,14,8,,,1,1,26,24
2016-06-30,12,Santa Cruz,Ponte Preta,Brasileirao Serie A 2016,8,0,9,13,,,2,1,15,16
2016-07-02,13,Athletico-PR,America-MG,Brasileirao Serie A 2016,6,6,15,11,,,2,2,9,12
2016-07-02,13,Fluminense,Coritiba,Brasileirao Serie A 2016,10,2,13,5,,,1,2,14,19
2016-07-03,13,Botafogo-RJ,Santa Cruz,Brasileirao Serie A 2016,6,6,10,15,,,1,3,11,13
2016-07-03,13,Corinthians,Flamengo,Brasileirao Serie A 2016,6,7,17,13,,,2,3,15,10
2016-07-03,13,Cruzeiro,Vitoria,Brasileirao Serie A 2016,8,10,18,20,,,3,2,12,18
2016-07-03,13,Figueirense,Atletico-MG,Brasileirao Serie A 2016,4,2,17,9,,,2,4,18,21
2016-07-03,13,Internacional,Gremio,Brasileirao Serie A 2016,12,3,19,11,,,4,5,11,11
2016-07-03,13,Ponte Preta,Sao Paulo,Brasileirao Serie A 2016,6,2,22,6,,,3,2,20,16
2016-07-03,13,Santos,Chapecoense,Brasileirao Serie A 2016,11,6,9,11,,,1,1,13,12
2016-07-04,13,Sport,Palmeiras,Brasileirao Serie A 2016,5,0,17,13,,,4,5,18,21
2016-07-09,14,Chapecoense,Corinthians,Brasileirao Serie A 2016,3,5,9,12,,,0,1,17,13
2016-07-09,14,Coritiba,Botafogo-RJ,Brasileirao Serie A 2016,11,8,16,9,,,1,3,21,14
2016-07-09,14,Ponte Preta,Sport,Brasileirao Serie A 2016,4,4,11,9,,,2,2,17,12
2016-07-10,14,Flamengo,Atletico-MG,Brasileirao Serie A 2016,6,5,7,13,,,1,4,10,23
2016-07-10,14,Gremio,Figueirense,Brasileirao Serie A 2016,9,7,27,12,,,1,1,11,14
2016-07-10,14,Santa Cruz,Internacional,Brasileirao Serie A 2016,4,7,8,11,,,0,2,21,19
2016-07-10,14,Sao Paulo,America-MG,Brasileirao Serie A 2016,4,3,21,7,,,1,4,7,13
2016-07-10,14,Vitoria,Fluminense,Brasileirao Serie A 2016,13,6,26,10,,,3,4,16,22
2016-07-11,14,Cruzeiro,Athletico-PR,Brasileirao Serie A 2016,4,1,19,9,,,1,4,9,17
2016-07-12,14,Palmeiras,Santos,Brasileirao Serie A 2016,4,2,12,10,,,3,2,17,17
2016-07-16,15,Botafogo-RJ,Flamengo,Brasileirao Serie A 2016,7,1,17,10,,,2,4,12,22
2016-07-16,15,Santos,Ponte Preta,Brasileirao Serie A 2016,5,6,13,19,,,3,2,14,11
2016-07-17,15,America-MG,Santa Cruz,Brasileirao Serie A 2016,4,2,10,14,,,2,2,9,10
2016-07-17,15,Athletico-PR,Vitoria,Brasileirao Serie A 2016,4,7,17,16,,,3,3,16,10
2016-07-17,15,Corinthians,Sao Paulo,Brasileirao Serie A 2016,4,7,8,7,,,3,3,11,26
2016-07-17,15,Figueirense,Chapecoense,Brasileirao Serie A 2016,3,5,9,9,,,1,4,16,18
2016-07-17,15,Fluminense,Cruzeiro,Brasileirao Serie A 2016,5,14,11,12,,,0,6,17,17
2016-07-17,15,Internacional,Palmeiras,Brasileirao Serie A 2016,9,1,8,9,,,4,2,17,13
2016-07-17,15,Sport,Gremio,Brasileirao Serie A 2016,3,7,14,18,,,0,3,15,16
2016-07-18,15,Atletico-MG,Coritiba,Brasileirao Serie A 2016,3,3,12,15,,,2,2,16,18
2016-07-23,16,Corinthians,Figueirense,Brasileirao Serie A 2016,7,5,18,7,,,2,6,15,21
2016-07-23,16,Santa Cruz,Coritiba,Brasileirao Serie A 2016,4,4,5,16,,,2,1,17,19
2016-07-24,16,Athletico-PR,Fluminense,Brasileirao Serie A 2016,2,7,16,9,,,3,5,13,20
2016-07-24,16,Chapecoense,Botafogo-RJ,Brasileirao Serie A 2016,0,3,4,14,,,1,2,14,16
2016-07-24,16,Cruzeiro,Sport,Brasileirao Serie A 2016,12,3,29,8,,,1,4,15,18
2016-07-24,16,Gremio,Sao Paulo,Brasileirao Serie A 2016,7,2,27,8,,,0,2,16,12
2016-07-24,16,Palmeiras,Atletico-MG,Brasileirao Serie A 2016,6,1,9,5,,,1,2,11,19
2016-07-24,16,Ponte Preta,Internacional,Brasileirao Serie A 2016,10,2,15,6,,,3,2,20,13
2016-07-24,16,Vitoria,Santos,Brasileirao Serie A 2016,13,2,23,9,,,3,2,15,11
2016-07-25,16,Flamengo,America-MG,Brasileirao Serie A 2016,4,5,23,10,,,1,0,11,13
2016-07-30,17,Atletico-MG,Santa Cruz,Brasileirao Serie A 2016,10,3,15,8,,,1,3,13,12
2016-07-30,17,Figueirense,Vitoria,Brasileirao Serie A 2016,6,3,6,12,,,3,3,19,26
2016-07-30,17,Sport,Athletico-PR,Brasileirao Serie A 2016,6,1,10,8,,,2,1,23,9
2016-07-31,17,America-MG,Gremio,Brasileirao Serie A 2016,8,1,10,7,,,2,2,15,8
2016-07-31,17,Botafogo-RJ,Palmeiras,Brasileirao Serie A 2016,3,4,12,13,,,4,3,20,23
2016-07-31,17,Coritiba,Flamengo,Brasileirao Serie A 2016,8,2,12,6,,,1,2,9,13
2016-07-31,17,Fluminense,Ponte Preta,Brasileirao Serie A 2016,1,7,5,14,,,4,6,21,21
2016-07-31,17,Internacional,Corinthians,Brasileirao Serie A 2016,3,8,6,13,,,2,2,19,19
2016-07-31,17,Santos,Cruzeiro,Brasileirao Serie A 2016,2,4,8,13,,,1,1,12,10
2016-07-31,17,Sao Paulo,Chapecoense,Brasileirao Serie A 2016,13,1,21,7,,,4,1,13,11
2016-08-03,18,Athletico-PR,Corinthians,Brasileirao Serie A 2016,1,6,10,12,,,3,0,11,12
2016-08-03,18,Santos,Flamengo,Brasileirao Serie A 2016,4,9,10,17,,,2,2,10,9
2016-08-03,18,Sport,America-MG,Brasileirao Serie A 2016,9,3,12,6,,,1,3,8,22
2016-08-03,18,Vitoria,Coritiba,Brasileirao Serie A 2016,7,4,11,19,,,2,1,9,19
2016-08-04,18,Chapecoense,Palmeiras,Brasileirao Serie A 2016,2,8,13,23,,,1,0,18,15
2016-08-04,18,Cruzeiro,Internacional,Brasileirao Serie A 2016,6,4,12,11,,,1,1,10,14
2016-08-04,18,Gremio,Santa Cruz,Brasileirao Serie A 2016,5,4,15,13,,,1,3,18,18
2016-08-04,18,Ponte Preta,Botafogo-RJ,Brasileirao Serie A 2016,5,2,8,3,,,2,2,16,12
2016-08-04,18,Sao Paulo,Atletico-MG,Brasileirao Serie A 2016,12,3,21,8,,,2,2,9,17
2016-08-06,19,Flamengo,Athletico-PR,Brasileirao Serie A 2016,11,3,16,11,,,2,4,11,11
2016-08-07,19,America-MG,Santos,Brasileirao Serie A 2016,2,3,9,7,,,2,1,11,7
2016-08-07,19,Coritiba,Ponte Preta,Brasileirao Serie A 2016,3,4,11,11,,,4,3,20,18
2016-08-07,19,Figueirense,Sport,Brasileirao Serie A 2016,3,5,13,16,,,5,3,18,16
2016-08-07,19,Internacional,Fluminense,Brasileirao Serie A 2016,7,3,15,10,,,4,4,22,14
2016-08-07,19,Palmeiras,Vitoria,Brasileirao Serie A 2016,4,2,18,10,,,2,4,13,20
2016-08-07,19,Santa Cruz,Sao Paulo,Brasileirao Serie A 2016,6,7,13,12,,,1,3,15,24
2016-08-08,19,Atletico-MG,Chapecoense,Brasileirao Serie A 2016,5,3,14,18,,,0,1,15,12
2016-08-08,19,Corinthians,Cruzeiro,Brasileirao Serie A 2016,6,6,11,14,,,4,3,15,8
2016-08-13,20,Ponte Preta,Figueirense,Brasileirao Serie A 2016,11,3,15,3,,,2,2,21,25
2016-08-13,20,Sport,Flamengo,Brasileirao Serie A 2016,5,9,13,11,,,2,3,24,15
2016-08-14,20,Athletico-PR,Palmeiras,Brasileirao Serie A 2016,4,7,7,12,,,3,3,12,15
2016-08-14,20,Cruzeiro,Coritiba,Brasileirao Serie A 2016,4,5,17,7,,,2,4,15,20
2016-08-14,20,Fluminense,America-MG,Brasileirao Serie A 2016,9,2,16,5,,,2,5,12,28
2016-08-14,20,Gremio,Corinthians,Brasileirao Serie A 2016,6,10,13,26,,,4,1,15,14
2016-08-14,20,Santos,Atletico-MG,Brasileirao Serie A 2016,4,7,12,13,,,4,4,24,9
2016-08-14,20,Sao Paulo,Botafogo-RJ,Brasileirao Serie A 2016,8,7,13,6,,,2,2,11,14
2016-08-14,20,Vitoria,Santa Cruz,Brasileirao Serie A 2016,3,5,14,10,,,1,2,15,20
2016-08-15,20,Chapecoense,Internacional,Brasileirao Serie A 2016,2,5,16,10,,,1,2,15,18
2016-08-19,21,America-MG,Chapecoense,Brasileirao Serie A 2016,6,4,13,12,,,1,1,13,10
2016-08-20,21,Botafogo-RJ,Sport,Brasileirao Serie A 2016,3,2,18,15,,,1,2,19,12
2016-08-21,21,Atletico-MG,Athletico-PR,Brasileirao Serie A 2016,6,5,14,12,,,0,2,15,15
2016-08-21,21,Coritiba,Santos,Brasileirao Serie A 2016,5,5,16,8,,,1,3,13,16
2016-08-21,21,Figueirense,Cruzeiro,Brasileirao Serie A 2016,8,2,15,13,,,3,5,20,24
2016-08-21,21,Flamengo,Gremio,Brasileirao Serie A 2016,7,4,18,10,,,2,1,14,16
2016-08-21,21,Internacional,Sao Paulo,Brasileirao Serie A 2016,8,0,30,5,,,1,2,9,22
2016-08-21,21,Palmeiras,Ponte Preta,Brasileirao Serie A 2016,4,9,18,11,,,3,6,12,22
2016-08-21,21,Santa Cruz,Fluminense,Brasileirao Serie A 2016,8,4,18,6,,,0,2,16,16
2016-08-22,21,Corinthians,Vitoria,Brasileirao Serie A 2016,8,3,17,9,,,2,4,15,20
2016-08-27,22,Ponte Preta,Corinthians,Brasileirao Serie A 2016,8,0,15,2,,,2,1,15,8
2016-08-28,22,Chapecoense,Flamengo,Brasileirao Serie A 2016,6,3,18,17,,,4,0,15,13
2016-08-28,22,Cruzeiro,Santa Cruz,Brasileirao Serie A 2016,8,6,12,12,,,3,3,17,13
2016-08-28,22,Fluminense,Palmeiras,Brasileirao Serie A 2016,5,5,8,16,,,7,5,17,20
2016-08-28,22,Gremio,Atletico-MG,Brasileirao Serie A 2016,7,0,24,3,,,4,4,18,17
2016-08-28,22,Santos,Figueirense,Brasileirao Serie A 2016,11,3,22,4,,,3,2,13,12
2016-08-28,22,Sao Paulo,Coritiba,Brasileirao Serie A 2016,13,0,16,6,,,2,1,18,16
2016-08-28,22,Sport,Internacional,Brasileirao Serie A 2016,9,4,11,7,,,4,5,18,19
2016-08-28,22,Vitoria,America-MG,Brasileirao Serie A 2016,4,8,9,12,,,3,5,20,19
2016-08-29,22,Athletico-PR,Botafogo-RJ,Brasileirao Serie A 2016,6,6,10,13,,,3,2,12,14
2016-09-03,18,Fluminense,Figueirense,Brasileirao Serie A 2016,11,4,18,10,,,3,3,21,15
2016-09-04,19,Botafogo-RJ,Gremio,Brasileirao Serie A 2016,6,4,10,8,,,3,4,16,25
2016-09-07,23,Atletico-MG,Vitoria,Brasileirao Serie A 2016,5,6,18,17,,,2,5,17,17
2016-09-07,23,Botafogo-RJ,Fluminense,Brasileirao Serie A 2016,3,9,12,12,,,5,2,22,15
2016-09-07,23,Coritiba,Gremio,Brasileirao Serie A 2016,5,2,14,11,,,3,0,15,9
2016-09-07,23,Figueirense,Athletico-PR,Brasileirao Serie A 2016,3,7,11,9,,,1,2,16,20
2016-09-07,23,Flamengo,Ponte Preta,Brasileirao Serie A 2016,10,0,18,6,,,1,3,15,19
2016-09-07,23,Palmeiras,Sao Paulo,Brasileirao Serie A 2016,6,2,15,8,,,3,3,20,19
2016-09-07,23,Santa Cruz,Chapecoense,Brasileirao Serie A 2016,11,4,24,7,,,2,3,9,18
2016-09-08,23,America-MG,Cruzeiro,Brasileirao Serie A 2016,1,3,9,10,,,1,2,19,13
2016-09-08,23,Corinthians,Sport,Brasileirao Serie A 2016,2,8,9,17,,,2,2,15,17
2016-09-08,23,Internacional,Santos,Brasileirao Serie A 2016,10,5,21,8,,,4,3,19,8
2016-09-10,24,Vitoria,Flamengo,Brasileirao Serie A 2016,6,6,17,16,,,1,1,14,8
2016-09-11,24,Athletico-PR,Internacional,Brasileirao Serie A 2016,7,4,16,13,,,0,2,11,12
2016-09-11,24,Chapecoense,Coritiba,Brasileirao Serie A 2016,4,7,13,16,,,2,3,20,16
2016-09-11,24,Cruzeiro,Botafogo-RJ,Brasileirao Serie A 2016,9,1,16,9,,,4,2,16,16
2016-09-11,24,Gremio,Palmeiras,Brasileirao Serie A 2016,5,2,11,7,,,4,3,23,16
2016-09-11,24,Ponte Preta,America-MG,Brasileirao Serie A 2016,9,5,12,7,,,2,1,10,12
2016-09-11,24,Santos,Corinthians,Brasileirao Serie A 2016,6,3,13,11,,,2,1,18,17
2016-09-11,24,Sao Paulo,Figueirense,Brasileirao Serie A 2016,10,3,20,7,,,2,2,25,17
2016-09-11,24,Sport,Santa Cruz,Brasileirao Serie A 2016,11,4,17,9,,,2,1,14,18
2016-09-12,24,Fluminense,Atletico-MG,Brasileirao Serie A 2016,7,2,16,11,,,1,4,14,16
2016-09-14,25,Botafogo-RJ,Santos,Brasileirao Serie A 2016,12,2,23,8,,,2,1,10,10
2016-09-14,25,Coritiba,Corinthians,Brasileirao Serie A 2016,4,5,10,13,,,2,1,15,12
2016-09-14,25,Figueirense,America-MG,Brasileirao Serie A 2016,4,8,9,10,,,0,1,17,13
2016-09-14,25,Palmeiras,Flamengo,Brasileirao Serie A 2016,4,5,24,9,,,2,0,13,13
2016-09-14,25,Ponte Preta,Gremio,Brasileirao Serie A 2016,5,3,17,5,,,2,1,16,18
2016-09-14,25,Santa Cruz,Athletico-PR,Brasileirao Serie A 2016,15,3,17,6,,,3,4,12,13
2016-09-15,25,Atletico-MG,Sport,Brasileirao Serie A 2016,3,4,16,6,,,0,1,13,15
2016-09-15,25,Fluminense,Chapecoense,Brasileirao Serie A 2016,8,2,12,11,,,3,4,19,18
2016-09-15,25,Internacional,Vitoria,Brasileirao Serie A 2016,8,2,15,12,,,3,5,18,24
2016-09-15,25,Sao Paulo,Cruzeiro,Brasileirao Serie A 2016,2,5,9,12,,,,,14,8
2016-09-17,26,Corinthians,Palmeiras,Brasileirao Serie A 2016,9,1,12,12,,,1,4,16,16
2016-09-18,26,Athletico-PR,Sao Paulo,Brasileirao Serie A 2016,5,4,12,8,,,1,1,12,12
2016-09-18,26,Chapecoense,Ponte Preta,Brasileirao Serie A 2016,7,6,9,12,,,2,0,16,12
2016-09-18,26,Cruzeiro,Atletico-MG,Brasileirao Serie A 2016,4,2,13,7,,,0,2,12,23
2016-09-18,26,Flamengo,Figueirense,Brasileirao Serie A 2016,9,1,25,4,,,2,2,16,17
2016-09-18,26,Gremio,Fluminense,Brasileirao Serie A 2016,9,1,22,11,,,4,3,17,11
2016-09-18,26,Santos,Santa Cruz,Brasileirao Serie A 2016,3,5,15,11,,,1,1,13,11
2016-09-18,26,Sport,Coritiba,Brasileirao Serie A 2016,8,1,17,7,,,0,1,20,21
2016-09-18,26,Vitoria,Botafogo-RJ,Brasileirao Serie A 2016,7,1,20,3,,,2,5,15,24
2016-09-19,26,America-MG,Internacional,Brasileirao Serie A 2016,4,6,22,9,,,1,2,12,14
2016-09-24,27,America-MG,Botafogo-RJ,Brasileirao Serie A 2016,5,7,8,7,,,2,3,16,12
2016-09-24,27,Palmeiras,Coritiba,Brasileirao Serie A 2016,4,2,20,3,,,2,3,13,24
2016-09-24,27,Sport,Santos,Brasileirao Serie A 2016,4,5,12,15,,,3,1,20,11
2016-09-25,27,Athletico-PR,Ponte Preta,Brasileirao Serie A 2016,10,3,13,4,,,2,5,11,20
2016-09-25,27,Atletico-MG,Internacional,Brasileirao Serie A 2016,5,6,11,14,,,2,2,11,17
2016-09-25,27,Corinthians,Fluminense,Brasileirao Serie A 2016,4,8,21,12,,,4,3,19,15
2016-09-25,27,Figueirense,Santa Cruz,Brasileirao Serie A 2016,3,8,5,12,,,1,5,19,12
2016-09-25,27,Flamengo,Cruzeiro,Brasileirao Serie A 2016,8,3,21,11,,,1,2,13,12
2016-09-25,27,Gremio,Chapecoense,Brasileirao Serie A 2016,3,3,15,8,,,2,2,13,12
2016-09-25,27,Vitoria,Sao Paulo,Brasileirao Serie A 2016,6,5,15,13,,,4,3,21,19
2016-10-01,28,Botafogo-RJ,Corinthians,Brasileirao Serie A 2016,2,8,9,6,,,4,4,23,16
2016-10-01,28,Chapecoense,Vitoria,Brasileirao Serie A 2016,2,2,15,8,,,1,2,18,18
2016-10-01,28,Cruzeiro,Gremio,Brasileirao Serie A 2016,11,1,16,4,,,3,3,19,20
2016-10-01,28,Fluminense,Sport,Brasileirao Serie A 2016,6,6,19,13,,,1,3,11,30
2016-10-01,28,Internacional,Figueirense,Brasileirao Serie A 2016,2,0,15,6,,,2,2,32,19
2016-10-01,28,Ponte Preta,Atletico-MG,Brasileirao Serie A 2016,8,2,18,10,,,2,2,25,16
2016-10-01,28,Santos,Athletico-PR,Brasileirao Serie A 2016,6,3,9,6,,,2,1,10,13
2016-10-01,28,Sao Paulo,Flamengo,Brasileirao Serie A 2016,11,2,7,8,,,4,3,18,9
2016-10-03,28,Coritiba,America-MG,Brasileirao Serie A 2016,4,4,11,6,,,2,2,17,15
2016-10-03,28,Santa Cruz,Palmeiras,Brasileirao Serie A 2016,9,6,17,14,,,6,3,20,12
2016-10-05,29,Athletico-PR,Chapecoense,Brasileirao Serie A 2016,7,1,16,11,,,2,3,9,14
2016-10-05,29,Corinthians,Atletico-MG,Brasileirao Serie A 2016,13,4,19,8,,,0,1,16,16
2016-10-05,29,Santos,Fluminense,Brasileirao Serie A 2016,5,5,13,16,,,,,16,10
2016-10-05,29,Sport,Sao Paulo,Brasileirao Serie A 2016,1,5,11,17,,,0,2,19,17
2016-10-05,29,Vitoria,Gremio,Brasileirao Serie A 2016,6,2,11,14,,,3,3,16,19
2016-10-06,29,Internacional,Coritiba,Brasileirao Serie A 2016,3,3,10,7,,,2,4,15,14
2016-10-08,29,Cruzeiro,Ponte Preta,Brasileirao Serie A 2016,3,2,13,3,,,2,2,15,25
2016-10-09,29,America-MG,Palmeiras,Brasileirao Serie A 2016,1,4,6,10,,,2,1,17,10
2016-10-09,29,Figueirense,Botafogo-RJ,Brasileirao Serie A 2016,7,8,10,11,,,2,2,14,13
2016-10-09,29,Flamengo,Santa Cruz,Brasileirao Serie A 2016,7,5,13,11,,,1,0,11,12
2016-10-12,30,Botafogo-RJ,Internacional,Brasileirao Serie A 2016,4,7,12,13,,,3,2,17,15
2016-10-12,30,Chapecoense,Sport,Brasileirao Serie A 2016,5,2,17,7,,,1,1,16,19
2016-10-12,30,Coritiba,Figueirense,Brasileirao Serie A 2016,11,8,18,7,,,4,3,13,22
2016-10-12,30,Santa Cruz,Corinthians,Brasileirao Serie A 2016,4,4,16,10,,,2,2,8,7
2016-10-13,30,Atletico-MG,America-MG,Brasileirao Serie A 2016,9,4,16,15,,,,,8,11
2016-10-13,30,Fluminense,Flamengo,Brasileirao Serie A 2016,4,4,9,13,,,3,3,14,21
2016-10-13,30,Gremio,Athletico-PR,Brasileirao Serie A 2016,9,4,29,4,,,2,3,16,13
2016-10-13,30,Palmeiras,Cruzeiro,Brasileirao Serie A 2016,3,2,13,15,,,1,4,16,16
2016-10-13,30,Ponte Preta,Vitoria,Brasileirao Serie A 2016,4,3,10,10,,,4,2,23,12
2016-10-13,30,Sao Paulo,Santos,Brasileirao Serie A 2016,9,3,15,6,,,2,3,16,18
2016-10-16,31,Athletico-PR,Coritiba,Brasileirao Serie A 2016,5,6,8,15,,,0,3,18,14
2016-10-16,31,Botafogo-RJ,Atletico-MG,Brasileirao Serie A 2016,5,8,13,15,,,2,4,16,13
2016-10-16,31,Corinthians,America-MG,Brasileirao Serie A 2016,4,4,8,8,,,2,1,11,10
2016-10-16,31,Cruzeiro,Chapecoense,Brasileirao Serie A 2016,6,5,19,7,,,1,2,15,17
2016-10-16,31,Figueirense,Palmeiras,Brasileirao Serie A 2016,2,7,5,19,,,4,3,18,29
2016-10-16,31,Internacional,Flamengo,Brasileirao Serie A 2016,6,2,16,13,,,3,1,22,13
2016-10-16,31,Ponte Preta,Santa Cruz,Brasileirao Serie A 2016,4,4,13,3,,,0,2,19,17
2016-10-16,31,Santos,Gremio,Brasileirao Serie A 2016,9,1,17,6,,,1,7,13,20
2016-10-16,31,Sport,Vitoria,Brasileirao Serie A 2016,10,7,19,6,,,1,3,9,20
2016-10-17,31,Fluminense,Sao Paulo,Brasileirao Serie A 2016,3,3,12,11,,,1,4,8,18
2016-10-19,32,Santa Cruz,Botafogo-RJ,Brasileirao Serie A 2016,7,5,16,18,,,0,2,12,15
2016-10-22,32,Sao Paulo,Ponte Preta,Brasileirao Serie A 2016,7,9,9,14,,,0,1,16,15
2016-10-23,32,Atletico-MG,Figueirense,Brasileirao Serie A 2016,4,3,17,10,,,2,3,16,15
2016-10-23,32,Chapecoense,Santos,Brasileirao Serie A 2016,11,1,20,3,,,2,3,13,16
2016-10-23,32,Coritiba,Fluminense,Brasileirao Serie A 2016,2,2,17,14,,,0,4,12,17
2016-10-23,32,Flamengo,Corinthians,Brasileirao Serie A 2016,13,2,20,10,,,2,3,13,19
2016-10-23,32,Gremio,Internacional,Brasileirao Serie A 2016,5,4,12,8,,,0,2,12,25
2016-10-23,32,Palmeiras,Sport,Brasileirao Serie A 2016,5,8,12,15,,,3,2,26,23
2016-10-23,32,Vitoria,Cruzeiro,Brasileirao Serie A 2016,3,6,16,13,,,2,2,20,16
2016-10-24,32,America-MG,Athletico-PR,Brasileirao Serie A 2016,5,2,13,4,,,,,8,9
2016-10-27,33,Sport,Ponte Preta,Brasileirao Serie A 2016,3,1,10,14,,,2,3,12,23
2016-10-28,33,Fluminense,Vitoria,Brasileirao Serie A 2016,9,2,16,20,,,3,2,20,22
2016-10-29,33,Athletico-PR,Cruzeiro,Brasileirao Serie A 2016,6,4,13,14,,,1,1,17,13
2016-10-29,33,Atletico-MG,Flamengo,Brasileirao Serie A 2016,7,6,12,15,,,0,1,12,14
2016-10-29,33,Botafogo-RJ,Coritiba,Brasileirao Serie A 2016,9,3,18,11,,,5,3,13,20
2016-10-29,33,Corinthians,Chapecoense,Brasileirao Serie A 2016,7,5,11,14,,,1,2,11,18
2016-10-29,33,Figueirense,Gremio,Brasileirao Serie A 2016,8,3,9,11,,,2,2,22,18
2016-10-29,33,Internacional,Santa Cruz,Brasileirao Serie A 2016,7,2,15,9,,,2,2,15,11
2016-10-29,33,Santos,Palmeiras,Brasileirao Serie A 2016,6,2,12,9,,,4,3,20,22
2016-10-31,33,America-MG,Sao Paulo,Brasileirao Serie A 2016,4,11,5,19,,,0,1,17,8
2016-11-05,34,Flamengo,Botafogo-RJ,Brasileirao Serie A 2016,2,2,14,15,,,3,3,14,26
2016-11-05,34,Sao Paulo,Corinthians,Brasileirao Serie A 2016,3,4,12,5,,,3,4,21,19
2016-11-06,34,Chapecoense,Figueirense,Brasileirao Serie A 2016,8,4,24,10,,,1,2,16,20
2016-11-06,34,Coritiba,Atletico-MG,Brasileirao Serie A 2016,5,2,16,12,,,1,3,12,11
2016-11-06,34,Cruzeiro,Fluminense,Brasileirao Serie A 2016,5,5,18,12,,,2,1,14,7
2016-11-06,34,Palmeiras,Internacional,Brasileirao Serie A 2016,4,2,7,12,,,,,10,19
2016-11-06,34,Ponte Preta,Santos,Brasileirao Serie A 2016,4,5,8,13,,,1,1,20,19
2016-11-06,34,Santa Cruz,America-MG,Brasileirao Serie A 2016,5,5,13,8,,,1,1,10,9
2016-11-06,34,Vitoria,Athletico-PR,Brasileirao Serie A 2016,9,2,25,8,,,2,2,13,18
2016-11-07,34,Gremio,Sport,Brasileirao Serie A 2016,5,0,14,14,,,4,3,11,10
2016-11-15,35,Fluminense,Athletico-PR,Brasileirao Serie A 2016,4,4,16,14,,,3,3,14,16
2016-11-16,35,America-MG,Flamengo,Brasileirao Serie A 2016,5,10,12,10,,,1,0,13,11
2016-11-16,35,Botafogo-RJ,Chapecoense,Brasileirao Serie A 2016,12,6,13,7,,,3,1,15,18
2016-11-16,35,Coritiba,Santa Cruz,Brasileirao Serie A 2016,0,5,12,8,,,3,2,18,13
2016-11-16,35,Figueirense,Corinthians,Brasileirao Serie A 2016,3,3,7,12,,,3,2,26,15
2016-11-16,35,Sport,Cruzeiro,Brasileirao Serie A 2016,7,7,18,11,,,2,2,10,11
2016-11-17,35,Atletico-MG,Palmeiras,Brasileirao Serie A 2016,3,3,12,12,,,2,4,18,27
2016-11-17,35,Internacional,Ponte Preta,Brasileirao Serie A 2016,6,4,9,9,,,1,3,15,19
2016-11-17,35,Santos,Vitoria,Brasileirao Serie A 2016,6,2,11,16,,,3,1,16,14
2016-11-17,35,Sao Paulo,Gremio,Brasileirao Serie A 2016,4,1,14,6,,,3,2,15,17
2016-11-20,36,Athletico-PR,Sport,Brasileirao Serie A 2016,5,6,13,8,,,0,2,11,12
2016-11-20,36,Chapecoense,Sao Paulo,Brasileirao Serie A 2016,1,6,9,21,,,1,1,20,19
2016-11-20,36,Cruzeiro,Santos,Brasileirao Serie A 2016,5,5,14,10,,,3,3,11,11
2016-11-20,36,Flamengo,Coritiba,Brasileirao Serie A 2016,5,3,12,20,,,1,2,15,18
2016-11-20,36,Gremio,America-MG,Brasileirao Serie A 2016,5,2,14,11,,,0,2,8,18
2016-11-20,36,Palmeiras,Botafogo-RJ,Brasileirao Serie A 2016,4,4,16,16,,,0,4,13,22
2016-11-20,36,Ponte Preta,Fluminense,Brasileirao Serie A 2016,4,6,12,8,,,3,2,20,18
2016-11-20,36,Santa Cruz,Atletico-MG,Brasileirao Serie A 2016,7,3,18,15,,,2,0,16,10
2016-11-20,36,Vitoria,Figueirense,Brasileirao Serie A 2016,7,6,20,14,,,4,2,20,16
2016-11-21,36,Corinthians,Internacional,Brasileirao Serie A 2016,10,3,16,10,,,2,2,22,22
2016-11-26,37,America-MG,Sport,Brasileirao Serie A 2016,5,4,14,12,,,1,3,13,15
2016-11-26,37,Botafogo-RJ,Ponte Preta,Brasileirao Serie A 2016,3,10,10,7,,,5,4,19,17
2016-11-26,37,Corinthians,Athletico-PR,Brasileirao Serie A 2016,12,4,22,8,,,3,2,6,9
2016-11-27,37,Atletico-MG,Sao Paulo,Brasileirao Serie A 2016,3,5,9,11,,,1,6,18,15
2016-11-27,37,Figueirense,Fluminense,Brasileirao Serie A 2016,4,4,11,5,,,3,3,26,28
2016-11-27,37,Flamengo,Santos,Brasileirao Serie A 2016,5,7,13,12,,,1,0,20,14
2016-11-27,37,Internacional,Cruzeiro,Brasileirao Serie A 2016,4,8,12,12,,,3,4,13,15
2016-11-27,37,Palmeiras,Chapecoense,Brasileirao Serie A 2016,5,2,21,6,,,1,2,25,24
2016-11-27,37,Santa Cruz,Gremio,Brasileirao Serie A 2016,3,4,21,5,,,3,4,12,16
2016-11-28,37,Coritiba,Vitoria,Brasileirao Serie A 2016,7,3,13,6,,,5,6,23,19
2016-12-11,38,Athletico-PR,Flamengo,Brasileirao Serie A 2016,6,4,14,8,,,2,5,15,12
2016-12-11,38,Cruzeiro,Corinthians,Brasileirao Serie A 2016,6,5,20,4,,,2,4,9,22
2016-12-11,38,Fluminense,Internacional,Brasileirao Serie A 2016,7,7,15,19,,,1,1,19,23
2016-12-11,38,Gremio,Botafogo-RJ,Brasileirao Serie A 2016,10,5,15,8,,,2,3,10,13
2016-12-11,38,Ponte Preta,Coritiba,Brasileirao Serie A 2016,13,4,17,8,,,0,1,14,15
2016-12-11,38,Santos,America-MG,Brasileirao Serie A 2016,9,2,13,8,,,0,1,6,9
2016-12-11,38,Sao Paulo,Santa Cruz,Brasileirao Serie A 2016,13,1,25,9,,,1,1,13,9
2016-12-11,38,Sport,Figueirense,Brasileirao Serie A 2016,6,2,16,4,,,5,2,22,22
2016-12-11,38,Vitoria,Palmeiras,Brasileirao Serie A 2016,7,2,14,10,,,1,6,15,16
2017-05-13,1,Corinthians,Chapecoense,Brasileirao Serie A 2017,1,7,5,16,2,2,2,2,10,12
2017-05-13,1,Flamengo,Atletico-MG,Brasileirao Serie A 2017,4,6,11,15,3,4,2,3,7,10
2017-05-14,1,Avai,Vitoria,Brasileirao Serie A 2017,7,4,12,12,2,1,0,2,6,15
2017-05-14,1,Bahia,Athletico-PR,Brasileirao Serie A 2017,14,3,28,11,9,5,,,11,11
2017-05-14,1,Cruzeiro,Sao Paulo,Brasileirao Serie A 2017,5,5,8,13,5,3,0,1,10,13
2017-05-14,1,Fluminense,Santos,Brasileirao Serie A 2017,5,8,9,20,5,7,1,5,15,18
2017-05-14,1,Gremio,Botafogo-RJ,Brasileirao Serie A 2017,6,4,20,9,9,0,2,5,13,19
2017-05-14,1,Palmeiras,Vasco,Brasileirao Serie A 2017,3,2,16,15,10,5,0,2,19,16
2017-05-14,1,Ponte Preta,Sport,Brasileirao Serie A 2017,4,2,11,4,6,0,0,2,13,17
2017-05-15,1,Coritiba,Atletico-GO,Brasileirao Serie A 2017,6,6,17,17,7,9,1,2,17,13
2017-05-20,2,Atletico-GO,Flamengo,Brasileirao Serie A 2017,4,7,8,20,0,11,2,1,11,13
2017-05-20,2,Chapecoense,Palmeiras,Brasileirao Serie A 2017,3,4,11,6,4,1,1,1,16,13
2017-05-20,2,Santos,Coritiba,Brasileirao Serie A 2017,3,4,7,23,3,11,6,4,24,17
2017-05-21,2,Athletico-PR,Gremio,Brasileirao Serie A 2017,5,3,18,6,1,4,2,3,11,16
2017-05-21,2,Atletico-MG,Fluminense,Brasileirao Serie A 2017,12,5,20,15,3,5,0,6,18,23
2017-05-21,2,Botafogo-RJ,Ponte Preta,Brasileirao Serie A 2017,1,6,11,15,6,3,1,0,15,12
2017-05-21,2,Sport,Cruzeiro,Brasileirao Serie A 2017,5,7,10,17,5,5,3,3,20,14
2017-05-21,2,Vasco,Bahia,Brasileirao Serie A 2017,10,5,16,9,10,3,4,1,13,23
2017-05-21,2,Vitoria,Corinthians,Brasileirao Serie A 2017,3,4,14,12,3,4,0,1,13,6
2017-05-22,2,Sao Paulo,Avai,Brasileirao Serie A 2017,5,6,11,8,4,0,1,2,16,10
2017-05-27,3,Sao Paulo,Palmeiras,Brasileirao Serie A 2017,9,3,8,10,5,1,3,1,13,16
2017-05-27,3,Vasco,Fluminense,Brasileirao Serie A 2017,3,7,18,13,7,6,2,3,11,11
2017-05-27,3,Vitoria,Coritiba,Brasileirao Serie A 2017,9,6,12,16,3,8,3,3,19,16
2017-05-28,3,Athletico-PR,Flamengo,Brasileirao Serie A 2017,5,5,13,14,6,4,1,0,10,12
2017-05-28,3,Atletico-GO,Corinthians,Brasileirao Serie A 2017,5,9,14,15,5,8,2,0,23,11
2017-05-28,3,Atletico-MG,Ponte Preta,Brasileirao Serie A 2017,6,6,10,15,7,5,2,2,16,14
2017-05-28,3,Botafogo-RJ,Bahia,Brasileirao Serie A 2017,2,11,11,17,4,10,1,1,20,18
2017-05-28,3,Santos,Cruzeiro,Brasileirao Serie A 2017,9,6,13,14,1,2,2,3,8,14
2017-05-28,3,Sport,Gremio,Brasileirao Serie A 2017,12,6,19,12,10,6,3,1,21,13
2017-05-29,3,Chapecoense,Avai,Brasileirao Serie A 2017,6,0,23,11,4,3,1,0,16,11
2017-06-03,4,Corinthians,Santos,Brasileirao Serie A 2017,9,1,19,5,4,0,0,1,11,9
2017-06-03,4,Coritiba,Athletico-PR,Brasileirao Serie A 2017,6,6,11,9,5,2,3,2,15,11
2017-06-03,4,Fluminense,Vitoria,Brasileirao Serie A 2017,5,2,17,7,6,2,0,5,18,22
2017-06-04,4,Avai,Sport,Brasileirao Serie A 2017,2,5,7,14,1,3,4,4,26,25
2017-06-04,4,Cruzeiro,Chapecoense,Brasileirao Serie A 2017,4,5,14,10,5,4,1,3,8,16
2017-06-04,4,Flamengo,Botafogo-RJ,Brasileirao Serie A 2017,11,2,19,5,2,1,2,2,19,19
2017-06-04,4,Gremio,Vasco,Brasileirao Serie A 2017,6,5,11,10,2,0,2,3,15,13
2017-06-04,4,Palmeiras,Atletico-MG,Brasileirao Serie A 2017,7,6,15,9,5,3,2,4,20,12
2017-06-04,4,Ponte Preta,Sao Paulo,Brasileirao Serie A 2017,7,7,10,11,5,3,2,5,13,12
2017-06-05,4,Bahia,Atletico-GO,Brasileirao Serie A 2017,7,4,18,8,8,3,0,2,21,27
2017-06-06,5,Fluminense,Athletico-PR,Brasileirao Serie A 2017,10,4,15,7,7,1,3,3,19,16
2017-06-07,5,Atletico-MG,Avai,Brasileirao Serie A 2017,2,10,7,13,4,3,3,1,20,10
2017-06-07,5,Coritiba,Palmeiras,Brasileirao Serie A 2017,2,8,5,12,3,4,4,3,14,17
2017-06-07,5,Santos,Botafogo-RJ,Brasileirao Serie A 2017,7,2,8,8,3,2,4,2,13,9
2017-06-07,5,Sport,Flamengo,Brasileirao Serie A 2017,3,8,14,17,5,7,2,2,17,16
2017-06-07,5,Vasco,Corinthians,Brasileirao Serie A 2017,14,1,27,10,9,6,0,3,10,14
2017-06-08,5,Atletico-GO,Ponte Preta,Brasileirao Serie A 2017,8,3,13,10,7,4,1,2,20,9
2017-06-08,5,Bahia,Cruzeiro,Brasileirao Serie A 2017,5,6,19,12,5,4,4,2,18,12
2017-06-08,5,Chapecoense,Gremio,Brasileirao Serie A 2017,5,1,18,10,7,7,4,3,22,9
2017-06-08,5,Sao Paulo,Vitoria,Brasileirao Serie A 2017,10,6,18,11,9,3,1,1,14,18
2017-06-10,6,Palmeiras,Fluminense,Brasileirao Serie A 2017,6,3,16,10,6,3,4,2,24,19
2017-06-10,6,Vasco,Sport,Brasileirao Serie A 2017,3,3,14,8,4,3,0,1,15,19
2017-06-11,6,Athletico-PR,Santos,Brasileirao Serie A 2017,7,4,16,10,2,5,1,0,15,12
2017-06-11,6,Avai,Flamengo,Brasileirao Serie A 2017,4,9,12,9,2,3,2,1,17,18
2017-06-11,6,Botafogo-RJ,Coritiba,Brasileirao Serie A 2017,5,5,13,8,6,4,4,3,14,28
2017-06-11,6,Corinthians,Sao Paulo,Brasileirao Serie A 2017,3,0,11,13,6,4,1,1,11,15
2017-06-11,6,Cruzeiro,Atletico-GO,Brasileirao Serie A 2017,7,2,19,5,9,3,3,4,11,21
2017-06-11,6,Ponte Preta,Chapecoense,Brasileirao Serie A 2017,1,6,5,17,3,7,2,4,8,22
2017-06-11,6,Vitoria,Atletico-MG,Brasileirao Serie A 2017,4,4,6,9,3,1,3,2,20,7
2017-06-12,6,Gremio,Bahia,Brasileirao Serie A 2017,11,4,18,7,5,3,0,1,15,16
2017-06-14,7,Atletico-GO,Avai,Brasileirao Serie A 2017,7,2,17,3,5,1,3,6,21,24
2017-06-14,7,Atletico-MG,Athletico-PR,Brasileirao Serie A 2017,12,6,24,6,3,2,2,4,11,10
2017-06-14,7,Chapecoense,Vasco,Brasileirao Serie A 2017,3,5,17,5,10,2,3,2,24,15
2017-06-14,7,Corinthians,Cruzeiro,Brasileirao Serie A 2017,6,7,7,18,3,2,0,1,9,16
2017-06-14,7,Flamengo,Ponte Preta,Brasileirao Serie A 2017,5,4,23,14,5,3,2,2,12,16
2017-06-14,7,Santos,Palmeiras,Brasileirao Serie A 2017,10,7,9,16,5,6,1,3,16,14
2017-06-14,7,Sport,Sao Paulo,Brasileirao Serie A 2017,5,1,7,7,3,1,1,1,21,14
2017-06-14,7,Vitoria,Botafogo-RJ,Brasileirao Serie A 2017,2,7,15,17,3,8,1,1,12,10
2017-06-15,7,Coritiba,Bahia,Brasileirao Serie A 2017,5,6,7,10,1,3,1,4,16,14
2017-06-15,7,Fluminense,Gremio,Brasileirao Serie A 2017,3,2,12,12,2,4,4,3,12,17
2017-06-17,8,Atletico-GO,Athletico-PR,Brasileirao Serie A 2017,11,0,24,9,6,3,1,5,16,15
2017-06-17,8,Santos,Ponte Preta,Brasileirao Serie A 2017,5,2,13,9,4,2,3,4,17,13
2017-06-17,8,Vasco,Avai,Brasileirao Serie A 2017,4,6,16,11,5,4,4,1,20,22
2017-06-18,8,Bahia,Palmeiras,Brasileirao Serie A 2017,3,5,15,17,9,5,2,5,14,23
2017-06-18,8,Chapecoense,Botafogo-RJ,Brasileirao Serie A 2017,8,3,21,7,6,4,0,2,11,13
2017-06-18,8,Coritiba,Corinthians,Brasileirao Serie A 2017,10,4,13,5,5,0,2,3,18,13
2017-06-18,8,Fluminense,Flamengo,Brasileirao Serie A 2017,3,4,12,14,4,5,1,6,16,25
2017-06-18,8,Sao Paulo,Atletico-MG,Brasileirao Serie A 2017,5,3,12,8,2,3,2,2,12,24
2017-06-18,8,Sport,Vitoria,Brasileirao Serie A 2017,5,5,11,13,6,6,,,10,19
2017-06-19,8,Cruzeiro,Gremio,Brasileirao Serie A 2017,2,8,17,15,5,7,5,2,12,14
2017-06-21,9,Athletico-PR,Sao Paulo,Brasileirao Serie A 2017,5,8,12,28,7,5,3,3,17,15
2017-06-21,9,Atletico-MG,Sport,Brasileirao Serie A 2017,3,2,5,12,2,6,2,1,23,26
2017-06-21,9,Avai,Fluminense,Brasileirao Serie A 2017,5,4,14,15,5,4,1,1,19,20
2017-06-21,9,Botafogo-RJ,Vasco,Brasileirao Serie A 2017,2,6,7,19,3,3,5,1,20,11
2017-06-21,9,Palmeiras,Atletico-GO,Brasileirao Serie A 2017,6,3,13,9,4,4,2,2,10,17
2017-06-21,9,Vitoria,Santos,Brasileirao Serie A 2017,8,5,17,10,3,6,2,1,15,10
2017-06-22,9,Corinthians,Bahia,Brasileirao Serie A 2017,5,9,16,18,5,1,2,2,15,12
2017-06-22,9,Flamengo,Chapecoense,Brasileirao Serie A 2017,6,7,20,13,11,2,3,1,21,13
2017-06-22,9,Gremio,Coritiba,Brasileirao Serie A 2017,6,3,17,12,12,6,2,0,18,11
2017-06-22,9,Ponte Preta,Cruzeiro,Brasileirao Serie A 2017,5,1,6,8,1,2,2,2,21,23
2017-06-24,10,Santos,Sport,Brasileirao Serie A 2017,9,0,9,9,3,3,0,1,13,17
2017-06-25,10,Athletico-PR,Vitoria,Brasileirao Serie A 2017,5,1,15,12,11,3,0,3,10,11
2017-06-25,10,Bahia,Flamengo,Brasileirao Serie A 2017,5,3,14,13,3,4,1,3,6,23
2017-06-25,10,Chapecoense,Atletico-MG,Brasileirao Serie A 2017,8,0,15,5,1,3,5,5,24,19
2017-06-25,10,Cruzeiro,Coritiba,Brasileirao Serie A 2017,8,9,22,9,9,2,0,2,15,26
2017-06-25,10,Gremio,Corinthians,Brasileirao Serie A 2017,7,2,15,5,6,3,4,5,16,16
2017-06-25,10,Ponte Preta,Palmeiras,Brasileirao Serie A 2017,2,4,9,6,2,2,6,3,21,28
2017-06-25,10,Sao Paulo,Fluminense,Brasileirao Serie A 2017,6,3,15,9,3,6,1,1,12,25
2017-06-25,10,Vasco,Atletico-GO,Brasileirao Serie A 2017,3,1,12,5,5,2,2,0,21,19
2017-06-26,10,Botafogo-RJ,Avai,Brasileirao Serie A 2017,17,2,31,8,9,2,1,2,11,10
2017-07-01,11,Atletico-GO,Santos,Brasileirao Serie A 2017,3,11,16,13,4,2,2,1,14,10
2017-07-01,11,Palmeiras,Gremio,Brasileirao Serie A 2017,4,0,14,6,1,2,3,1,23,14
2017-07-02,11,Atletico-MG,Cruzeiro,Brasileirao Serie A 2017,4,3,11,10,4,5,4,4,23,18
2017-07-02,11,Avai,Ponte Preta,Brasileirao Serie A 2017,6,5,10,18,3,3,2,2,14,25
2017-07-02,11,Corinthians,Botafogo-RJ,Brasileirao Serie A 2017,10,2,19,3,9,0,3,2,14,14
2017-07-02,11,Coritiba,Vasco,Brasileirao Serie A 2017,8,5,16,10,5,4,3,5,17,20
2017-07-02,11,Flamengo,Sao Paulo,Brasileirao Serie A 2017,10,0,15,12,7,2,1,1,17,14
2017-07-02,11,Sport,Athletico-PR,Brasileirao Serie A 2017,11,4,19,2,3,1,1,3,12,18
2017-07-02,11,Vitoria,Bahia,Brasileirao Serie A 2017,11,5,21,6,7,1,5,3,17,16
2017-07-03,11,Fluminense,Chapecoense,Brasileirao Serie A 2017,6,5,12,23,8,7,3,4,14,22
2017-07-08,12,Atletico-GO,Vitoria,Brasileirao Serie A 2017,14,4,18,9,5,6,1,4,12,23
2017-07-08,12,Corinthians,Ponte Preta,Brasileirao Serie A 2017,2,5,13,20,8,6,2,2,17,8
2017-07-08,12,Vasco,Flamengo,Brasileirao Serie A 2017,6,9,10,9,1,3,4,1,23,15
2017-07-09,12,Bahia,Fluminense,Brasileirao Serie A 2017,10,2,20,7,5,2,4,2,16,18
2017-07-09,12,Botafogo-RJ,Atletico-MG,Brasileirao Serie A 2017,4,7,11,9,3,6,1,3,14,27
2017-07-09,12,Chapecoense,Athletico-PR,Brasileirao Serie A 2017,10,2,26,4,6,3,1,3,18,13
2017-07-09,12,Cruzeiro,Palmeiras,Brasileirao Serie A 2017,1,9,11,8,6,1,1,4,12,15
2017-07-09,12,Gremio,Avai,Brasileirao Serie A 2017,11,5,19,8,11,3,1,4,9,17
2017-07-09,12,Santos,Sao Paulo,Brasileirao Serie A 2017,6,2,17,14,8,5,4,3,18,5
2017-07-10,12,Coritiba,Sport,Brasileirao Serie A 2017,10,2,16,12,6,6,2,2,16,18
2017-07-12,13,Athletico-PR,Cruzeiro,Brasileirao Serie A 2017,9,1,14,15,6,5,3,1,16,9
2017-07-12,13,Atletico-MG,Santos,Brasileirao Serie A 2017,15,4,24,10,6,3,1,2,9,13
2017-07-12,13,Fluminense,Botafogo-RJ,Brasileirao Serie A 2017,6,7,12,16,0,5,3,4,13,20
2017-07-12,13,Palmeiras,Corinthians,Brasileirao Serie A 2017,8,1,18,3,3,2,3,4,16,14
2017-07-12,13,Ponte Preta,Bahia,Brasileirao Serie A 2017,18,0,27,11,9,7,1,3,12,14
2017-07-12,13,Vitoria,Vasco,Brasileirao Serie A 2017,8,9,18,10,5,4,4,3,16,14
2017-07-13,13,Avai,Coritiba,Brasileirao Serie A 2017,6,3,10,9,2,8,2,2,14,18
2017-07-13,13,Flamengo,Gremio,Brasileirao Serie A 2017,8,2,23,4,7,3,2,2,12,20
2017-07-13,13,Sao Paulo,Atletico-GO,Brasileirao Serie A 2017,9,4,18,11,3,3,0,3,18,21
2017-07-13,13,Sport,Chapecoense,Brasileirao Serie A 2017,5,8,11,11,5,1,2,8,9,26
2017-07-15,14,Corinthians,Athletico-PR,Brasileirao Serie A 2017,8,3,19,11,9,4,,,5,11
2017-07-16,14,Atletico-GO,Atletico-MG,Brasileirao Serie A 2017,5,8,15,5,4,2,2,3,21,24
2017-07-16,14,Bahia,Avai,Brasileirao Serie A 2017,8,3,22,13,5,4,2,0,18,12
2017-07-16,14,Chapecoense,Sao Paulo,Brasileirao Serie A 2017,1,1,15,9,5,3,4,2,22,14
2017-07-16,14,Coritiba,Fluminense,Brasileirao Serie A 2017,3,3,14,6,4,2,4,4,19,18
2017-07-16,14,Cruzeiro,Flamengo,Brasileirao Serie A 2017,6,3,10,5,3,1,3,1,16,14
2017-07-16,14,Gremio,Ponte Preta,Brasileirao Serie A 2017,7,3,12,10,6,3,1,2,20,18
2017-07-16,14,Palmeiras,Vitoria,Brasileirao Serie A 2017,5,6,15,7,6,2,2,3,21,19
2017-07-16,14,Vasco,Santos,Brasileirao Serie A 2017,9,3,16,4,4,0,4,2,16,25
2017-07-17,14,Botafogo-RJ,Sport,Brasileirao Serie A 2017,3,6,11,10,6,3,4,3,14,16
2017-07-19,15,Atletico-MG,Bahia,Brasileirao Serie A 2017,8,3,24,11,9,5,4,6,19,18
2017-07-19,15,Avai,Corinthians,Brasileirao Serie A 2017,3,11,15,22,3,7,2,3,18,10
2017-07-19,15,Flamengo,Palmeiras,Brasileirao Serie A 2017,10,2,18,7,6,5,2,9,16,23
2017-07-19,15,Ponte Preta,Coritiba,Brasileirao Serie A 2017,4,1,13,13,7,6,1,0,12,12
2017-07-19,15,Santos,Chapecoense,Brasileirao Serie A 2017,13,7,7,18,5,5,5,2,13,17
2017-07-19,15,Sao Paulo,Vasco,Brasileirao Serie A 2017,1,4,11,12,3,5,3,3,26,20
2017-07-19,15,Vitoria,Gremio,Brasileirao Serie A 2017,7,0,16,7,2,5,3,3,18,7
2017-07-20,15,Athletico-PR,Botafogo-RJ,Brasileirao Serie A 2017,3,4,13,9,3,1,3,4,16,21
2017-07-20,15,Fluminense,Cruzeiro,Brasileirao Serie A 2017,8,4,17,15,6,6,3,3,21,18
2017-07-20,15,Sport,Atletico-GO,Brasileirao Serie A 2017,4,9,8,14,5,3,2,1,22,34
2017-07-22,16,Flamengo,Coritiba,Brasileirao Serie A 2017,6,1,19,9,6,3,1,6,20,24
2017-07-22,16,Vitoria,Chapecoense,Brasileirao Serie A 2017,6,4,10,14,4,7,2,5,13,19
2017-07-23,16,Athletico-PR,Ponte Preta,Brasileirao Serie A 2017,12,0,20,4,8,2,2,2,25,19
2017-07-23,16,Atletico-GO,Botafogo-RJ,Brasileirao Serie A 2017,4,4,27,12,5,4,1,4,12,20
2017-07-23,16,Atletico-MG,Vasco,Brasileirao Serie A 2017,7,5,13,11,3,4,5,3,24,16
2017-07-23,16,Avai,Cruzeiro,Brasileirao Serie A 2017,4,8,5,26,2,9,2,0,20,10
2017-07-23,16,Fluminense,Corinthians,Brasileirao Serie A 2017,6,6,19,12,5,1,2,2,15,13
2017-07-23,16,Santos,Bahia,Brasileirao Serie A 2017,4,7,11,19,5,5,1,1,10,19
2017-07-23,16,Sport,Palmeiras,Brasileirao Serie A 2017,6,3,12,7,1,4,3,4,21,31
2017-07-24,16,Sao Paulo,Gremio,Brasileirao Serie A 2017,5,8,6,10,2,5,1,3,17,14
2017-07-29,17,Botafogo-RJ,Sao Paulo,Brasileirao Serie A 2017,1,6,8,24,4,8,0,1,9,11
2017-07-29,17,Palmeiras,Avai,Brasileirao Serie A 2017,8,5,15,9,3,1,1,2,19,18
2017-07-30,17,Bahia,Sport,Brasileirao Serie A 2017,2,3,16,15,7,9,2,6,18,24
2017-07-30,17,Chapecoense,Atletico-GO,Brasileirao Serie A 2017,5,6,16,13,7,2,1,1,21,19
2017-07-30,17,Corinthians,Flamengo,Brasileirao Serie A 2017,2,11,9,16,3,2,0,1,9,16
2017-07-30,17,Coritiba,Atletico-MG,Brasileirao Serie A 2017,2,5,12,9,1,6,4,4,18,25
2017-07-30,17,Cruzeiro,Vitoria,Brasileirao Serie A 2017,3,2,13,9,6,3,4,4,15,23
2017-07-30,17,Gremio,Santos,Brasileirao Serie A 2017,3,4,23,4,9,1,3,5,14,17
2017-07-31,17,Vasco,Athletico-PR,Brasileirao Serie A 2017,6,3,18,7,5,3,3,3,13,20
2017-08-02,18,Atletico-GO,Gremio,Brasileirao Serie A 2017,3,3,13,10,1,4,4,2,20,21
2017-08-02,18,Atletico-MG,Corinthians,Brasileirao Serie A 2017,10,4,16,12,4,4,3,1,19,12
2017-08-02,18,Botafogo-RJ,Palmeiras,Brasileirao Serie A 2017,8,6,12,15,3,3,5,2,22,14
2017-08-02,18,Chapecoense,Bahia,Brasileirao Serie A 2017,3,5,7,12,4,3,5,3,26,17
2017-08-02,18,Santos,Flamengo,Brasileirao Serie A 2017,10,8,14,13,5,6,2,2,18,15
2017-08-02,18,Sport,Fluminense,Brasileirao Serie A 2017,15,3,26,10,7,4,5,4,14,18
2017-08-02,18,Vitoria,Ponte Preta,Brasileirao Serie A 2017,7,4,15,12,4,5,3,1,20,7
2017-08-03,18,Athletico-PR,Avai,Brasileirao Serie A 2017,3,6,18,9,6,1,1,2,9,18
2017-08-03,18,Sao Paulo,Coritiba,Brasileirao Serie A 2017,10,2,26,7,10,4,4,5,18,15
2017-08-03,18,Vasco,Cruzeiro,Brasileirao Serie A 2017,6,4,11,13,1,6,4,1,12,18
2017-08-05,19,Corinthians,Sport,Brasileirao Serie A 2017,3,5,10,12,4,7,1,2,2,10
2017-08-05,19,Fluminense,Atletico-GO,Brasileirao Serie A 2017,3,7,10,13,6,3,1,3,13,12
2017-08-06,19,Avai,Santos,Brasileirao Serie A 2017,4,8,12,13,3,3,3,1,22,16
2017-08-06,19,Bahia,Sao Paulo,Brasileirao Serie A 2017,2,8,11,11,5,4,4,2,20,12
2017-08-06,19,Coritiba,Chapecoense,Brasileirao Serie A 2017,3,6,8,9,3,2,,,13,21
2017-08-06,19,Cruzeiro,Botafogo-RJ,Brasileirao Serie A 2017,7,1,22,7,4,1,3,3,16,15
2017-08-06,19,Flamengo,Vitoria,Brasileirao Serie A 2017,5,0,14,10,6,6,4,2,15,21
2017-08-06,19,Gremio,Atletico-MG,Brasileirao Serie A 2017,0,8,7,10,4,4,3,1,18,13
2017-08-06,19,Palmeiras,Athletico-PR,Brasileirao Serie A 2017,7,3,19,7,3,5,1,3,10,22
2017-08-06,19,Ponte Preta,Vasco,Brasileirao Serie A 2017,7,2,13,6,3,0,1,4,17,16
2017-08-09,17,Ponte Preta,Fluminense,Brasileirao Serie A 2017,12,5,15,9,3,3,1,1,14,12
2017-08-12,20,Atletico-GO,Coritiba,Brasileirao Serie A 2017,6,5,9,10,2,3,2,3,27,20
2017-08-12,20,Vitoria,Avai,Brasileirao Serie A 2017,7,4,20,8,6,1,1,3,14,11
2017-08-13,20,Athletico-PR,Bahia,Brasileirao Serie A 2017,8,5,19,11,9,3,2,4,13,15
2017-08-13,20,Atletico-MG,Flamengo,Brasileirao Serie A 2017,7,5,20,9,6,1,4,1,22,17
2017-08-13,20,Botafogo-RJ,Gremio,Brasileirao Serie A 2017,4,8,13,14,7,5,3,1,18,15
2017-08-13,20,Sao Paulo,Cruzeiro,Brasileirao Serie A 2017,4,7,9,19,4,4,4,3,19,18
2017-08-13,20,Sport,Ponte Preta,Brasileirao Serie A 2017,8,1,9,9,2,5,1,1,14,10
2017-08-13,20,Vasco,Palmeiras,Brasileirao Serie A 2017,9,5,12,7,2,3,1,2,17,13
2017-08-14,20,Santos,Fluminense,Brasileirao Serie A 2017,5,4,15,7,3,2,2,2,7,10
2017-08-19,21,Corinthians,Vitoria,Brasileirao Serie A 2017,9,1,16,5,4,3,1,2,9,21
2017-08-19,21,Flamengo,Atletico-GO,Brasileirao Serie A 2017,6,3,17,13,6,3,2,3,12,13
2017-08-20,21,Avai,Sao Paulo,Brasileirao Serie A 2017,5,9,12,15,3,7,1,3,17,16
2017-08-20,21,Bahia,Vasco,Brasileirao Serie A 2017,3,6,11,9,5,0,0,4,18,18
2017-08-20,21,Coritiba,Santos,Brasileirao Serie A 2017,8,5,12,20,4,2,3,1,13,7
2017-08-20,21,Cruzeiro,Sport,Brasileirao Serie A 2017,5,3,11,9,5,0,1,0,11,12
2017-08-20,21,Gremio,Athletico-PR,Brasileirao Serie A 2017,2,2,7,14,1,3,2,2,11,26
2017-08-20,21,Palmeiras,Chapecoense,Brasileirao Serie A 2017,14,3,13,13,3,5,1,4,11,24
2017-08-20,21,Ponte Preta,Botafogo-RJ,Brasileirao Serie A 2017,7,3,12,14,6,1,4,4,18,18
2017-08-23,20,Chapecoense,Corinthians,Brasileirao Serie A 2017,1,3,13,7,4,2,1,4,13,7
2017-08-26,22,Corinthians,Atletico-GO,Brasileirao Serie A 2017,11,4,31,8,7,3,1,5,15,17
2017-08-26,22,Fluminense,Vasco,Brasileirao Serie A 2017,2,1,8,20,1,4,2,4,14,12
2017-08-27,22,Avai,Chapecoense,Brasileirao Serie A 2017,1,7,9,13,2,3,4,5,18,22
2017-08-27,22,Bahia,Botafogo-RJ,Brasileirao Serie A 2017,7,3,13,12,4,4,2,0,14,9
2017-08-27,22,Cruzeiro,Santos,Brasileirao Serie A 2017,7,5,18,9,5,3,0,2,13,18
2017-08-27,22,Flamengo,Athletico-PR,Brasileirao Serie A 2017,6,1,17,12,6,3,0,2,6,11
2017-08-27,22,Palmeiras,Sao Paulo,Brasileirao Serie A 2017,8,2,25,10,8,3,1,2,12,8
2017-08-27,22,Ponte Preta,Atletico-MG,Brasileirao Serie A 2017,3,4,11,16,6,6,4,4,20,19
2017-08-28,22,Coritiba,Vitoria,Brasileirao Serie A 2017,7,3,9,15,6,5,2,2,18,22
2017-09-02,22,Gremio,Sport,Brasileirao Serie A 2017,3,2,14,5,7,2,1,5,8,21
2017-09-09,23,Atletico-MG,Palmeiras,Brasileirao Serie A 2017,9,4,21,9,6,5,3,3,14,18
2017-09-09,23,Sao Paulo,Ponte Preta,Brasileirao Serie A 2017,3,7,9,13,3,6,2,1,12,9
2017-09-09,23,Vasco,Gremio,Brasileirao Serie A 2017,0,8,8,14,2,3,3,0,18,11
2017-09-10,23,Athletico-PR,Coritiba,Brasileirao Serie A 2017,6,2,17,4,6,1,1,3,16,15
2017-09-10,23,Botafogo-RJ,Flamengo,Brasileirao Serie A 2017,5,15,16,17,5,2,,,10,16
2017-09-10,23,Chapecoense,Cruzeiro,Brasileirao Serie A 2017,9,3,15,13,6,7,2,1,15,17
2017-09-10,23,Santos,Corinthians,Brasileirao Serie A 2017,5,5,14,14,8,4,3,5,9,17
2017-09-10,23,Sport,Avai,Brasileirao Serie A 2017,9,3,27,11,3,5,4,5,13,17
2017-09-10,23,Vitoria,Fluminense,Brasileirao Serie A 2017,6,3,19,8,4,4,1,3,9,11
2017-09-11,23,Atletico-GO,Bahia,Brasileirao Serie A 2017,5,8,10,11,3,4,1,2,16,11
2017-09-16,24,Botafogo-RJ,Santos,Brasileirao Serie A 2017,4,10,15,15,8,0,2,2,14,12
2017-09-16,24,Ponte Preta,Atletico-GO,Brasileirao Serie A 2017,6,3,14,17,4,8,2,2,22,20
2017-09-17,24,Athletico-PR,Fluminense,Brasileirao Serie A 2017,5,3,16,10,8,2,3,3,15,13
2017-09-17,24,Avai,Atletico-MG,Brasileirao Serie A 2017,4,5,9,17,1,4,2,2,17,16
2017-09-17,24,Corinthians,Vasco,Brasileirao Serie A 2017,7,6,16,13,3,4,1,2,15,9
2017-09-17,24,Cruzeiro,Bahia,Brasileirao Serie A 2017,12,10,11,13,5,5,5,1,12,19
2017-09-17,24,Flamengo,Sport,Brasileirao Serie A 2017,2,5,14,6,4,2,0,3,13,18
2017-09-17,24,Gremio,Chapecoense,Brasileirao Serie A 2017,9,6,17,8,4,5,1,5,6,19
2017-09-17,24,Vitoria,Sao Paulo,Brasileirao Serie A 2017,3,8,14,17,5,7,3,2,21,16
2017-09-18,24,Palmeiras,Coritiba,Brasileirao Serie A 2017,10,6,17,5,8,2,3,3,18,17
2017-09-23,25,Flamengo,Avai,Brasileirao Serie A 2017,11,8,30,12,8,5,2,0,14,16
2017-09-23,25,Santos,Athletico-PR,Brasileirao Serie A 2017,4,6,21,17,6,5,1,1,7,14
2017-09-24,25,Atletico-GO,Cruzeiro,Brasileirao Serie A 2017,4,6,20,13,4,2,4,2,16,18
2017-09-24,25,Atletico-MG,Vitoria,Brasileirao Serie A 2017,5,4,9,7,4,3,1,2,10,21
2017-09-24,25,Bahia,Gremio,Brasileirao Serie A 2017,3,4,15,14,6,4,4,5,18,17
2017-09-24,25,Chapecoense,Ponte Preta,Brasileirao Serie A 2017,6,3,12,10,4,2,4,3,16,19
2017-09-24,25,Coritiba,Botafogo-RJ,Brasileirao Serie A 2017,7,3,16,9,4,5,2,3,20,19
2017-09-24,25,Fluminense,Palmeiras,Brasileirao Serie A 2017,9,5,8,15,2,4,2,2,26,9
2017-09-24,25,Sao Paulo,Corinthians,Brasileirao Serie A 2017,7,4,13,11,6,2,2,4,13,12
2017-09-25,25,Sport,Vasco,Brasileirao Serie A 2017,10,3,13,13,3,2,1,4,13,16
2017-09-30,26,Bahia,Coritiba,Brasileirao Serie A 2017,5,3,11,12,3,2,4,5,13,18
2017-09-30,26,Palmeiras,Santos,Brasileirao Serie A 2017,10,1,17,9,1,4,3,5,18,22
2017-09-30,26,Vasco,Chapecoense,Brasileirao Serie A 2017,3,4,22,13,8,5,3,0,15,22
2017-10-01,26,Athletico-PR,Atletico-MG,Brasileirao Serie A 2017,13,6,18,6,5,3,1,4,17,16
2017-10-01,26,Avai,Atletico-GO,Brasileirao Serie A 2017,7,3,8,10,1,4,2,2,14,24
2017-10-01,26,Botafogo-RJ,Vitoria,Brasileirao Serie A 2017,1,4,11,14,5,5,2,2,11,21
2017-10-01,26,Cruzeiro,Corinthians,Brasileirao Serie A 2017,5,5,11,10,3,5,3,4,15,14
2017-10-01,26,Gremio,Fluminense,Brasileirao Serie A 2017,6,2,21,9,10,2,1,2,12,18
2017-10-01,26,Sao Paulo,Sport,Brasileirao Serie A 2017,5,8,7,15,7,5,0,2,12,15
2017-10-02,26,Ponte Preta,Flamengo,Brasileirao Serie A 2017,2,4,7,12,3,1,5,3,23,17
2017-10-07,28,Cruzeiro,Ponte Preta,Brasileirao Serie A 2017,9,3,17,6,6,4,5,0,8,12
2017-10-11,27,Athletico-PR,Atletico-GO,Brasileirao Serie A 2017,5,4,16,9,6,3,3,2,15,17
2017-10-11,27,Atletico-MG,Sao Paulo,Brasileirao Serie A 2017,9,10,25,9,7,2,1,3,16,12
2017-10-11,27,Avai,Vasco,Brasileirao Serie A 2017,9,2,19,11,5,6,5,2,23,28
2017-10-11,27,Botafogo-RJ,Chapecoense,Brasileirao Serie A 2017,4,3,12,6,2,3,1,3,12,20
2017-10-11,27,Corinthians,Coritiba,Brasileirao Serie A 2017,10,6,16,11,5,4,1,3,8,16
2017-10-11,27,Gremio,Cruzeiro,Brasileirao Serie A 2017,7,2,12,13,3,4,,,15,13
2017-10-12,27,Flamengo,Fluminense,Brasileirao Serie A 2017,10,4,13,13,4,4,2,4,17,16
2017-10-12,27,Palmeiras,Bahia,Brasileirao Serie A 2017,2,7,13,17,4,10,1,2,23,24
2017-10-12,27,Ponte Preta,Santos,Brasileirao Serie A 2017,4,10,8,14,1,5,2,2,20,11
2017-10-12,27,Vitoria,Sport,Brasileirao Serie A 2017,7,4,11,10,3,4,1,3,18,13
2017-10-14,28,Sao Paulo,Athletico-PR,Brasileirao Serie A 2017,6,0,23,7,8,2,1,2,6,12
2017-10-14,28,Vasco,Botafogo-RJ,Brasileirao Serie A 2017,7,1,11,17,1,2,5,3,16,13
2017-10-15,28,Atletico-GO,Palmeiras,Brasileirao Serie A 2017,2,3,14,15,4,9,1,1,18,13
2017-10-15,28,Bahia,Corinthians,Brasileirao Serie A 2017,7,4,7,8,3,3,0,2,11,16
2017-10-15,28,Chapecoense,Flamengo,Brasileirao Serie A 2017,7,2,15,16,4,5,2,2,23,17
2017-10-15,28,Coritiba,Gremio,Brasileirao Serie A 2017,2,11,13,6,4,1,4,3,14,16
2017-10-15,28,Fluminense,Avai,Brasileirao Serie A 2017,6,6,19,6,4,2,2,2,18,12
2017-10-15,28,Sport,Atletico-MG,Brasileirao Serie A 2017,6,3,20,12,6,2,2,2,19,14
2017-10-16,28,Santos,Vitoria,Brasileirao Serie A 2017,5,12,14,21,6,6,2,4,12,15
2017-10-18,29,Atletico-GO,Vasco,Brasileirao Serie A 2017,7,5,10,10,4,4,2,2,23,10
2017-10-18,29,Atletico-MG,Chapecoense,Brasileirao Serie A 2017,6,4,4,17,2,7,1,3,16,15
2017-10-18,29,Avai,Botafogo-RJ,Brasileirao Serie A 2017,8,4,17,10,6,2,2,4,20,22
2017-10-18,29,Corinthians,Gremio,Brasileirao Serie A 2017,2,4,7,10,0,3,1,1,13,14
2017-10-18,29,Coritiba,Cruzeiro,Brasileirao Serie A 2017,7,7,16,13,3,2,1,1,7,9
2017-10-18,29,Fluminense,Sao Paulo,Brasileirao Serie A 2017,4,1,12,10,6,2,2,0,23,12
2017-10-19,29,Flamengo,Bahia,Brasileirao Serie A 2017,7,2,16,12,8,3,5,4,23,11
2017-10-19,29,Palmeiras,Ponte Preta,Brasileirao Serie A 2017,10,4,14,8,7,0,0,4,14,18
2017-10-19,29,Sport,Santos,Brasileirao Serie A 2017,11,1,29,8,8,3,1,5,17,23
2017-10-19,29,Vitoria,Athletico-PR,Brasileirao Serie A 2017,9,4,20,9,7,7,0,3,11,12
2017-10-21,30,Vasco,Coritiba,Brasileirao Serie A 2017,8,2,11,7,4,2,1,2,10,15
2017-10-22,30,Athletico-PR,Sport,Brasileirao Serie A 2017,5,4,17,9,8,1,0,2,15,13
2017-10-22,30,Bahia,Vitoria,Brasileirao Serie A 2017,5,2,8,9,6,2,2,3,12,17
2017-10-22,30,Chapecoense,Fluminense,Brasileirao Serie A 2017,4,3,9,13,3,3,1,1,22,12
2017-10-22,30,Cruzeiro,Atletico-MG,Brasileirao Serie A 2017,6,3,15,14,5,5,2,4,23,14
2017-10-22,30,Gremio,Palmeiras,Brasileirao Serie A 2017,2,4,6,12,2,5,2,1,17,19
2017-10-22,30,Ponte Preta,Avai,Brasileirao Serie A 2017,12,5,29,11,2,3,5,2,19,19
2017-10-22,30,Santos,Atletico-GO,Brasileirao Serie A 2017,10,2,18,14,8,3,1,1,15,14
2017-10-22,30,Sao Paulo,Flamengo,Brasileirao Serie A 2017,3,8,5,10,3,3,1,1,14,12
2017-10-23,30,Botafogo-RJ,Corinthians,Brasileirao Serie A 2017,6,2,17,8,6,3,3,2,19,14
2017-10-28,31,Athletico-PR,Chapecoense,Brasileirao Serie A 2017,6,4,15,6,4,2,1,4,6,20
2017-10-28,31,Flamengo,Vasco,Brasileirao Serie A 2017,5,2,14,8,4,0,1,1,16,12
2017-10-28,31,Sao Paulo,Santos,Brasileirao Serie A 2017,7,4,15,7,5,2,1,6,12,31
2017-10-29,31,Atletico-MG,Botafogo-RJ,Brasileirao Serie A 2017,8,3,16,9,2,1,1,2,21,16
2017-10-29,31,Avai,Gremio,Brasileirao Serie A 2017,10,4,21,8,7,4,1,2,13,19
2017-10-29,31,Fluminense,Bahia,Brasileirao Serie A 2017,2,4,11,6,5,1,1,3,19,17
2017-10-29,31,Ponte Preta,Corinthians,Brasileirao Serie A 2017,3,8,8,19,2,7,4,1,19,12
2017-10-29,31,Sport,Coritiba,Brasileirao Serie A 2017,11,7,21,16,10,11,3,6,21,21
2017-10-29,31,Vitoria,Atletico-GO,Brasileirao Serie A 2017,16,2,15,6,8,2,1,3,19,18
2017-10-30,31,Palmeiras,Cruzeiro,Brasileirao Serie A 2017,15,2,24,4,10,4,0,2,9,9
2017-11-04,32,Atletico-GO,Sao Paulo,Brasileirao Serie A 2017,2,4,6,12,1,2,2,0,17,9
2017-11-04,32,Botafogo-RJ,Fluminense,Brasileirao Serie A 2017,1,5,6,17,3,2,3,4,16,16
2017-11-04,32,Coritiba,Avai,Brasileirao Serie A 2017,3,6,15,7,7,2,1,2,15,6
2017-11-04,32,Santos,Atletico-MG,Brasileirao Serie A 2017,10,7,16,14,5,4,1,3,12,18
2017-11-05,32,Bahia,Ponte Preta,Brasileirao Serie A 2017,7,7,17,7,6,0,1,2,16,18
2017-11-05,32,Chapecoense,Sport,Brasileirao Serie A 2017,0,2,9,7,5,3,3,3,21,16
2017-11-05,32,Corinthians,Palmeiras,Brasileirao Serie A 2017,6,7,13,16,8,2,6,5,21,11
2017-11-05,32,Cruzeiro,Athletico-PR,Brasileirao Serie A 2017,4,5,16,9,4,2,1,2,9,13
2017-11-05,32,Gremio,Flamengo,Brasileirao Serie A 2017,2,3,11,9,6,2,,,12,14
2017-11-05,32,Vasco,Vitoria,Brasileirao Serie A 2017,1,3,3,17,2,6,3,4,17,23
2017-11-08,33,Athletico-PR,Corinthians,Brasileirao Serie A 2017,9,2,16,7,1,3,2,1,11,11
2017-11-08,33,Avai,Bahia,Brasileirao Serie A 2017,10,3,22,10,5,6,2,2,18,25
2017-11-08,33,Flamengo,Cruzeiro,Brasileirao Serie A 2017,6,2,16,8,5,2,2,3,17,10
2017-11-08,33,Ponte Preta,Gremio,Brasileirao Serie A 2017,9,3,20,8,8,2,4,3,19,14
2017-11-08,33,Santos,Vasco,Brasileirao Serie A 2017,6,6,8,20,3,6,2,5,14,14
2017-11-08,33,Sport,Botafogo-RJ,Brasileirao Serie A 2017,9,0,15,6,4,3,2,4,13,20
2017-11-08,33,Vitoria,Palmeiras,Brasileirao Serie A 2017,3,4,8,12,4,3,3,1,20,10
2017-11-09,33,Atletico-MG,Atletico-GO,Brasileirao Serie A 2017,8,2,13,11,5,3,6,5,19,13
2017-11-09,33,Fluminense,Coritiba,Brasileirao Serie A 2017,7,10,13,17,2,7,3,4,11,20
2017-11-09,33,Sao Paulo,Chapecoense,Brasileirao Serie A 2017,13,3,17,6,5,2,1,2,8,14
2017-11-11,34,Botafogo-RJ,Athletico-PR,Brasileirao Serie A 2017,5,2,14,6,4,3,0,1,13,14
2017-11-11,34,Corinthians,Avai,Brasileirao Serie A 2017,7,6,17,7,5,2,3,3,15,12
2017-11-12,34,Atletico-GO,Sport,Brasileirao Serie A 2017,2,9,6,12,3,3,0,3,20,15
2017-11-12,34,Bahia,Atletico-MG,Brasileirao Serie A 2017,8,2,21,11,6,6,1,4,12,13
2017-11-12,34,Coritiba,Ponte Preta,Brasileirao Serie A 2017,5,10,9,14,3,3,2,2,17,15
2017-11-12,34,Cruzeiro,Fluminense,Brasileirao Serie A 2017,8,5,17,12,8,5,4,2,13,8
2017-11-12,34,Gremio,Vitoria,Brasileirao Serie A 2017,8,2,16,8,5,2,0,1,14,16
2017-11-12,34,Palmeiras,Flamengo,Brasileirao Serie A 2017,4,5,10,11,5,1,0,1,12,18
2017-11-12,34,Vasco,Sao Paulo,Brasileirao Serie A 2017,5,3,25,7,3,1,2,2,15,15
2017-11-13,34,Chapecoense,Santos,Brasileirao Serie A 2017,4,6,12,9,5,3,0,3,10,16
2017-11-15,35,Corinthians,Fluminense,Brasileirao Serie A 2017,3,8,14,11,4,2,1,6,12,26
2017-11-15,35,Cruzeiro,Avai,Brasileirao Serie A 2017,8,1,23,9,8,3,4,2,10,9
2017-11-15,35,Gremio,Sao Paulo,Brasileirao Serie A 2017,7,3,13,9,5,4,1,3,16,12
2017-11-15,35,Ponte Preta,Athletico-PR,Brasileirao Serie A 2017,5,6,8,5,5,2,1,3,12,10
2017-11-15,35,Vasco,Atletico-MG,Brasileirao Serie A 2017,14,4,21,12,7,5,1,0,12,17
2017-11-16,35,Bahia,Santos,Brasileirao Serie A 2017,3,11,10,12,4,7,3,2,17,16
2017-11-16,35,Botafogo-RJ,Atletico-GO,Brasileirao Serie A 2017,8,5,19,13,3,5,1,3,12,17
2017-11-16,35,Chapecoense,Vitoria,Brasileirao Serie A 2017,4,1,9,8,4,3,1,4,17,18
2017-11-16,35,Coritiba,Flamengo,Brasileirao Serie A 2017,4,3,5,13,1,4,3,5,20,12
2017-11-16,35,Palmeiras,Sport,Brasileirao Serie A 2017,5,8,16,15,5,7,0,2,7,15
2017-11-19,36,Athletico-PR,Vasco,Brasileirao Serie A 2017,7,5,19,13,6,4,1,2,8,8
2017-11-19,36,Atletico-GO,Chapecoense,Brasileirao Serie A 2017,4,5,14,15,5,5,4,4,12,23
2017-11-19,36,Atletico-MG,Coritiba,Brasileirao Serie A 2017,5,11,10,10,6,3,2,5,10,15
2017-11-19,36,Flamengo,Corinthians,Brasileirao Serie A 2017,6,8,16,14,6,6,4,4,20,16
2017-11-19,36,Santos,Gremio,Brasileirao Serie A 2017,5,5,11,12,7,2,2,2,22,14
2017-11-19,36,Sao Paulo,Botafogo-RJ,Brasileirao Serie A 2017,4,5,9,11,2,4,2,3,13,17
2017-11-19,36,Sport,Bahia,Brasileirao Serie A 2017,8,3,15,8,6,2,4,3,21,16
2017-11-19,36,Vitoria,Cruzeiro,Brasileirao Serie A 2017,3,7,12,19,4,3,3,2,20,7
2017-11-20,36,Avai,Palmeiras,Brasileirao Serie A 2017,2,3,9,21,4,8,2,2,9,10
2017-11-20,36,Fluminense,Ponte Preta,Brasileirao Serie A 2017,9,0,20,8,10,3,2,1,16,15
2017-11-25,37,Fluminense,Sport,Brasileirao Serie A 2017,4,6,12,21,5,8,4,2,9,19
2017-11-26,37,Avai,Athletico-PR,Brasileirao Serie A 2017,5,9,13,14,5,2,3,1,19,15
2017-11-26,37,Bahia,Chapecoense,Brasileirao Serie A 2017,9,5,14,9,3,4,4,3,16,21
2017-11-26,37,Corinthians,Atletico-MG,Brasileirao Serie A 2017,7,7,19,9,5,3,4,1,15,10
2017-11-26,37,Coritiba,Sao Paulo,Brasileirao Serie A 2017,4,8,12,9,7,3,4,1,16,12
2017-11-26,37,Cruzeiro,Vasco,Brasileirao Serie A 2017,11,3,21,9,6,4,3,2,16,20
2017-11-26,37,Flamengo,Santos,Brasileirao Serie A 2017,7,1,28,3,9,2,3,4,14,17
2017-11-26,37,Gremio,Atletico-GO,Brasileirao Serie A 2017,4,7,10,15,4,2,2,3,14,16
2017-11-26,37,Ponte Preta,Vitoria,Brasileirao Serie A 2017,3,10,9,24,7,10,3,6,11,19
2017-11-27,37,Palmeiras,Botafogo-RJ,Brasileirao Serie A 2017,8,4,11,14,6,4,3,4,19,17
2017-12-03,38,Athletico-PR,Palmeiras,Brasileirao Serie A 2017,6,5,10,17,6,1,3,5,16,14
2017-12-03,38,Atletico-GO,Fluminense,Brasileirao Serie A 2017,4,13,11,17,4,9,1,4,16,18
2017-12-03,38,Atletico-MG,Gremio,Brasileirao Serie A 2017,7,2,22,9,8,5,7,1,17,20
2017-12-03,38,Botafogo-RJ,Cruzeiro,Brasileirao Serie A 2017,4,5,13,8,6,2,1,5,13,28
2017-12-03,38,Chapecoense,Coritiba,Brasileirao Serie A 2017,12,6,15,13,8,4,3,2,18,11
2017-12-03,38,Santos,Avai,Brasileirao Serie A 2017,3,7,20,14,5,4,2,1,17,11
2017-12-03,38,Sao Paulo,Bahia,Brasileirao Serie A 2017,8,0,13,10,3,3,4,4,20,29
2017-12-03,38,Sport,Corinthians,Brasileirao Serie A 2017,10,0,9,9,4,4,3,2,19,18
2017-12-03,38,Vasco,Ponte Preta,Brasileirao Serie A 2017,5,4,14,10,8,1,5,5,18,16
2017-12-03,38,Vitoria,Flamengo,Brasileirao Serie A 2017,4,2,18,12,4,3,2,3,17,13
2018-04-14,1,Cruzeiro,Gremio,Brasileirao Serie A 2018,7,4,12,6,2,2,3,1,20,15
2018-04-14,1,Santos,Ceara,Brasileirao Serie A 2018,4,2,22,10,3,2,0,1,7,5
2018-04-14,1,Vitoria,Flamengo,Brasileirao Serie A 2018,4,5,21,10,6,5,3,2,24,10
2018-04-15,1,America-MG,Sport,Brasileirao Serie A 2018,2,6,14,15,4,5,1,3,11,12
2018-04-15,1,Athletico-PR,Chapecoense,Brasileirao Serie A 2018,3,9,18,14,8,1,1,3,10,16
2018-04-15,1,Corinthians,Fluminense,Brasileirao Serie A 2018,6,2,11,13,2,3,,,14,15
2018-04-15,1,Internacional,Bahia,Brasileirao Serie A 2018,4,3,13,12,4,2,2,0,16,18
2018-04-15,1,Vasco,Atletico-MG,Brasileirao Serie A 2018,9,3,19,11,7,6,4,3,11,18
2018-04-16,1,Botafogo-RJ,Palmeiras,Brasileirao Serie A 2018,8,3,13,7,3,4,1,4,7,23
2018-04-16,1,Sao Paulo,Parana,Brasileirao Serie A 2018,7,7,10,7,5,1,4,2,20,15
2018-04-21,2,Bahia,Santos,Brasileirao Serie A 2018,7,6,12,8,5,2,4,3,29,21
2018-04-21,2,Flamengo,America-MG,Brasileirao Serie A 2018,6,12,14,18,5,5,1,1,15,17
2018-04-22,2,Atletico-MG,Vitoria,Brasileirao Serie A 2018,6,5,12,11,5,3,2,4,22,19
2018-04-22,2,Ceara,Sao Paulo,Brasileirao Serie A 2018,7,7,14,11,3,3,1,1,12,7
2018-04-22,2,Chapecoense,Vasco,Brasileirao Serie A 2018,3,3,10,17,2,4,1,2,13,8
2018-04-22,2,Fluminense,Cruzeiro,Brasileirao Serie A 2018,1,7,3,16,1,6,3,2,13,19
2018-04-22,2,Gremio,Athletico-PR,Brasileirao Serie A 2018,7,4,22,7,6,1,3,2,9,15
2018-04-22,2,Palmeiras,Internacional,Brasileirao Serie A 2018,8,9,13,7,2,2,2,2,14,15
2018-04-22,2,Parana,Corinthians,Brasileirao Serie A 2018,5,2,17,9,6,4,1,1,16,16
2018-04-23,2,Sport,Botafogo-RJ,Brasileirao Serie A 2018,10,7,20,10,11,1,1,3,14,15
2018-04-28,3,Botafogo-RJ,Gremio,Brasileirao Serie A 2018,10,4,19,9,6,1,1,1,14,12
2018-04-29,3,Atletico-MG,Corinthians,Brasileirao Serie A 2018,10,0,18,5,5,1,4,3,25,15
2018-04-29,3,Bahia,Athletico-PR,Brasileirao Serie A 2018,8,2,23,9,7,2,2,2,22,12
2018-04-29,3,Ceara,Flamengo,Brasileirao Serie A 2018,2,5,8,18,1,7,1,2,18,12
2018-04-29,3,Fluminense,Sao Paulo,Brasileirao Serie A 2018,7,8,12,14,2,3,3,2,17,16
2018-04-29,3,Internacional,Cruzeiro,Brasileirao Serie A 2018,18,4,22,8,6,0,4,3,15,14
2018-04-29,3,Palmeiras,Chapecoense,Brasileirao Serie A 2018,14,1,16,7,4,0,4,6,17,17
2018-04-29,3,Parana,Sport,Brasileirao Serie A 2018,8,1,28,10,12,3,1,1,14,15
2018-04-30,3,America-MG,Vitoria,Brasileirao Serie A 2018,8,7,15,14,8,5,1,2,14,12
2018-05-05,4,Sao Paulo,Atletico-MG,Brasileirao Serie A 2018,6,7,7,9,2,5,4,4,17,14
2018-05-05,4,Vasco,America-MG,Brasileirao Serie A 2018,3,3,18,4,7,1,4,4,14,24
2018-05-06,4,Athletico-PR,Palmeiras,Brasileirao Serie A 2018,3,6,9,15,4,6,1,2,10,15
2018-05-06,4,Corinthians,Ceara,Brasileirao Serie A 2018,12,2,14,4,4,3,2,4,12,20
2018-05-06,4,Cruzeiro,Botafogo-RJ,Brasileirao Serie A 2018,8,6,23,7,6,1,1,4,19,12
2018-05-06,4,Flamengo,Internacional,Brasileirao Serie A 2018,6,6,17,11,7,4,5,4,12,15
2018-05-06,4,Gremio,Santos,Brasileirao Serie A 2018,8,1,18,8,8,2,1,3,15,22
2018-05-06,4,Sport,Bahia,Brasileirao Serie A 2018,9,7,20,7,9,1,1,1,18,21
2018-05-06,4,Vitoria,Fluminense,Brasileirao Serie A 2018,3,9,7,18,1,4,2,1,18,7
2018-05-07,4,Chapecoense,Parana,Brasileirao Serie A 2018,6,4,13,18,2,3,1,2,10,16
2018-05-12,5,Gremio,Internacional,Brasileirao Serie A 2018,11,1,11,5,1,1,3,4,13,24
2018-05-13,5,Athletico-PR,Atletico-MG,Brasileirao Serie A 2018,6,10,18,23,8,11,2,2,15,16
2018-05-13,5,Bahia,Sao Paulo,Brasileirao Serie A 2018,3,3,11,10,5,4,5,3,20,14
2018-05-13,5,Chapecoense,Flamengo,Brasileirao Serie A 2018,3,7,11,14,3,4,2,3,18,17
2018-05-13,5,Corinthians,Palmeiras,Brasileirao Serie A 2018,10,3,11,10,5,4,2,3,15,21
2018-05-13,5,Cruzeiro,Sport,Brasileirao Serie A 2018,7,4,15,10,5,4,2,3,18,16
2018-05-13,5,Santos,Parana,Brasileirao Serie A 2018,6,5,10,14,5,4,1,2,12,14
2018-05-13,5,Vasco,Vitoria,Brasileirao Serie A 2018,7,2,20,9,7,3,2,3,16,19
2018-05-14,5,Botafogo-RJ,Fluminense,Brasileirao Serie A 2018,5,9,8,22,5,9,2,2,12,12
2018-05-14,5,Ceara,America-MG,Brasileirao Serie A 2018,8,2,24,11,9,4,1,3,16,18
2018-05-19,6,Atletico-MG,Cruzeiro,Brasileirao Serie A 2018,3,6,18,11,5,2,3,1,13,15
2018-05-19,6,Flamengo,Vasco,Brasileirao Serie A 2018,6,11,11,16,3,7,2,3,16,24
2018-05-19,6,Palmeiras,Bahia,Brasileirao Serie A 2018,5,4,14,13,6,4,3,2,17,13
2018-05-20,6,America-MG,Botafogo-RJ,Brasileirao Serie A 2018,5,2,14,9,2,1,2,4,20,11
2018-05-20,6,Fluminense,Athletico-PR,Brasileirao Serie A 2018,3,6,14,18,6,3,1,2,13,18
2018-05-20,6,Parana,Gremio,Brasileirao Serie A 2018,1,9,6,8,0,2,2,1,16,18
2018-05-20,6,Sao Paulo,Santos,Brasileirao Serie A 2018,4,2,14,7,1,1,3,2,13,6
2018-05-20,6,Sport,Corinthians,Brasileirao Serie A 2018,3,5,14,5,5,2,2,3,18,17
2018-05-20,6,Vitoria,Ceara,Brasileirao Serie A 2018,7,4,14,16,3,6,4,0,11,17
2018-05-21,6,Internacional,Chapecoense,Brasileirao Serie A 2018,2,2,13,10,3,2,1,2,14,15
2018-05-26,7,Atletico-MG,Flamengo,Brasileirao Serie A 2018,14,1,18,7,3,4,1,4,15,13
2018-05-26,7,Fluminense,Chapecoense,Brasileirao Serie A 2018,1,6,11,16,5,5,1,1,21,14
2018-05-26,7,Palmeiras,Sport,Brasileirao Serie A 2018,9,3,16,13,5,6,3,2,17,10
2018-05-27,7,America-MG,Sao Paulo,Brasileirao Serie A 2018,9,7,12,12,4,6,4,3,22,19
2018-05-27,7,Bahia,Vasco,Brasileirao Serie A 2018,4,2,14,6,6,1,1,5,20,16
2018-05-27,7,Botafogo-RJ,Vitoria,Brasileirao Serie A 2018,6,1,8,6,3,1,1,4,10,18
2018-05-27,7,Ceara,Gremio,Brasileirao Serie A 2018,6,3,11,11,1,5,4,2,15,13
2018-05-27,7,Internacional,Corinthians,Brasileirao Serie A 2018,12,2,19,4,7,2,3,1,13,10
2018-05-27,7,Parana,Athletico-PR,Brasileirao Serie A 2018,10,4,15,6,2,1,3,1,8,14
2018-05-27,7,Santos,Cruzeiro,Brasileirao Serie A 2018,5,7,16,17,6,4,1,4,12,12
2018-05-30,8,Chapecoense,Ceara,Brasileirao Serie A 2018,9,2,20,9,5,3,2,3,17,13
2018-05-30,8,Cruzeiro,Palmeiras,Brasileirao Serie A 2018,3,3,8,6,1,4,3,6,26,18
2018-05-30,8,Gremio,Fluminense,Brasileirao Serie A 2018,8,0,20,6,6,3,1,5,19,13
2018-05-30,8,Sao Paulo,Botafogo-RJ,Brasileirao Serie A 2018,3,3,15,11,7,3,2,3,19,16
2018-05-30,8,Sport,Atletico-MG,Brasileirao Serie A 2018,1,3,15,13,6,7,4,2,14,10
2018-05-30,8,Vasco,Parana,Brasileirao Serie A 2018,4,2,13,10,4,2,3,3,24,18
2018-05-30,8,Vitoria,Internacional,Brasileirao Serie A 2018,10,4,22,11,6,3,3,2,14,12
2018-05-31,8,Athletico-PR,Santos,Brasileirao Serie A 2018,4,7,17,17,9,3,1,1,14,6
2018-05-31,8,Corinthians,America-MG,Brasileirao Serie A 2018,1,4,12,13,3,6,2,2,14,13
2018-05-31,8,Flamengo,Bahia,Brasileirao Serie A 2018,4,5,16,17,6,7,0,2,10,7
2018-06-02,9,Atletico-MG,Chapecoense,Brasileirao Serie A 2018,6,3,22,7,5,3,2,3,15,19
2018-06-02,9,Internacional,Sport,Brasileirao Serie A 2018,14,3,18,11,3,3,3,3,14,14
2018-06-02,9,Palmeiras,Sao Paulo,Brasileirao Serie A 2018,5,9,8,8,3,3,4,4,22,23
2018-06-02,9,Vasco,Botafogo-RJ,Brasileirao Serie A 2018,4,7,14,13,4,5,2,4,12,16
2018-06-03,9,America-MG,Athletico-PR,Brasileirao Serie A 2018,9,5,21,7,7,2,1,2,9,15
2018-06-03,9,Bahia,Gremio,Brasileirao Serie A 2018,5,1,15,10,2,4,2,5,18,16
2018-06-03,9,Ceara,Cruzeiro,Brasileirao Serie A 2018,1,6,9,13,4,7,2,4,13,15
2018-06-03,9,Flamengo,Corinthians,Brasileirao Serie A 2018,8,7,19,15,4,2,3,1,14,18
2018-06-03,9,Santos,Vitoria,Brasileirao Serie A 2018,8,11,21,14,10,6,0,4,12,16
2018-06-04,9,Parana,Fluminense,Brasileirao Serie A 2018,4,7,12,13,5,4,6,3,14,16
2018-06-05,10,Sao Paulo,Internacional,Brasileirao Serie A 2018,6,3,9,13,3,3,4,2,30,8
2018-06-06,10,Botafogo-RJ,Ceara,Brasileirao Serie A 2018,4,4,18,7,4,2,0,3,17,17
2018-06-06,10,Corinthians,Santos,Brasileirao Serie A 2018,8,11,14,19,4,7,3,2,12,15
2018-06-06,10,Cruzeiro,Vasco,Brasileirao Serie A 2018,12,1,18,5,3,3,1,1,8,14
2018-06-06,10,Gremio,Palmeiras,Brasileirao Serie A 2018,5,7,14,9,5,3,2,5,13,30
2018-06-06,10,Sport,Athletico-PR,Brasileirao Serie A 2018,1,6,10,10,3,3,2,4,13,20
2018-06-06,10,Vitoria,Chapecoense,Brasileirao Serie A 2018,3,5,14,11,6,3,3,2,20,15
2018-06-07,10,America-MG,Atletico-MG,Brasileirao Serie A 2018,11,6,17,12,3,4,2,2,13,7
2018-06-07,10,Fluminense,Flamengo,Brasileirao Serie A 2018,10,7,11,9,3,8,5,2,16,7
2018-06-07,10,Parana,Bahia,Brasileirao Serie A 2018,3,6,12,10,2,4,4,2,17,18
2018-06-09,11,Athletico-PR,Sao Paulo,Brasileirao Serie A 2018,5,3,14,9,5,3,3,3,15,18
2018-06-09,11,Chapecoense,Cruzeiro,Brasileirao Serie A 2018,3,6,10,8,3,2,2,3,22,17
2018-06-09,11,Corinthians,Vitoria,Brasileirao Serie A 2018,10,6,18,13,2,3,2,2,14,19
2018-06-09,11,Vasco,Sport,Brasileirao Serie A 2018,1,2,13,13,7,2,4,3,27,10
2018-06-10,11,Atletico-MG,Fluminense,Brasileirao Serie A 2018,4,7,16,15,9,4,2,2,15,9
2018-06-10,11,Bahia,Botafogo-RJ,Brasileirao Serie A 2018,13,1,21,12,9,5,4,2,24,9
2018-06-10,11,Ceara,Palmeiras,Brasileirao Serie A 2018,4,4,17,9,6,3,3,2,15,12
2018-06-10,11,Flamengo,Parana,Brasileirao Serie A 2018,9,5,11,7,5,0,2,0,11,8
2018-06-10,11,Gremio,America-MG,Brasileirao Serie A 2018,7,4,12,10,4,3,2,3,14,13
2018-06-10,11,Santos,Internacional,Brasileirao Serie A 2018,7,2,15,14,4,4,3,4,10,20
2018-06-12,12,Sao Paulo,Vitoria,Brasileirao Serie A 2018,6,1,14,9,5,5,3,3,24,17
2018-06-13,12,America-MG,Chapecoense,Brasileirao Serie A 2018,3,8,12,10,3,2,5,0,13,15
2018-06-13,12,Atletico-MG,Ceara,Brasileirao Serie A 2018,8,5,22,7,6,1,1,0,10,10
2018-06-13,12,Bahia,Corinthians,Brasileirao Serie A 2018,7,8,22,11,10,2,2,1,19,11
2018-06-13,12,Botafogo-RJ,Athletico-PR,Brasileirao Serie A 2018,8,9,21,20,7,3,0,2,11,9
2018-06-13,12,Fluminense,Santos,Brasileirao Serie A 2018,2,7,13,6,1,2,2,3,16,12
2018-06-13,12,Internacional,Vasco,Brasileirao Serie A 2018,4,7,14,10,6,6,2,0,13,11
2018-06-13,12,Palmeiras,Flamengo,Brasileirao Serie A 2018,4,6,15,13,5,8,4,6,21,18
2018-06-13,12,Parana,Cruzeiro,Brasileirao Serie A 2018,3,4,7,10,1,4,8,2,23,23
2018-06-13,12,Sport,Gremio,Brasileirao Serie A 2018,4,2,10,5,1,3,3,2,14,16
2018-07-18,13,Ceara,Sport,Brasileirao Serie A 2018,6,5,17,11,3,4,,,15,12
2018-07-18,13,Corinthians,Botafogo-RJ,Brasileirao Serie A 2018,3,10,8,24,3,8,2,3,19,13
2018-07-18,13,Flamengo,Sao Paulo,Brasileirao Serie A 2018,9,5,26,16,7,2,3,3,11,17
2018-07-18,13,Gremio,Atletico-MG,Brasileirao Serie A 2018,5,2,23,4,5,1,1,2,10,19
2018-07-18,13,Vitoria,Parana,Brasileirao Serie A 2018,5,5,13,7,4,2,2,2,24,22
2018-07-19,13,Athletico-PR,Internacional,Brasileirao Serie A 2018,4,6,20,14,6,3,3,5,11,16
2018-07-19,13,Chapecoense,Bahia,Brasileirao Serie A 2018,5,3,5,11,3,5,1,2,12,19
2018-07-19,13,Cruzeiro,America-MG,Brasileirao Serie A 2018,3,5,15,8,6,2,3,1,11,8
2018-07-19,13,Santos,Palmeiras,Brasileirao Serie A 2018,8,2,17,13,4,7,4,6,15,16
2018-07-19,13,Vasco,Fluminense,Brasileirao Serie A 2018,2,4,16,14,4,5,4,2,21,21
2018-07-21,14,Flamengo,Botafogo-RJ,Brasileirao Serie A 2018,1,6,9,17,4,4,0,1,17,15
2018-07-21,14,Sao Paulo,Corinthians,Brasileirao Serie A 2018,10,7,18,12,8,3,2,7,9,21
2018-07-22,14,Bahia,Vitoria,Brasileirao Serie A 2018,5,7,14,10,7,4,3,4,18,26
2018-07-22,14,Chapecoense,Santos,Brasileirao Serie A 2018,15,3,11,14,2,1,1,4,10,13
2018-07-22,14,Cruzeiro,Athletico-PR,Brasileirao Serie A 2018,9,3,18,6,8,2,1,3,7,14
2018-07-22,14,Palmeiras,Atletico-MG,Brasileirao Serie A 2018,2,7,10,14,4,7,2,2,20,18
2018-07-22,14,Parana,America-MG,Brasileirao Serie A 2018,3,3,13,9,6,1,3,3,23,10
2018-07-22,14,Sport,Fluminense,Brasileirao Serie A 2018,11,4,17,15,5,5,1,5,14,17
2018-07-22,14,Vasco,Gremio,Brasileirao Serie A 2018,8,10,9,17,4,5,4,6,12,17
2018-07-23,14,Internacional,Ceara,Brasileirao Serie A 2018,4,0,10,8,5,4,2,3,12,13
2018-07-25,15,Atletico-MG,Parana,Brasileirao Serie A 2018,5,7,6,21,4,8,1,1,16,15
2018-07-25,15,Corinthians,Cruzeiro,Brasileirao Serie A 2018,3,4,12,14,4,5,0,2,9,10
2018-07-25,15,Fluminense,Palmeiras,Brasileirao Serie A 2018,2,3,10,13,3,3,2,2,18,16
2018-07-25,15,Santos,Flamengo,Brasileirao Serie A 2018,10,8,13,13,2,3,1,1,17,14
2018-07-26,15,America-MG,Internacional,Brasileirao Serie A 2018,3,11,6,13,4,5,2,2,12,9
2018-07-26,15,Botafogo-RJ,Chapecoense,Brasileirao Serie A 2018,6,8,11,11,6,1,2,3,20,16
2018-07-26,15,Gremio,Sao Paulo,Brasileirao Serie A 2018,9,3,12,9,3,6,4,5,23,19
2018-07-26,15,Vitoria,Sport,Brasileirao Serie A 2018,5,7,15,9,4,3,2,2,17,14
2018-07-28,16,Ceara,Fluminense,Brasileirao Serie A 2018,9,3,15,11,2,3,5,1,22,13
2018-07-29,16,Athletico-PR,Vitoria,Brasileirao Serie A 2018,6,1,12,7,6,3,3,5,20,17
2018-07-29,16,Chapecoense,Gremio,Brasileirao Serie A 2018,10,3,16,8,2,4,1,3,12,15
2018-07-29,16,Cruzeiro,Sao Paulo,Brasileirao Serie A 2018,4,2,14,9,3,4,2,1,11,11
2018-07-29,16,Flamengo,Sport,Brasileirao Serie A 2018,8,2,22,9,9,1,1,1,12,11
2018-07-29,16,Internacional,Botafogo-RJ,Brasileirao Serie A 2018,5,4,15,9,9,3,1,2,13,14
2018-07-29,16,Palmeiras,Parana,Brasileirao Serie A 2018,8,4,24,9,12,2,2,2,20,17
2018-07-29,16,Santos,America-MG,Brasileirao Serie A 2018,14,2,29,2,4,1,2,2,8,13
2018-07-29,16,Vasco,Corinthians,Brasileirao Serie A 2018,4,2,12,10,4,5,4,0,17,11
2018-07-30,16,Bahia,Atletico-MG,Brasileirao Serie A 2018,6,3,21,5,6,2,4,2,15,18
2018-08-04,17,Botafogo-RJ,Santos,Brasileirao Serie A 2018,5,2,16,9,2,3,1,5,12,19
2018-08-04,17,Corinthians,Athletico-PR,Brasileirao Serie A 2018,2,9,10,16,4,4,2,2,8,13
2018-08-04,17,Gremio,Flamengo,Brasileirao Serie A 2018,3,1,10,9,4,1,3,4,21,17
2018-08-05,17,America-MG,Palmeiras,Brasileirao Serie A 2018,2,9,8,14,4,4,1,2,16,18
2018-08-05,17,Fluminense,Bahia,Brasileirao Serie A 2018,6,8,10,10,2,2,4,2,12,18
2018-08-05,17,Parana,Ceara,Brasileirao Serie A 2018,13,2,22,5,7,1,4,2,15,21
2018-08-05,17,Sao Paulo,Vasco,Brasileirao Serie A 2018,5,2,11,9,4,3,2,2,27,9
2018-08-05,17,Sport,Chapecoense,Brasileirao Serie A 2018,8,5,20,8,4,3,1,1,14,20
2018-08-05,17,Vitoria,Cruzeiro,Brasileirao Serie A 2018,8,8,16,11,5,4,3,5,19,20
2018-08-06,17,Atletico-MG,Internacional,Brasileirao Serie A 2018,6,2,12,8,3,4,1,1,13,13
2018-08-08,20,Ceara,Santos,Brasileirao Serie A 2018,8,3,23,8,9,3,3,2,11,13
2018-08-11,18,Bahia,America-MG,Brasileirao Serie A 2018,9,2,21,6,6,2,1,4,11,13
2018-08-11,18,Ceara,Athletico-PR,Brasileirao Serie A 2018,3,9,14,14,4,2,3,3,15,14
2018-08-12,18,Atletico-MG,Santos,Brasileirao Serie A 2018,3,4,14,9,6,3,2,0,17,8
2018-08-12,18,Chapecoense,Corinthians,Brasileirao Serie A 2018,7,5,13,13,4,5,1,2,18,20
2018-08-12,18,Flamengo,Cruzeiro,Brasileirao Serie A 2018,5,2,9,9,4,3,3,3,28,17
2018-08-12,18,Gremio,Vitoria,Brasileirao Serie A 2018,1,1,14,13,8,3,1,3,20,17
2018-08-12,18,Palmeiras,Vasco,Brasileirao Serie A 2018,5,3,10,7,4,1,1,2,17,16
2018-08-12,18,Parana,Botafogo-RJ,Brasileirao Serie A 2018,4,4,14,15,2,4,3,4,11,9
2018-08-12,18,Sport,Sao Paulo,Brasileirao Serie A 2018,2,3,15,17,7,5,1,3,7,15
2018-08-13,18,Fluminense,Internacional,Brasileirao Serie A 2018,7,7,19,13,6,7,3,3,8,17
2018-08-18,19,Corinthians,Gremio,Brasileirao Serie A 2018,5,7,9,12,3,9,1,1,8,8
2018-08-18,19,Santos,Sport,Brasileirao Serie A 2018,4,4,11,12,6,4,3,2,20,21
2018-08-19,19,America-MG,Fluminense,Brasileirao Serie A 2018,4,4,10,11,1,4,2,0,13,8
2018-08-19,19,Athletico-PR,Flamengo,Brasileirao Serie A 2018,5,5,14,15,8,6,3,1,15,10
2018-08-19,19,Botafogo-RJ,Atletico-MG,Brasileirao Serie A 2018,4,3,13,20,4,8,2,4,13,12
2018-08-19,19,Cruzeiro,Bahia,Brasileirao Serie A 2018,3,5,12,9,2,1,2,2,14,13
2018-08-19,19,Internacional,Parana,Brasileirao Serie A 2018,15,3,17,9,6,2,3,5,16,16
2018-08-19,19,Sao Paulo,Chapecoense,Brasileirao Serie A 2018,2,6,6,7,3,2,2,1,17,20
2018-08-19,19,Vitoria,Palmeiras,Brasileirao Serie A 2018,3,3,9,26,2,12,2,1,25,18
2018-08-20,19,Vasco,Ceara,Brasileirao Serie A 2018,4,6,16,12,6,2,1,0,16,21
2018-08-22,20,Bahia,Internacional,Brasileirao Serie A 2018,3,5,20,14,2,5,1,2,15,18
2018-08-22,20,Fluminense,Corinthians,Brasileirao Serie A 2018,8,3,15,4,4,1,1,2,12,8
2018-08-22,20,Gremio,Cruzeiro,Brasileirao Serie A 2018,6,2,10,7,6,5,2,4,13,16
2018-08-22,20,Palmeiras,Botafogo-RJ,Brasileirao Serie A 2018,11,3,22,10,6,4,2,4,14,17
2018-08-22,20,Parana,Sao Paulo,Brasileirao Serie A 2018,4,9,16,14,2,4,3,1,14,12
2018-08-22,20,Sport,America-MG,Brasileirao Serie A 2018,4,4,15,6,6,3,2,2,9,21
2018-08-23,20,Atletico-MG,Vasco,Brasileirao Serie A 2018,12,1,20,11,4,4,2,4,16,15
2018-08-23,20,Flamengo,Vitoria,Brasileirao Serie A 2018,7,4,15,4,5,1,2,2,18,19
2018-08-25,21,Athletico-PR,Gremio,Brasileirao Serie A 2018,8,1,16,7,6,2,2,2,18,17
2018-08-25,21,Botafogo-RJ,Sport,Brasileirao Serie A 2018,9,2,17,8,7,1,2,2,21,13
2018-08-25,21,Corinthians,Parana,Brasileirao Serie A 2018,8,7,17,13,7,3,3,3,18,20
2018-08-25,21,Cruzeiro,Fluminense,Brasileirao Serie A 2018,6,5,12,7,3,3,4,3,17,14
2018-08-25,21,Santos,Bahia,Brasileirao Serie A 2018,6,4,5,7,3,0,1,2,25,17
2018-08-26,21,America-MG,Flamengo,Brasileirao Serie A 2018,3,6,12,11,2,6,3,2,12,9
2018-08-26,21,Internacional,Palmeiras,Brasileirao Serie A 2018,5,4,14,20,4,3,2,3,14,24
2018-08-26,21,Sao Paulo,Ceara,Brasileirao Serie A 2018,8,5,19,8,4,3,3,6,13,21
2018-08-26,21,Vasco,Chapecoense,Brasileirao Serie A 2018,6,4,15,8,6,4,3,2,18,20
2018-08-26,21,Vitoria,Atletico-MG,Brasileirao Serie A 2018,6,4,19,17,4,4,2,3,17,12
2018-08-29,15,Athletico-PR,Vasco,Brasileirao Serie A 2018,8,5,11,16,3,3,1,2,15,14
2018-08-29,15,Ceara,Bahia,Brasileirao Serie A 2018,11,2,22,6,6,3,3,4,16,25
2018-09-01,22,Corinthians,Atletico-MG,Brasileirao Serie A 2018,6,3,7,10,1,2,1,3,16,21
2018-09-01,22,Gremio,Botafogo-RJ,Brasileirao Serie A 2018,5,6,18,12,8,0,2,3,12,19
2018-09-01,22,Vasco,Santos,Brasileirao Serie A 2018,8,3,17,9,1,4,1,1,12,11
2018-09-01,22,Vitoria,America-MG,Brasileirao Serie A 2018,5,3,21,5,9,3,5,1,21,10
2018-09-02,22,Athletico-PR,Bahia,Brasileirao Serie A 2018,4,2,24,9,11,3,2,2,14,9
2018-09-02,22,Chapecoense,Palmeiras,Brasileirao Serie A 2018,3,5,11,12,2,5,4,4,14,23
2018-09-02,22,Cruzeiro,Internacional,Brasileirao Serie A 2018,8,5,19,14,4,4,3,2,16,14
2018-09-02,22,Flamengo,Ceara,Brasileirao Serie A 2018,12,1,26,9,9,4,2,2,16,14
2018-09-02,22,Sao Paulo,Fluminense,Brasileirao Serie A 2018,5,5,7,11,4,0,2,2,14,16
2018-09-02,22,Sport,Parana,Brasileirao Serie A 2018,11,3,16,15,5,3,3,2,19,12
2018-09-05,23,Atletico-MG,Sao Paulo,Brasileirao Serie A 2018,2,9,10,16,3,5,3,1,17,18
2018-09-05,23,Bahia,Sport,Brasileirao Serie A 2018,8,4,13,10,8,2,1,1,19,19
2018-09-05,23,Botafogo-RJ,Cruzeiro,Brasileirao Serie A 2018,5,2,15,8,6,2,3,3,13,17
2018-09-05,23,Ceara,Corinthians,Brasileirao Serie A 2018,7,4,17,11,7,3,6,2,19,19
2018-09-05,23,Internacional,Flamengo,Brasileirao Serie A 2018,4,3,7,11,5,4,4,1,13,13
2018-09-05,23,Palmeiras,Athletico-PR,Brasileirao Serie A 2018,6,6,10,7,4,1,2,3,16,18
2018-09-05,23,Parana,Chapecoense,Brasileirao Serie A 2018,11,3,16,12,3,6,2,2,24,19
2018-09-06,23,America-MG,Vasco,Brasileirao Serie A 2018,4,5,10,7,5,3,1,1,19,12
2018-09-06,23,Fluminense,Vitoria,Brasileirao Serie A 2018,9,5,17,4,5,1,1,1,11,8
2018-09-06,23,Santos,Gremio,Brasileirao Serie A 2018,5,1,7,8,2,3,2,1,14,8
2018-09-08,24,Flamengo,Chapecoense,Brasileirao Serie A 2018,8,3,15,9,6,3,2,2,17,13
2018-09-08,24,Sao Paulo,Bahia,Brasileirao Serie A 2018,11,4,12,10,2,2,3,2,16,19
2018-09-08,24,Sport,Cruzeiro,Brasileirao Serie A 2018,8,4,11,10,1,2,3,1,22,19
2018-09-09,24,America-MG,Ceara,Brasileirao Serie A 2018,3,4,7,12,0,3,1,1,16,10
2018-09-09,24,Fluminense,Botafogo-RJ,Brasileirao Serie A 2018,6,7,14,14,4,3,3,4,21,14
2018-09-09,24,Internacional,Gremio,Brasileirao Serie A 2018,5,4,11,13,4,2,5,5,17,15
2018-09-09,24,Palmeiras,Corinthians,Brasileirao Serie A 2018,8,3,13,4,3,0,2,3,14,16
2018-09-09,24,Parana,Santos,Brasileirao Serie A 2018,3,2,18,5,4,3,4,3,15,18
2018-09-09,24,Vitoria,Vasco,Brasileirao Serie A 2018,2,5,7,13,1,4,4,1,19,19
2018-09-10,24,Atletico-MG,Athletico-PR,Brasileirao Serie A 2018,6,6,12,16,5,5,4,5,13,14
2018-09-13,20,Chapecoense,Athletico-PR,Brasileirao Serie A 2018,8,4,16,11,3,5,1,3,19,18
2018-09-15,25,Ceara,Vitoria,Brasileirao Serie A 2018,4,3,17,8,3,1,2,4,23,21
2018-09-15,25,Gremio,Parana,Brasileirao Serie A 2018,4,3,21,8,4,1,1,1,11,13
2018-09-15,25,Vasco,Flamengo,Brasileirao Serie A 2018,6,13,17,22,7,5,3,2,19,13
2018-09-16,25,Athletico-PR,Fluminense,Brasileirao Serie A 2018,5,3,16,11,9,3,3,2,15,14
2018-09-16,25,Bahia,Palmeiras,Brasileirao Serie A 2018,6,3,9,7,3,1,1,2,14,11
2018-09-16,25,Botafogo-RJ,America-MG,Brasileirao Serie A 2018,5,1,14,10,4,1,1,1,13,18
2018-09-16,25,Corinthians,Sport,Brasileirao Serie A 2018,5,6,14,13,5,6,2,1,16,19
2018-09-16,25,Cruzeiro,Atletico-MG,Brasileirao Serie A 2018,6,3,12,8,3,2,3,1,19,16
2018-09-16,25,Santos,Sao Paulo,Brasileirao Serie A 2018,4,4,14,6,3,2,7,4,15,15
2018-09-17,25,Chapecoense,Internacional,Brasileirao Serie A 2018,6,4,19,14,5,5,4,2,14,15
2018-09-22,26,Sao Paulo,America-MG,Brasileirao Serie A 2018,6,2,13,7,4,3,1,1,14,12
2018-09-23,26,Athletico-PR,Parana,Brasileirao Serie A 2018,6,3,15,11,9,3,0,4,15,11
2018-09-23,26,Corinthians,Internacional,Brasileirao Serie A 2018,2,3,9,8,5,2,0,2,13,11
2018-09-23,26,Cruzeiro,Santos,Brasileirao Serie A 2018,4,6,6,13,4,7,2,2,17,12
2018-09-23,26,Flamengo,Atletico-MG,Brasileirao Serie A 2018,4,6,7,15,2,4,2,2,26,15
2018-09-23,26,Gremio,Ceara,Brasileirao Serie A 2018,17,0,20,6,8,4,3,1,12,9
2018-09-23,26,Sport,Palmeiras,Brasileirao Serie A 2018,6,5,12,9,2,4,2,2,16,16
2018-09-23,26,Vitoria,Botafogo-RJ,Brasileirao Serie A 2018,3,1,13,11,3,7,1,4,15,17
2018-09-24,26,Chapecoense,Fluminense,Brasileirao Serie A 2018,7,2,11,9,4,5,2,3,19,19
2018-09-24,26,Vasco,Bahia,Brasileirao Serie A 2018,4,8,10,15,3,6,5,2,12,15
2018-09-27,3,Santos,Vasco,Brasileirao Serie A 2018,10,6,13,14,3,3,1,2,11,17
2018-09-29,27,America-MG,Corinthians,Brasileirao Serie A 2018,1,5,10,16,2,7,0,1,8,4
2018-09-29,27,Bahia,Flamengo,Brasileirao Serie A 2018,4,3,13,11,3,5,2,1,16,17
2018-09-29,27,Fluminense,Gremio,Brasileirao Serie A 2018,7,2,14,7,2,6,1,2,10,13
2018-09-30,27,Atletico-MG,Sport,Brasileirao Serie A 2018,6,6,22,6,8,1,1,3,18,16
2018-09-30,27,Botafogo-RJ,Sao Paulo,Brasileirao Serie A 2018,7,7,9,16,4,7,1,2,20,18
2018-09-30,27,Ceara,Chapecoense,Brasileirao Serie A 2018,5,8,13,10,6,4,4,5,15,20
2018-09-30,27,Internacional,Vitoria,Brasileirao Serie A 2018,7,0,12,7,5,1,3,6,19,18
2018-09-30,27,Palmeiras,Cruzeiro,Brasileirao Serie A 2018,7,2,17,4,4,1,5,6,15,19
2018-09-30,27,Santos,Athletico-PR,Brasileirao Serie A 2018,12,5,15,10,5,4,2,6,8,17
2018-10-01,27,Parana,Vasco,Brasileirao Serie A 2018,11,5,20,17,5,4,1,0,15,11
2018-10-05,28,Corinthians,Flamengo,Brasileirao Serie A 2018,4,10,11,13,3,7,2,1,9,18
2018-10-05,28,Sport,Internacional,Brasileirao Serie A 2018,8,4,12,7,3,2,4,1,10,10
2018-10-05,28,Vitoria,Santos,Brasileirao Serie A 2018,8,2,18,12,2,3,3,2,17,24
2018-10-06,28,Athletico-PR,America-MG,Brasileirao Serie A 2018,5,1,10,6,4,3,3,3,10,13
2018-10-06,28,Chapecoense,Atletico-MG,Brasileirao Serie A 2018,5,9,9,17,1,2,3,3,20,15
2018-10-06,28,Gremio,Bahia,Brasileirao Serie A 2018,9,5,20,10,6,5,2,3,13,25
2018-10-06,28,Sao Paulo,Palmeiras,Brasileirao Serie A 2018,4,2,7,8,1,4,2,3,21,17
2018-10-08,28,Fluminense,Parana,Brasileirao Serie A 2018,8,2,17,8,8,0,1,2,8,18
2018-10-09,28,Botafogo-RJ,Vasco,Brasileirao Serie A 2018,7,6,18,10,5,4,3,2,13,13
2018-10-13,29,Bahia,Parana,Brasileirao Serie A 2018,12,1,20,7,7,3,3,3,5,10
2018-10-13,29,Flamengo,Fluminense,Brasileirao Serie A 2018,6,3,16,13,6,5,2,3,16,15
2018-10-13,29,Santos,Corinthians,Brasileirao Serie A 2018,5,2,12,8,4,2,3,3,19,19
2018-10-14,29,Athletico-PR,Sport,Brasileirao Serie A 2018,10,3,27,7,8,2,0,3,13,12
2018-10-14,29,Atletico-MG,America-MG,Brasileirao Serie A 2018,16,3,10,15,2,8,1,0,16,15
2018-10-14,29,Chapecoense,Vitoria,Brasileirao Serie A 2018,7,3,15,17,1,3,3,2,14,20
2018-10-14,29,Internacional,Sao Paulo,Brasileirao Serie A 2018,6,4,17,9,6,1,0,3,16,23
2018-10-14,29,Palmeiras,Gremio,Brasileirao Serie A 2018,4,5,8,3,6,0,4,2,16,16
2018-10-14,29,Vasco,Cruzeiro,Brasileirao Serie A 2018,10,9,18,14,6,4,6,2,14,17
2018-10-15,29,Ceara,Botafogo-RJ,Brasileirao Serie A 2018,6,3,21,8,7,0,1,3,13,10
2018-10-20,30,America-MG,Gremio,Brasileirao Serie A 2018,5,4,10,13,3,4,,,17,8
2018-10-20,30,Botafogo-RJ,Bahia,Brasileirao Serie A 2018,8,2,9,9,4,2,2,1,10,21
2018-10-20,30,Sao Paulo,Athletico-PR,Brasileirao Serie A 2018,4,7,14,10,5,1,3,2,20,15
2018-10-20,30,Sport,Vasco,Brasileirao Serie A 2018,1,4,15,12,6,3,0,3,16,18
2018-10-21,30,Cruzeiro,Chapecoense,Brasileirao Serie A 2018,4,4,12,15,5,2,2,1,9,15
2018-10-21,30,Fluminense,Atletico-MG,Brasileirao Serie A 2018,4,7,13,12,6,2,2,2,14,19
2018-10-21,30,Palmeiras,Ceara,Brasileirao Serie A 2018,4,12,16,21,6,6,5,2,14,13
2018-10-21,30,Parana,Flamengo,Brasileirao Serie A 2018,4,1,7,11,2,6,1,0,17,13
2018-10-21,30,Vitoria,Corinthians,Brasileirao Serie A 2018,5,5,12,9,6,4,1,4,18,23
2018-10-22,30,Internacional,Santos,Brasileirao Serie A 2018,5,7,14,8,9,3,1,3,14,15
2018-10-24,28,Cruzeiro,Ceara,Brasileirao Serie A 2018,10,1,18,7,6,3,1,3,7,18
2018-10-26,31,Vasco,Internacional,Brasileirao Serie A 2018,6,4,16,10,7,3,3,5,17,20
2018-10-26,31,Vitoria,Sao Paulo,Brasileirao Serie A 2018,4,6,15,14,3,6,1,2,8,24
2018-10-27,31,Athletico-PR,Botafogo-RJ,Brasileirao Serie A 2018,5,2,16,9,7,4,2,5,19,30
2018-10-27,31,Chapecoense,America-MG,Brasileirao Serie A 2018,4,4,10,8,5,2,3,4,12,24
2018-10-27,31,Corinthians,Bahia,Brasileirao Serie A 2018,5,5,14,11,3,2,3,3,11,15
2018-10-27,31,Cruzeiro,Parana,Brasileirao Serie A 2018,9,0,13,5,5,0,0,2,13,18
2018-10-27,31,Flamengo,Palmeiras,Brasileirao Serie A 2018,15,4,22,8,4,3,2,5,19,17
2018-10-27,31,Gremio,Sport,Brasileirao Serie A 2018,10,0,17,8,4,4,2,2,10,16
2018-10-27,31,Santos,Fluminense,Brasileirao Serie A 2018,12,2,24,8,10,1,2,3,15,17
2018-10-29,31,Ceara,Atletico-MG,Brasileirao Serie A 2018,3,6,11,14,5,3,2,4,13,21
2018-11-03,32,Atletico-MG,Gremio,Brasileirao Serie A 2018,8,3,17,13,2,7,4,1,12,12
2018-11-03,32,Fluminense,Vasco,Brasileirao Serie A 2018,9,2,23,10,5,4,2,3,14,12
2018-11-03,32,Palmeiras,Santos,Brasileirao Serie A 2018,3,5,11,6,5,5,3,4,26,23
2018-11-04,32,America-MG,Cruzeiro,Brasileirao Serie A 2018,8,2,16,10,5,3,3,1,18,8
2018-11-04,32,Bahia,Chapecoense,Brasileirao Serie A 2018,5,3,15,8,6,2,1,1,15,22
2018-11-04,32,Botafogo-RJ,Corinthians,Brasileirao Serie A 2018,5,3,18,9,6,5,1,2,25,19
2018-11-04,32,Internacional,Athletico-PR,Brasileirao Serie A 2018,11,5,12,9,5,4,2,3,9,20
2018-11-04,32,Parana,Vitoria,Brasileirao Serie A 2018,2,5,5,14,1,4,3,4,19,19
2018-11-04,32,Sao Paulo,Flamengo,Brasileirao Serie A 2018,8,7,7,20,3,8,2,1,17,13
2018-11-05,32,Sport,Ceara,Brasileirao Serie A 2018,8,3,9,13,4,2,3,3,13,16
2018-11-10,33,America-MG,Parana,Brasileirao Serie A 2018,13,6,17,8,1,2,2,1,10,10
2018-11-10,33,Athletico-PR,Cruzeiro,Brasileirao Serie A 2018,4,3,10,12,3,3,4,7,17,14
2018-11-10,33,Botafogo-RJ,Flamengo,Brasileirao Serie A 2018,4,3,13,13,4,4,4,6,30,16
2018-11-10,33,Corinthians,Sao Paulo,Brasileirao Serie A 2018,7,2,15,10,5,2,0,3,10,18
2018-11-11,33,Atletico-MG,Palmeiras,Brasileirao Serie A 2018,6,4,18,7,8,3,3,2,22,14
2018-11-11,33,Ceara,Internacional,Brasileirao Serie A 2018,6,5,21,5,5,4,2,5,11,15
2018-11-11,33,Fluminense,Sport,Brasileirao Serie A 2018,4,5,16,3,7,0,0,2,18,16
2018-11-11,33,Gremio,Vasco,Brasileirao Serie A 2018,7,2,19,6,4,2,2,4,12,17
2018-11-11,33,Vitoria,Bahia,Brasileirao Serie A 2018,4,5,8,16,3,2,3,4,18,25
2018-11-12,33,Santos,Chapecoense,Brasileirao Serie A 2018,5,4,19,7,2,3,2,1,15,24
2018-11-14,34,Bahia,Ceara,Brasileirao Serie A 2018,10,0,23,7,11,3,2,3,11,15
2018-11-14,34,Cruzeiro,Corinthians,Brasileirao Serie A 2018,6,10,13,14,5,5,2,1,13,6
2018-11-14,34,Palmeiras,Fluminense,Brasileirao Serie A 2018,6,4,18,5,7,2,6,4,20,24
2018-11-14,34,Parana,Atletico-MG,Brasileirao Serie A 2018,0,5,5,11,1,4,3,3,19,14
2018-11-14,34,Sport,Vitoria,Brasileirao Serie A 2018,7,8,14,14,2,6,4,4,21,17
2018-11-14,34,Vasco,Athletico-PR,Brasileirao Serie A 2018,5,7,15,17,8,5,1,0,13,9
2018-11-15,34,Chapecoense,Botafogo-RJ,Brasileirao Serie A 2018,10,5,18,10,4,4,1,2,12,14
2018-11-15,34,Flamengo,Santos,Brasileirao Serie A 2018,8,2,20,11,4,4,3,5,22,18
2018-11-15,34,Internacional,America-MG,Brasileirao Serie A 2018,7,4,12,10,5,2,1,2,19,20
2018-11-15,34,Sao Paulo,Gremio,Brasileirao Serie A 2018,2,3,15,6,5,2,1,2,14,13
2018-11-17,35,Atletico-MG,Bahia,Brasileirao Serie A 2018,10,4,12,8,4,2,2,3,16,24
2018-11-17,35,Corinthians,Vasco,Brasileirao Serie A 2018,5,9,12,16,2,3,2,2,22,14
2018-11-17,35,Vitoria,Athletico-PR,Brasileirao Serie A 2018,3,4,11,17,2,6,2,3,15,23
2018-11-18,35,America-MG,Santos,Brasileirao Serie A 2018,4,6,16,8,7,3,6,1,20,14
2018-11-18,35,Botafogo-RJ,Internacional,Brasileirao Serie A 2018,1,9,12,5,4,1,2,3,13,18
2018-11-18,35,Gremio,Chapecoense,Brasileirao Serie A 2018,4,2,16,10,11,3,2,2,12,21
2018-11-18,35,Parana,Palmeiras,Brasileirao Serie A 2018,4,11,9,22,3,7,4,2,22,8
2018-11-18,35,Sao Paulo,Cruzeiro,Brasileirao Serie A 2018,3,1,8,7,3,0,2,2,14,17
2018-11-18,35,Sport,Flamengo,Brasileirao Serie A 2018,6,8,13,13,2,5,1,0,9,13
2018-11-19,35,Fluminense,Ceara,Brasileirao Serie A 2018,2,4,14,13,2,4,4,3,16,24
2018-11-21,36,Athletico-PR,Corinthians,Brasileirao Serie A 2018,8,5,18,10,7,1,2,4,18,14
2018-11-21,36,Cruzeiro,Vitoria,Brasileirao Serie A 2018,6,8,13,16,7,1,2,1,18,15
2018-11-21,36,Flamengo,Gremio,Brasileirao Serie A 2018,9,4,18,16,7,4,2,3,17,14
2018-11-21,36,Internacional,Atletico-MG,Brasileirao Serie A 2018,11,4,15,12,3,2,1,2,10,17
2018-11-21,36,Palmeiras,America-MG,Brasileirao Serie A 2018,9,2,24,1,9,1,0,6,13,20
2018-11-21,36,Santos,Botafogo-RJ,Brasileirao Serie A 2018,9,5,19,16,6,3,2,2,19,16
2018-11-22,36,Bahia,Fluminense,Brasileirao Serie A 2018,3,1,13,6,7,1,2,1,23,9
2018-11-22,36,Ceara,Parana,Brasileirao Serie A 2018,7,6,17,5,6,0,2,1,17,12
2018-11-22,36,Chapecoense,Sport,Brasileirao Serie A 2018,7,6,18,13,8,6,2,1,22,13
2018-11-22,36,Vasco,Sao Paulo,Brasileirao Serie A 2018,3,7,8,10,2,2,2,4,19,22
2018-11-24,37,Santos,Atletico-MG,Brasileirao Serie A 2018,9,8,21,16,9,4,4,1,19,15
2018-11-25,37,America-MG,Bahia,Brasileirao Serie A 2018,1,4,10,15,3,3,2,1,19,21
2018-11-25,37,Athletico-PR,Ceara,Brasileirao Serie A 2018,10,4,17,13,3,5,3,4,19,18
2018-11-25,37,Corinthians,Chapecoense,Brasileirao Serie A 2018,9,4,12,14,1,2,2,1,13,13
2018-11-25,37,Cruzeiro,Flamengo,Brasileirao Serie A 2018,8,6,24,9,7,5,6,3,10,9
2018-11-25,37,Internacional,Fluminense,Brasileirao Serie A 2018,8,4,22,10,3,3,3,1,12,17
2018-11-25,37,Vasco,Palmeiras,Brasileirao Serie A 2018,5,14,9,9,3,3,4,5,17,18
2018-11-25,37,Vitoria,Gremio,Brasileirao Serie A 2018,7,9,13,19,3,7,2,4,15,20
2018-11-26,37,Botafogo-RJ,Parana,Brasileirao Serie A 2018,5,4,14,10,5,4,1,3,13,16
2018-11-26,37,Sao Paulo,Sport,Brasileirao Serie A 2018,7,5,18,8,7,3,2,3,14,21
2018-12-01,38,Atletico-MG,Botafogo-RJ,Brasileirao Serie A 2018,5,10,13,10,4,1,4,3,15,17
2018-12-01,38,Flamengo,Athletico-PR,Brasileirao Serie A 2018,6,1,16,11,5,3,3,1,17,17
2018-12-02,38,Bahia,Cruzeiro,Brasileirao Serie A 2018,7,8,13,17,0,3,4,1,18,15
2018-12-02,38,Ceara,Vasco,Brasileirao Serie A 2018,6,3,13,8,1,1,2,2,17,11
2018-12-02,38,Chapecoense,Sao Paulo,Brasileirao Serie A 2018,5,1,10,7,1,1,0,3,11,23
2018-12-02,38,Fluminense,America-MG,Brasileirao Serie A 2018,4,8,11,22,4,6,5,2,15,19
2018-12-02,38,Gremio,Corinthians,Brasileirao Serie A 2018,7,5,10,3,3,1,2,4,11,15
2018-12-02,38,Palmeiras,Vitoria,Brasileirao Serie A 2018,10,2,25,16,8,3,2,2,11,6
2018-12-02,38,Parana,Internacional,Brasileirao Serie A 2018,5,6,16,8,4,1,1,2,14,15
2018-12-02,38,Sport,Santos,Brasileirao Serie A 2018,1,1,8,12,3,3,3,1,21,21
2019-04-27,1,Atletico-MG,Avai,Brasileirao Serie A 2019,4,4,11,6,3,1,0,1,12,18
2019-04-27,1,Chapecoense,Internacional,Brasileirao Serie A 2019,3,5,12,20,7,7,1,1,15,11
2019-04-27,1,Flamengo,Cruzeiro,Brasileirao Serie A 2019,6,2,17,2,5,1,4,4,13,17
2019-04-27,1,Sao Paulo,Botafogo-RJ,Brasileirao Serie A 2019,3,2,7,11,4,2,0,4,23,7
2019-04-28,1,Athletico-PR,Vasco,Brasileirao Serie A 2019,4,0,20,14,11,5,1,1,15,19
2019-04-28,1,Bahia,Corinthians,Brasileirao Serie A 2019,4,4,15,9,6,3,1,4,17,5
2019-04-28,1,Ceara,CSA,Brasileirao Serie A 2019,3,6,16,6,8,1,,,15,4
2019-04-28,1,Fluminense,Goias,Brasileirao Serie A 2019,5,5,15,8,3,2,4,1,14,9
2019-04-28,1,Gremio,Santos,Brasileirao Serie A 2019,12,2,26,8,11,5,3,4,12,18
2019-04-28,1,Palmeiras,Fortaleza,Brasileirao Serie A 2019,6,1,18,8,9,5,1,2,12,16
2019-05-01,2,Avai,Gremio,Brasileirao Serie A 2019,11,4,13,4,3,2,4,3,15,17
2019-05-01,2,Corinthians,Chapecoense,Brasileirao Serie A 2019,7,2,12,10,4,1,2,1,14,10
2019-05-01,2,Cruzeiro,Ceara,Brasileirao Serie A 2019,2,3,11,14,4,4,1,0,10,12
2019-05-01,2,Fortaleza,Athletico-PR,Brasileirao Serie A 2019,2,7,18,10,5,4,3,3,12,19
2019-05-01,2,Goias,Sao Paulo,Brasileirao Serie A 2019,5,10,13,14,2,5,3,2,15,12
2019-05-01,2,Internacional,Flamengo,Brasileirao Serie A 2019,4,5,17,11,7,5,3,2,8,9
2019-05-01,2,Vasco,Atletico-MG,Brasileirao Serie A 2019,8,4,21,14,4,4,,,12,9
2019-05-02,2,Botafogo-RJ,Bahia,Brasileirao Serie A 2019,3,6,9,19,5,4,3,0,11,15
2019-05-02,2,Santos,Fluminense,Brasileirao Serie A 2019,6,1,22,10,10,4,3,2,25,14
2019-05-04,3,Ceara,Atletico-MG,Brasileirao Serie A 2019,6,4,9,15,3,6,0,1,12,7
2019-05-04,3,Palmeiras,Internacional,Brasileirao Serie A 2019,4,5,13,10,5,2,2,5,15,18
2019-05-04,3,Vasco,Corinthians,Brasileirao Serie A 2019,8,2,13,11,4,2,2,1,21,8
2019-05-05,3,Bahia,Avai,Brasileirao Serie A 2019,9,1,20,9,11,1,1,2,27,15
2019-05-05,3,Botafogo-RJ,Fortaleza,Brasileirao Serie A 2019,7,4,9,14,4,3,0,2,10,16
2019-05-05,3,CSA,Santos,Brasileirao Serie A 2019,2,12,10,17,3,7,1,4,11,13
2019-05-05,3,Chapecoense,Athletico-PR,Brasileirao Serie A 2019,8,3,16,17,5,6,1,3,16,17
2019-05-05,3,Cruzeiro,Goias,Brasileirao Serie A 2019,5,4,20,13,6,4,1,1,14,10
2019-05-05,3,Gremio,Fluminense,Brasileirao Serie A 2019,8,8,13,17,7,12,2,1,8,10
2019-05-05,3,Sao Paulo,Flamengo,Brasileirao Serie A 2019,6,2,22,9,11,1,1,7,16,15
2019-05-11,4,Corinthians,Gremio,Brasileirao Serie A 2019,3,2,11,8,4,2,2,4,13,19
2019-05-11,4,Fluminense,Botafogo-RJ,Brasileirao Serie A 2019,8,3,23,9,6,3,3,5,16,12
2019-05-11,4,Goias,Ceara,Brasileirao Serie A 2019,2,7,12,13,6,3,2,2,20,12
2019-05-12,4,Athletico-PR,Bahia,Brasileirao Serie A 2019,8,6,18,13,9,4,2,3,13,14
2019-05-12,4,Avai,CSA,Brasileirao Serie A 2019,6,0,21,4,4,1,1,2,14,18
2019-05-12,4,Flamengo,Chapecoense,Brasileirao Serie A 2019,7,4,19,20,7,7,2,3,18,9
2019-05-12,4,Fortaleza,Sao Paulo,Brasileirao Serie A 2019,6,4,12,8,3,2,2,2,12,14
2019-05-12,4,Internacional,Cruzeiro,Brasileirao Serie A 2019,4,3,16,14,5,6,,,10,14
2019-05-12,4,Santos,Vasco,Brasileirao Serie A 2019,8,5,23,15,8,5,2,3,18,11
2019-05-18,5,Atletico-MG,Flamengo,Brasileirao Serie A 2019,2,18,11,24,5,10,3,1,11,8
2019-05-18,5,Fluminense,Cruzeiro,Brasileirao Serie A 2019,10,2,24,4,11,3,3,2,20,12
2019-05-18,5,Palmeiras,Santos,Brasileirao Serie A 2019,5,5,17,13,8,4,2,4,23,19
2019-05-19,5,Athletico-PR,Corinthians,Brasileirao Serie A 2019,11,3,23,4,5,2,1,4,16,12
2019-05-19,5,Ceara,Gremio,Brasileirao Serie A 2019,2,7,6,17,1,4,3,6,14,16
2019-05-19,5,Chapecoense,Fortaleza,Brasileirao Serie A 2019,9,4,19,12,4,8,1,1,16,12
2019-05-19,5,Goias,Botafogo-RJ,Brasileirao Serie A 2019,9,3,19,6,6,2,1,3,18,14
2019-05-19,5,Internacional,CSA,Brasileirao Serie A 2019,4,3,14,12,7,5,2,3,11,9
2019-05-19,5,Sao Paulo,Bahia,Brasileirao Serie A 2019,4,6,11,17,3,2,1,3,9,19
2019-05-19,5,Vasco,Avai,Brasileirao Serie A 2019,5,10,11,18,2,6,1,2,16,14
2019-05-25,6,Botafogo-RJ,Palmeiras,Brasileirao Serie A 2019,0,8,8,17,2,2,10,0,13,19
2019-05-25,6,Gremio,Atletico-MG,Brasileirao Serie A 2019,13,4,24,9,8,5,1,4,10,14
2019-05-26,6,Bahia,Fluminense,Brasileirao Serie A 2019,3,3,10,11,5,4,2,2,9,10
2019-05-26,6,Corinthians,Sao Paulo,Brasileirao Serie A 2019,3,4,13,9,5,1,3,4,16,14
2019-05-26,6,Cruzeiro,Chapecoense,Brasileirao Serie A 2019,8,2,18,10,3,5,1,3,13,11
2019-05-26,6,Flamengo,Athletico-PR,Brasileirao Serie A 2019,9,2,11,12,4,5,4,3,16,21
2019-05-26,6,Fortaleza,Vasco,Brasileirao Serie A 2019,2,5,12,14,3,2,1,2,9,12
2019-05-26,6,Santos,Internacional,Brasileirao Serie A 2019,7,4,11,15,4,1,5,5,19,19
2019-05-27,6,Avai,Ceara,Brasileirao Serie A 2019,3,0,13,9,3,4,4,3,21,15
2019-05-27,6,CSA,Goias,Brasileirao Serie A 2019,3,9,16,15,4,5,3,1,19,10
2019-06-01,7,Bahia,Gremio,Brasileirao Serie A 2019,10,4,14,7,4,2,1,2,8,10
2019-06-01,7,Flamengo,Fortaleza,Brasileirao Serie A 2019,8,2,21,10,8,4,1,0,16,6
2019-06-02,7,Athletico-PR,Fluminense,Brasileirao Serie A 2019,6,4,16,9,6,2,1,3,20,17
2019-06-02,7,Atletico-MG,CSA,Brasileirao Serie A 2019,11,2,27,12,7,0,0,3,2,11
2019-06-02,7,Botafogo-RJ,Vasco,Brasileirao Serie A 2019,4,9,8,18,1,2,2,3,15,16
2019-06-02,7,Ceara,Santos,Brasileirao Serie A 2019,2,0,13,12,3,3,2,1,14,22
2019-06-02,7,Chapecoense,Palmeiras,Brasileirao Serie A 2019,3,5,18,14,4,6,2,5,14,21
2019-06-02,7,Internacional,Avai,Brasileirao Serie A 2019,5,7,11,14,7,1,,,11,12
2019-06-02,7,Sao Paulo,Cruzeiro,Brasileirao Serie A 2019,5,9,13,14,4,4,2,3,15,12
2019-06-07,8,Vasco,Internacional,Brasileirao Serie A 2019,0,10,10,19,3,4,0,2,13,16
2019-06-08,8,Avai,Sao Paulo,Brasileirao Serie A 2019,4,10,11,12,1,3,5,2,17,17
2019-06-08,8,Ceara,Bahia,Brasileirao Serie A 2019,9,1,22,9,5,1,2,2,12,10
2019-06-08,8,Cruzeiro,Corinthians,Brasileirao Serie A 2019,11,5,25,5,7,1,1,1,12,13
2019-06-08,8,Gremio,Fortaleza,Brasileirao Serie A 2019,10,1,12,5,4,2,1,4,7,7
2019-06-08,8,Palmeiras,Athletico-PR,Brasileirao Serie A 2019,7,7,21,7,3,3,2,4,16,29
2019-06-09,8,CSA,Botafogo-RJ,Brasileirao Serie A 2019,8,2,21,13,5,7,2,1,20,10
2019-06-09,8,Fluminense,Flamengo,Brasileirao Serie A 2019,5,2,18,11,6,2,2,3,14,17
2019-06-09,8,Santos,Atletico-MG,Brasileirao Serie A 2019,4,5,24,12,5,4,1,2,12,14
2019-06-10,8,Goias,Chapecoense,Brasileirao Serie A 2019,6,6,17,12,7,2,2,0,14,17
2019-06-12,9,Botafogo-RJ,Gremio,Brasileirao Serie A 2019,4,7,7,14,3,5,1,2,9,11
2019-06-12,9,CSA,Flamengo,Brasileirao Serie A 2019,3,12,10,24,2,11,3,1,13,10
2019-06-12,9,Fortaleza,Cruzeiro,Brasileirao Serie A 2019,6,5,11,12,4,4,0,6,10,15
2019-06-12,9,Internacional,Bahia,Brasileirao Serie A 2019,3,3,14,19,7,2,1,1,11,7
2019-06-12,9,Santos,Corinthians,Brasileirao Serie A 2019,2,3,19,2,4,0,4,4,16,13
2019-06-13,9,Atletico-MG,Sao Paulo,Brasileirao Serie A 2019,12,5,20,9,8,3,2,4,13,17
2019-06-13,9,Chapecoense,Fluminense,Brasileirao Serie A 2019,5,3,15,10,4,3,2,5,12,21
2019-06-13,9,Palmeiras,Avai,Brasileirao Serie A 2019,9,1,14,8,6,2,1,1,13,18
2019-06-13,9,Vasco,Ceara,Brasileirao Serie A 2019,5,1,18,8,11,1,0,2,14,15
2019-07-13,10,Bahia,Santos,Brasileirao Serie A 2019,5,7,12,17,2,6,2,3,13,11
2019-07-13,10,Fortaleza,Avai,Brasileirao Serie A 2019,5,13,14,15,6,5,2,2,15,12
2019-07-13,10,Gremio,Vasco,Brasileirao Serie A 2019,4,6,11,10,6,5,2,4,18,12
2019-07-13,10,Sao Paulo,Palmeiras,Brasileirao Serie A 2019,8,5,14,15,10,5,3,3,19,18
2019-07-14,10,Athletico-PR,Internacional,Brasileirao Serie A 2019,6,2,17,12,6,4,3,3,15,16
2019-07-14,10,Chapecoense,Atletico-MG,Brasileirao Serie A 2019,5,10,15,21,3,7,3,5,20,16
2019-07-14,10,Corinthians,CSA,Brasileirao Serie A 2019,16,1,27,4,8,1,2,6,2,18
2019-07-14,10,Cruzeiro,Botafogo-RJ,Brasileirao Serie A 2019,5,3,7,8,1,1,,,11,8
2019-07-14,10,Flamengo,Goias,Brasileirao Serie A 2019,11,0,30,7,16,2,1,2,8,9
2019-07-15,10,Fluminense,Ceara,Brasileirao Serie A 2019,14,5,23,9,7,5,2,2,11,15
2019-07-20,11,Bahia,Cruzeiro,Brasileirao Serie A 2019,5,5,12,12,1,5,1,1,17,8
2019-07-20,11,Ceara,Palmeiras,Brasileirao Serie A 2019,3,9,9,21,4,6,3,2,26,13
2019-07-20,11,Internacional,Gremio,Brasileirao Serie A 2019,1,2,11,10,4,3,3,2,13,14
2019-07-20,11,Vasco,Fluminense,Brasileirao Serie A 2019,3,2,16,5,5,2,4,2,25,22
2019-07-21,11,Atletico-MG,Fortaleza,Brasileirao Serie A 2019,3,2,19,10,7,4,1,4,15,12
2019-07-21,11,Avai,Goias,Brasileirao Serie A 2019,5,3,15,11,3,3,4,2,16,19
2019-07-21,11,Botafogo-RJ,Santos,Brasileirao Serie A 2019,9,2,9,13,1,4,1,2,12,14
2019-07-21,11,Corinthians,Flamengo,Brasileirao Serie A 2019,4,5,14,6,3,3,1,3,20,17
2019-07-22,11,Sao Paulo,Chapecoense,Brasileirao Serie A 2019,5,3,19,8,6,2,1,3,29,19
2019-07-27,12,Fluminense,Sao Paulo,Brasileirao Serie A 2019,4,2,14,13,4,5,1,3,20,14
2019-07-27,12,Internacional,Ceara,Brasileirao Serie A 2019,6,6,11,9,5,2,3,3,11,12
2019-07-27,12,Palmeiras,Vasco,Brasileirao Serie A 2019,3,4,15,6,4,1,1,4,22,22
2019-07-28,12,Chapecoense,Bahia,Brasileirao Serie A 2019,10,5,16,16,4,7,1,1,16,15
2019-07-28,12,Flamengo,Botafogo-RJ,Brasileirao Serie A 2019,5,4,15,12,5,3,5,2,23,16
2019-07-28,12,Fortaleza,Corinthians,Brasileirao Serie A 2019,1,1,14,14,3,5,2,1,18,16
2019-07-28,12,Goias,Atletico-MG,Brasileirao Serie A 2019,7,4,16,11,2,0,1,0,14,9
2019-07-28,12,Santos,Avai,Brasileirao Serie A 2019,15,4,18,11,10,4,2,2,9,13
2019-07-29,12,CSA,Gremio,Brasileirao Serie A 2019,2,6,10,15,2,0,4,2,13,13
2019-08-03,13,Ceara,Fortaleza,Brasileirao Serie A 2019,8,4,11,11,4,4,3,0,14,16
2019-08-03,13,Fluminense,Internacional,Brasileirao Serie A 2019,8,5,22,15,6,4,1,2,8,12
2019-08-04,13,Atletico-MG,Cruzeiro,Brasileirao Serie A 2019,6,6,15,14,6,4,2,3,19,13
2019-08-04,13,Avai,Botafogo-RJ,Brasileirao Serie A 2019,16,1,30,9,4,5,2,1,12,11
2019-08-04,13,Bahia,Flamengo,Brasileirao Serie A 2019,4,7,10,13,7,1,1,1,18,14
2019-08-04,13,Corinthians,Palmeiras,Brasileirao Serie A 2019,3,5,9,8,7,6,1,3,11,24
2019-08-04,13,Santos,Goias,Brasileirao Serie A 2019,6,6,19,20,10,2,3,4,15,8
2019-08-04,13,Vasco,CSA,Brasileirao Serie A 2019,8,5,18,12,2,2,4,1,13,14
2019-08-05,13,Gremio,Chapecoense,Brasileirao Serie A 2019,11,3,23,9,9,4,4,3,17,16
2019-08-07,7,Corinthians,Goias,Brasileirao Serie A 2019,6,5,19,11,6,3,1,2,13,11
2019-08-10,14,Atletico-MG,Fluminense,Brasileirao Serie A 2019,3,5,19,21,9,7,4,2,14,13
2019-08-10,14,Ceara,Chapecoense,Brasileirao Serie A 2019,2,4,8,14,5,3,3,2,20,11
2019-08-10,14,Flamengo,Gremio,Brasileirao Serie A 2019,4,3,18,7,5,2,4,2,14,15
2019-08-10,14,Sao Paulo,Santos,Brasileirao Serie A 2019,5,2,20,14,7,3,6,1,21,15
2019-08-11,14,Avai,Cruzeiro,Brasileirao Serie A 2019,5,1,13,14,3,6,4,1,15,15
2019-08-11,14,Botafogo-RJ,Athletico-PR,Brasileirao Serie A 2019,7,7,13,17,6,8,3,1,11,12
2019-08-11,14,Goias,Vasco,Brasileirao Serie A 2019,3,4,19,12,5,5,4,3,14,22
2019-08-11,14,Internacional,Corinthians,Brasileirao Serie A 2019,9,3,7,8,1,1,3,2,16,8
2019-08-11,14,Palmeiras,Bahia,Brasileirao Serie A 2019,8,3,17,7,9,4,6,3,15,19
2019-08-12,14,CSA,Fortaleza,Brasileirao Serie A 2019,2,3,16,6,5,3,3,1,19,13
2019-08-17,15,Corinthians,Botafogo-RJ,Brasileirao Serie A 2019,7,2,18,8,9,3,2,3,17,13
2019-08-17,15,Fortaleza,Internacional,Brasileirao Serie A 2019,7,0,15,7,4,2,1,2,14,14
2019-08-17,15,Gremio,Palmeiras,Brasileirao Serie A 2019,3,2,14,15,3,7,,,13,14
2019-08-17,15,Vasco,Flamengo,Brasileirao Serie A 2019,7,7,11,17,6,10,0,3,12,18
2019-08-18,15,Bahia,Goias,Brasileirao Serie A 2019,6,6,14,11,3,4,2,3,7,13
2019-08-18,15,Chapecoense,Avai,Brasileirao Serie A 2019,5,3,12,5,1,0,1,0,25,15
2019-08-18,15,Cruzeiro,Santos,Brasileirao Serie A 2019,8,4,21,4,10,2,2,0,16,7
2019-08-18,15,Fluminense,CSA,Brasileirao Serie A 2019,7,1,33,5,12,3,1,2,7,16
2019-08-18,15,Sao Paulo,Ceara,Brasileirao Serie A 2019,5,11,12,10,6,5,3,2,12,16
2019-08-24,16,Atletico-MG,Bahia,Brasileirao Serie A 2019,6,3,21,6,7,5,0,2,17,16
2019-08-25,16,Avai,Corinthians,Brasileirao Serie A 2019,4,2,12,8,2,4,0,1,19,15
2019-08-25,16,CSA,Cruzeiro,Brasileirao Serie A 2019,6,4,18,13,3,6,3,3,17,14
2019-08-25,16,Ceara,Flamengo,Brasileirao Serie A 2019,9,2,16,10,4,5,3,0,11,14
2019-08-25,16,Goias,Internacional,Brasileirao Serie A 2019,5,5,7,11,4,5,2,2,9,14
2019-08-25,16,Santos,Fortaleza,Brasileirao Serie A 2019,3,5,17,9,10,5,3,3,14,22
2019-08-25,16,Vasco,Sao Paulo,Brasileirao Serie A 2019,2,1,18,3,7,1,4,3,19,16
2019-08-26,16,Botafogo-RJ,Chapecoense,Brasileirao Serie A 2019,5,4,15,15,2,5,2,1,13,16
2019-08-31,17,Athletico-PR,Ceara,Brasileirao Serie A 2019,10,4,11,9,4,5,1,3,14,15
2019-08-31,17,Bahia,CSA,Brasileirao Serie A 2019,8,2,15,8,7,2,1,1,15,17
2019-08-31,17,Chapecoense,Santos,Brasileirao Serie A 2019,5,5,8,12,5,4,2,4,17,19
2019-08-31,17,Internacional,Botafogo-RJ,Brasileirao Serie A 2019,8,1,16,17,9,7,4,4,10,6
2019-08-31,17,Sao Paulo,Gremio,Brasileirao Serie A 2019,5,5,19,7,4,3,0,1,10,9
2019-09-01,17,Corinthians,Atletico-MG,Brasileirao Serie A 2019,10,4,14,11,5,5,0,1,9,14
2019-09-01,17,Cruzeiro,Vasco,Brasileirao Serie A 2019,3,11,11,12,3,2,3,4,14,15
2019-09-01,17,Flamengo,Palmeiras,Brasileirao Serie A 2019,1,1,12,2,4,0,2,2,15,16
2019-09-01,17,Fortaleza,Goias,Brasileirao Serie A 2019,5,3,11,7,3,2,3,1,21,14
2019-09-02,17,Fluminense,Avai,Brasileirao Serie A 2019,12,2,26,7,10,2,3,1,14,15
2019-09-07,18,Avai,Flamengo,Brasileirao Serie A 2019,4,8,8,9,2,5,1,2,15,9
2019-09-07,18,Corinthians,Ceara,Brasileirao Serie A 2019,5,8,13,12,2,6,1,1,9,10
2019-09-07,18,Fortaleza,Fluminense,Brasileirao Serie A 2019,5,4,18,9,8,4,1,2,13,15
2019-09-07,18,Goias,Palmeiras,Brasileirao Serie A 2019,3,7,9,18,2,9,5,0,11,21
2019-09-07,18,Internacional,Sao Paulo,Brasileirao Serie A 2019,9,2,13,9,4,4,1,5,14,16
2019-09-07,18,Vasco,Bahia,Brasileirao Serie A 2019,4,3,21,9,4,3,3,1,15,19
2019-09-08,18,Botafogo-RJ,Atletico-MG,Brasileirao Serie A 2019,2,8,11,18,6,6,4,2,14,14
2019-09-08,18,CSA,Chapecoense,Brasileirao Serie A 2019,3,7,10,15,4,3,3,1,22,14
2019-09-08,18,Cruzeiro,Gremio,Brasileirao Serie A 2019,7,2,19,12,8,4,2,1,11,10
2019-09-08,18,Santos,Athletico-PR,Brasileirao Serie A 2019,11,3,22,9,11,4,3,6,8,15
2019-09-10,16,Palmeiras,Fluminense,Brasileirao Serie A 2019,3,7,15,12,8,1,0,2,12,11
2019-09-14,19,Ceara,Botafogo-RJ,Brasileirao Serie A 2019,18,0,23,3,6,0,1,1,11,5
2019-09-14,19,Chapecoense,Vasco,Brasileirao Serie A 2019,7,5,19,15,7,8,2,5,14,22
2019-09-14,19,Flamengo,Santos,Brasileirao Serie A 2019,3,1,12,6,2,0,2,5,20,24
2019-09-14,19,Palmeiras,Cruzeiro,Brasileirao Serie A 2019,4,4,13,7,3,3,2,3,20,19
2019-09-15,19,Atletico-MG,Internacional,Brasileirao Serie A 2019,10,0,25,15,11,9,0,1,6,14
2019-09-15,19,Bahia,Fortaleza,Brasileirao Serie A 2019,5,7,11,9,3,1,1,1,16,11
2019-09-15,19,Fluminense,Corinthians,Brasileirao Serie A 2019,3,6,12,13,2,3,4,1,19,12
2019-09-15,19,Gremio,Goias,Brasileirao Serie A 2019,15,4,22,12,10,4,0,1,10,10
2019-09-15,19,Sao Paulo,CSA,Brasileirao Serie A 2019,11,3,33,7,6,2,1,3,14,16
2019-09-21,20,Botafogo-RJ,Sao Paulo,Brasileirao Serie A 2019,1,11,14,17,5,7,3,1,14,23
2019-09-21,20,Corinthians,Bahia,Brasileirao Serie A 2019,4,3,15,9,3,3,2,4,12,15
2019-09-21,20,Cruzeiro,Flamengo,Brasileirao Serie A 2019,1,4,9,13,3,5,2,2,9,14
2019-09-21,20,Santos,Gremio,Brasileirao Serie A 2019,9,2,18,12,5,6,1,4,13,15
2019-09-22,20,CSA,Ceara,Brasileirao Serie A 2019,6,11,12,23,5,9,1,2,20,9
2019-09-22,20,Fortaleza,Palmeiras,Brasileirao Serie A 2019,5,5,12,14,1,3,4,1,16,11
2019-09-22,20,Goias,Fluminense,Brasileirao Serie A 2019,4,8,11,8,5,2,4,0,16,10
2019-09-22,20,Internacional,Chapecoense,Brasileirao Serie A 2019,8,3,14,8,3,2,0,4,12,19
2019-09-23,20,Avai,Atletico-MG,Brasileirao Serie A 2019,4,10,11,14,7,4,3,1,11,14
2019-09-25,21,Bahia,Botafogo-RJ,Brasileirao Serie A 2019,5,1,19,3,3,1,1,0,17,9
2019-09-25,21,Ceara,Cruzeiro,Brasileirao Serie A 2019,8,3,19,14,8,3,2,3,18,17
2019-09-25,21,Flamengo,Internacional,Brasileirao Serie A 2019,6,1,21,3,7,2,1,1,16,6
2019-09-25,21,Sao Paulo,Goias,Brasileirao Serie A 2019,10,0,13,3,4,3,2,4,21,24
2019-09-26,21,Athletico-PR,Fortaleza,Brasileirao Serie A 2019,11,7,20,11,9,3,3,0,11,8
2019-09-26,21,Fluminense,Santos,Brasileirao Serie A 2019,1,5,13,19,3,7,2,2,12,15
2019-09-26,21,Gremio,Avai,Brasileirao Serie A 2019,6,2,11,11,8,4,1,1,18,9
2019-09-26,21,Palmeiras,CSA,Brasileirao Serie A 2019,5,2,17,11,11,4,0,1,13,13
2019-09-28,22,Flamengo,Sao Paulo,Brasileirao Serie A 2019,9,2,17,8,8,1,3,4,20,27
2019-09-29,22,Atletico-MG,Ceara,Brasileirao Serie A 2019,5,8,25,8,6,1,0,2,13,12
2019-09-29,22,Corinthians,Vasco,Brasileirao Serie A 2019,5,2,10,15,7,2,3,5,16,23
2019-09-29,22,Fluminense,Gremio,Brasileirao Serie A 2019,2,6,12,15,5,4,1,4,17,9
2019-09-29,22,Internacional,Palmeiras,Brasileirao Serie A 2019,3,3,18,12,6,5,3,2,28,17
2019-09-29,22,Santos,CSA,Brasileirao Serie A 2019,10,4,12,9,5,2,0,2,13,12
2019-09-30,22,Avai,Bahia,Brasileirao Serie A 2019,7,5,14,6,4,2,1,2,16,16
2019-09-30,22,Fortaleza,Botafogo-RJ,Brasileirao Serie A 2019,5,1,16,6,3,2,3,2,15,12
2019-09-30,22,Goias,Cruzeiro,Brasileirao Serie A 2019,0,9,8,11,2,1,0,3,20,19
2019-10-02,21,Atletico-MG,Vasco,Brasileirao Serie A 2019,5,7,14,16,3,5,3,2,18,22
2019-10-02,21,Chapecoense,Corinthians,Brasileirao Serie A 2019,9,7,14,12,4,2,3,2,19,15
2019-10-05,23,Bahia,Athletico-PR,Brasileirao Serie A 2019,4,4,14,13,4,5,2,3,9,14
2019-10-05,23,Cruzeiro,Internacional,Brasileirao Serie A 2019,3,3,16,12,5,2,5,3,18,14
2019-10-05,23,Gremio,Corinthians,Brasileirao Serie A 2019,10,5,18,13,4,2,3,2,12,12
2019-10-05,23,Sao Paulo,Fortaleza,Brasileirao Serie A 2019,9,3,19,7,8,2,3,2,15,14
2019-10-05,23,Vasco,Santos,Brasileirao Serie A 2019,8,2,16,8,2,4,4,2,15,17
2019-10-06,23,Botafogo-RJ,Fluminense,Brasileirao Serie A 2019,5,2,11,12,5,5,4,1,20,20
2019-10-06,23,CSA,Avai,Brasileirao Serie A 2019,4,8,15,17,6,1,3,3,10,11
2019-10-06,23,Ceara,Goias,Brasileirao Serie A 2019,15,9,23,9,5,3,1,0,7,12
2019-10-06,23,Chapecoense,Flamengo,Brasileirao Serie A 2019,1,8,5,24,1,5,1,0,16,20
2019-10-06,23,Palmeiras,Atletico-MG,Brasileirao Serie A 2019,17,2,19,11,7,5,3,4,12,20
2019-10-09,24,Bahia,Sao Paulo,Brasileirao Serie A 2019,3,5,14,8,6,2,2,1,10,15
2019-10-09,24,Botafogo-RJ,Goias,Brasileirao Serie A 2019,5,5,12,18,7,4,4,2,29,18
2019-10-09,24,CSA,Internacional,Brasileirao Serie A 2019,3,11,14,14,4,2,2,2,16,9
2019-10-09,24,Cruzeiro,Fluminense,Brasileirao Serie A 2019,2,5,17,9,8,0,4,3,17,18
2019-10-09,24,Fortaleza,Chapecoense,Brasileirao Serie A 2019,2,6,10,16,5,5,4,2,18,17
2019-10-09,24,Gremio,Ceara,Brasileirao Serie A 2019,4,4,11,10,4,5,0,3,11,19
2019-10-09,24,Santos,Palmeiras,Brasileirao Serie A 2019,2,3,15,13,6,3,1,2,16,13
2019-10-10,24,Avai,Vasco,Brasileirao Serie A 2019,7,6,16,12,2,4,1,1,18,11
2019-10-10,24,Flamengo,Atletico-MG,Brasileirao Serie A 2019,9,2,19,5,6,2,0,3,10,9
2019-10-12,25,Fluminense,Bahia,Brasileirao Serie A 2019,4,7,13,17,3,6,0,1,11,15
2019-10-12,25,Goias,CSA,Brasileirao Serie A 2019,4,2,14,8,3,2,2,3,17,21
2019-10-12,25,Palmeiras,Botafogo-RJ,Brasileirao Serie A 2019,7,2,18,6,7,0,2,2,22,13
2019-10-13,25,Atletico-MG,Gremio,Brasileirao Serie A 2019,4,4,22,14,4,6,4,1,17,8
2019-10-13,25,Ceara,Avai,Brasileirao Serie A 2019,11,0,25,13,6,5,1,3,16,16
2019-10-13,25,Chapecoense,Cruzeiro,Brasileirao Serie A 2019,9,7,22,18,8,6,1,1,12,13
2019-10-13,25,Internacional,Santos,Brasileirao Serie A 2019,9,3,13,11,1,3,2,3,16,18
2019-10-13,25,Sao Paulo,Corinthians,Brasileirao Serie A 2019,2,1,17,3,3,2,0,1,9,10
2019-10-13,25,Vasco,Fortaleza,Brasileirao Serie A 2019,10,3,16,7,5,2,2,3,14,19
2019-10-16,26,CSA,Atletico-MG,Brasileirao Serie A 2019,1,7,10,21,5,7,3,2,18,13
2019-10-16,26,Cruzeiro,Sao Paulo,Brasileirao Serie A 2019,4,2,11,8,2,2,2,2,18,16
2019-10-16,26,Fortaleza,Flamengo,Brasileirao Serie A 2019,4,12,6,11,3,4,1,3,8,16
2019-10-16,26,Goias,Corinthians,Brasileirao Serie A 2019,5,5,20,17,4,5,2,4,10,16
2019-10-16,26,Gremio,Bahia,Brasileirao Serie A 2019,10,6,18,13,6,6,3,2,13,15
2019-10-16,26,Palmeiras,Chapecoense,Brasileirao Serie A 2019,12,4,30,7,8,2,1,3,15,14
2019-10-16,26,Vasco,Botafogo-RJ,Brasileirao Serie A 2019,3,7,16,10,8,3,1,0,15,11
2019-10-17,26,Avai,Internacional,Brasileirao Serie A 2019,6,8,17,26,6,10,1,3,7,16
2019-10-17,26,Santos,Ceara,Brasileirao Serie A 2019,5,7,16,11,4,3,3,4,15,11
2019-10-19,27,Corinthians,Cruzeiro,Brasileirao Serie A 2019,4,4,13,14,4,5,3,1,15,18
2019-10-19,27,Fortaleza,Gremio,Brasileirao Serie A 2019,1,8,10,13,5,4,4,1,13,17
2019-10-20,27,Athletico-PR,Palmeiras,Brasileirao Serie A 2019,2,1,14,8,6,2,1,2,23,11
2019-10-20,27,Atletico-MG,Santos,Brasileirao Serie A 2019,3,7,9,11,4,1,3,4,24,14
2019-10-20,27,Chapecoense,Goias,Brasileirao Serie A 2019,6,9,12,21,4,8,2,5,23,14
2019-10-20,27,Flamengo,Fluminense,Brasileirao Serie A 2019,10,7,16,10,7,4,3,5,23,13
2019-10-20,27,Internacional,Vasco,Brasileirao Serie A 2019,12,3,19,9,7,3,3,1,14,12
2019-10-20,27,Sao Paulo,Avai,Brasileirao Serie A 2019,12,0,22,6,7,1,4,1,23,11
2019-10-21,27,Bahia,Ceara,Brasileirao Serie A 2019,6,17,12,13,4,6,2,3,14,11
2019-10-21,27,Botafogo-RJ,CSA,Brasileirao Serie A 2019,4,3,17,8,5,3,2,1,18,16
2019-10-26,28,Bahia,Internacional,Brasileirao Serie A 2019,6,4,13,17,5,6,1,5,16,11
2019-10-26,28,Ceara,Vasco,Brasileirao Serie A 2019,11,3,17,8,4,3,3,3,11,14
2019-10-26,28,Corinthians,Santos,Brasileirao Serie A 2019,4,3,14,19,5,3,3,1,20,12
2019-10-26,28,Fluminense,Chapecoense,Brasileirao Serie A 2019,5,5,26,13,8,5,1,4,11,14
2019-10-27,28,Avai,Palmeiras,Brasileirao Serie A 2019,6,5,11,16,6,4,3,2,18,17
2019-10-27,28,Flamengo,CSA,Brasileirao Serie A 2019,6,2,18,7,7,4,1,2,20,13
2019-10-27,28,Gremio,Botafogo-RJ,Brasileirao Serie A 2019,5,7,21,9,10,2,3,2,13,9
2019-10-27,28,Sao Paulo,Atletico-MG,Brasileirao Serie A 2019,6,6,16,9,6,3,,,9,11
2019-10-30,29,Atletico-MG,Chapecoense,Brasileirao Serie A 2019,18,2,20,10,1,3,3,3,15,10
2019-10-30,29,Avai,Fortaleza,Brasileirao Serie A 2019,3,4,11,11,3,6,4,1,20,10
2019-10-30,29,CSA,Corinthians,Brasileirao Serie A 2019,5,3,10,12,5,2,6,2,17,10
2019-10-30,29,Ceara,Fluminense,Brasileirao Serie A 2019,4,10,10,21,5,4,1,1,12,8
2019-10-30,29,Palmeiras,Sao Paulo,Brasileirao Serie A 2019,6,3,19,14,8,4,,,12,14
2019-10-30,29,Vasco,Gremio,Brasileirao Serie A 2019,10,4,16,9,1,4,2,2,9,13
2019-10-31,29,Botafogo-RJ,Cruzeiro,Brasileirao Serie A 2019,12,4,20,6,4,3,1,3,15,15
2019-10-31,29,Goias,Flamengo,Brasileirao Serie A 2019,3,9,18,12,4,6,5,3,18,15
2019-10-31,29,Internacional,Athletico-PR,Brasileirao Serie A 2019,3,5,14,10,4,3,3,2,14,22
2019-10-31,29,Santos,Bahia,Brasileirao Serie A 2019,4,0,19,3,5,1,5,3,17,26
2019-11-02,30,Chapecoense,Sao Paulo,Brasileirao Serie A 2019,6,2,27,12,8,6,2,2,19,11
2019-11-02,30,Fluminense,Vasco,Brasileirao Serie A 2019,8,3,20,12,4,1,2,3,7,12
2019-11-02,30,Fortaleza,Atletico-MG,Brasileirao Serie A 2019,7,7,18,16,6,6,3,2,18,19
2019-11-02,30,Palmeiras,Ceara,Brasileirao Serie A 2019,7,5,9,13,2,5,2,2,14,19
2019-11-03,30,Cruzeiro,Bahia,Brasileirao Serie A 2019,3,5,17,13,5,3,2,0,16,11
2019-11-03,30,Flamengo,Corinthians,Brasileirao Serie A 2019,8,2,16,7,5,4,0,1,12,10
2019-11-03,30,Goias,Avai,Brasileirao Serie A 2019,4,3,23,12,6,4,1,3,19,19
2019-11-03,30,Gremio,Internacional,Brasileirao Serie A 2019,5,3,21,5,9,0,2,2,16,16
2019-11-03,30,Santos,Botafogo-RJ,Brasileirao Serie A 2019,9,8,23,13,12,6,1,0,16,8
2019-11-06,31,Atletico-MG,Goias,Brasileirao Serie A 2019,10,8,26,7,11,3,0,2,15,16
2019-11-06,31,Avai,Santos,Brasileirao Serie A 2019,8,6,13,9,4,3,4,2,19,11
2019-11-06,31,Bahia,Chapecoense,Brasileirao Serie A 2019,6,4,23,7,7,2,1,3,20,16
2019-11-06,31,Corinthians,Fortaleza,Brasileirao Serie A 2019,2,6,15,15,6,8,2,3,18,9
2019-11-06,31,Vasco,Palmeiras,Brasileirao Serie A 2019,3,6,8,20,3,6,7,4,17,27
2019-11-07,31,Botafogo-RJ,Flamengo,Brasileirao Serie A 2019,1,10,6,18,2,3,4,2,16,14
2019-11-07,31,Ceara,Internacional,Brasileirao Serie A 2019,6,4,9,16,4,3,2,2,8,11
2019-11-07,31,Gremio,CSA,Brasileirao Serie A 2019,11,3,19,9,3,3,3,2,15,16
2019-11-07,31,Sao Paulo,Fluminense,Brasileirao Serie A 2019,2,2,21,5,4,4,2,1,6,16
2019-11-09,32,Goias,Santos,Brasileirao Serie A 2019,5,4,9,17,2,11,4,2,19,16
2019-11-09,32,Palmeiras,Corinthians,Brasileirao Serie A 2019,9,2,21,7,7,2,2,1,12,18
2019-11-10,32,CSA,Vasco,Brasileirao Serie A 2019,5,3,20,8,5,6,1,2,17,18
2019-11-10,32,Chapecoense,Gremio,Brasileirao Serie A 2019,5,2,17,7,2,2,2,2,10,13
2019-11-10,32,Cruzeiro,Atletico-MG,Brasileirao Serie A 2019,4,8,16,17,2,0,1,1,9,12
2019-11-10,32,Flamengo,Bahia,Brasileirao Serie A 2019,11,2,21,9,8,2,1,0,10,11
2019-11-10,32,Fortaleza,Ceara,Brasileirao Serie A 2019,3,8,9,15,2,3,4,4,13,17
2019-11-10,32,Internacional,Fluminense,Brasileirao Serie A 2019,4,3,15,14,5,5,3,2,16,9
2019-11-11,32,Botafogo-RJ,Avai,Brasileirao Serie A 2019,4,4,17,17,4,5,4,2,19,16
2019-11-13,34,Flamengo,Vasco,Brasileirao Serie A 2019,5,4,11,9,4,6,6,5,23,25
2019-11-16,33,Fluminense,Atletico-MG,Brasileirao Serie A 2019,1,2,15,13,4,5,2,3,15,15
2019-11-16,33,Santos,Sao Paulo,Brasileirao Serie A 2019,3,4,16,15,3,4,0,3,14,25
2019-11-17,33,Bahia,Palmeiras,Brasileirao Serie A 2019,2,4,15,22,5,5,2,0,17,16
2019-11-17,33,Chapecoense,Ceara,Brasileirao Serie A 2019,6,5,12,15,5,6,2,1,13,15
2019-11-17,33,Corinthians,Internacional,Brasileirao Serie A 2019,5,3,14,13,3,2,0,2,9,19
2019-11-17,33,Fortaleza,CSA,Brasileirao Serie A 2019,4,3,15,8,6,2,0,1,10,20
2019-11-17,33,Gremio,Flamengo,Brasileirao Serie A 2019,10,0,22,9,6,5,1,2,9,15
2019-11-18,33,Cruzeiro,Avai,Brasileirao Serie A 2019,17,2,16,10,3,4,3,2,14,20
2019-11-18,33,Vasco,Goias,Brasileirao Serie A 2019,3,16,9,21,3,6,2,2,22,16
2019-11-23,34,Santos,Cruzeiro,Brasileirao Serie A 2019,10,4,25,9,11,2,2,2,16,19
2019-11-24,34,Avai,Chapecoense,Brasileirao Serie A 2019,4,4,13,15,2,2,0,1,11,15
2019-11-24,34,Botafogo-RJ,Corinthians,Brasileirao Serie A 2019,2,8,8,25,5,5,4,2,11,19
2019-11-24,34,Ceara,Sao Paulo,Brasileirao Serie A 2019,13,5,18,6,6,2,3,1,12,16
2019-11-24,34,Goias,Bahia,Brasileirao Serie A 2019,4,5,13,10,5,3,2,2,14,23
2019-11-24,34,Internacional,Fortaleza,Brasileirao Serie A 2019,9,3,23,6,6,3,4,2,16,12
2019-11-24,34,Palmeiras,Gremio,Brasileirao Serie A 2019,4,4,17,7,6,3,2,3,14,14
2019-11-25,34,CSA,Fluminense,Brasileirao Serie A 2019,5,3,18,19,4,7,2,2,15,14
2019-11-27,35,Bahia,Atletico-MG,Brasileirao Serie A 2019,10,4,16,10,4,3,1,1,12,20
2019-11-27,35,Chapecoense,Botafogo-RJ,Brasileirao Serie A 2019,5,2,25,9,3,2,2,3,12,18
2019-11-27,35,Corinthians,Avai,Brasileirao Serie A 2019,7,3,32,9,9,1,0,1,15,13
2019-11-27,35,Flamengo,Ceara,Brasileirao Serie A 2019,13,3,27,5,7,1,2,1,13,10
2019-11-27,35,Internacional,Goias,Brasileirao Serie A 2019,11,3,24,13,9,7,2,4,22,24
2019-11-28,35,Cruzeiro,CSA,Brasileirao Serie A 2019,9,1,21,5,9,3,0,4,9,16
2019-11-28,35,Fluminense,Palmeiras,Brasileirao Serie A 2019,2,6,13,10,4,3,3,4,15,20
2019-11-28,35,Fortaleza,Santos,Brasileirao Serie A 2019,5,8,11,14,3,4,2,6,16,17
2019-11-28,35,Sao Paulo,Vasco,Brasileirao Serie A 2019,5,5,15,10,6,5,4,2,29,16
2019-11-30,36,Botafogo-RJ,Internacional,Brasileirao Serie A 2019,5,9,8,17,1,7,2,3,8,14
2019-11-30,36,Ceara,Athletico-PR,Brasileirao Serie A 2019,6,4,16,10,8,3,7,1,17,16
2019-12-01,36,Atletico-MG,Corinthians,Brasileirao Serie A 2019,7,5,14,13,9,4,3,1,15,8
2019-12-01,36,Avai,Fluminense,Brasileirao Serie A 2019,3,4,5,7,1,2,4,5,26,20
2019-12-01,36,CSA,Bahia,Brasileirao Serie A 2019,6,8,13,17,4,8,3,3,9,12
2019-12-01,36,Goias,Fortaleza,Brasileirao Serie A 2019,14,6,19,11,4,6,1,4,11,15
2019-12-01,36,Gremio,Sao Paulo,Brasileirao Serie A 2019,1,5,13,10,4,1,,,15,16
2019-12-01,36,Palmeiras,Flamengo,Brasileirao Serie A 2019,3,6,14,9,5,8,1,2,18,21
2019-12-01,36,Santos,Chapecoense,Brasileirao Serie A 2019,3,2,11,4,5,0,3,4,18,19
2019-12-02,36,Vasco,Cruzeiro,Brasileirao Serie A 2019,2,17,6,14,1,1,3,3,16,19
2019-12-04,37,Athletico-PR,Santos,Brasileirao Serie A 2019,6,3,9,9,3,3,2,3,16,9
2019-12-04,37,Atletico-MG,Botafogo-RJ,Brasileirao Serie A 2019,11,8,27,13,8,6,1,3,11,10
2019-12-04,37,Ceara,Corinthians,Brasileirao Serie A 2019,9,6,9,19,2,3,2,4,15,14
2019-12-04,37,Chapecoense,CSA,Brasileirao Serie A 2019,2,5,19,10,6,3,1,1,21,13
2019-12-04,37,Fluminense,Fortaleza,Brasileirao Serie A 2019,6,1,13,13,3,4,1,0,16,9
2019-12-04,37,Sao Paulo,Internacional,Brasileirao Serie A 2019,8,2,19,11,8,3,3,4,20,19
2019-12-05,37,Bahia,Vasco,Brasileirao Serie A 2019,2,6,15,10,4,4,2,2,21,11
2019-12-05,37,Flamengo,Avai,Brasileirao Serie A 2019,8,3,21,8,13,3,0,1,18,13
2019-12-05,37,Gremio,Cruzeiro,Brasileirao Serie A 2019,5,6,14,13,7,2,0,3,11,21
2019-12-05,37,Palmeiras,Goias,Brasileirao Serie A 2019,1,3,10,10,6,3,5,1,21,13
2019-12-08,38,Botafogo-RJ,Ceara,Brasileirao Serie A 2019,3,6,15,14,2,2,0,2,12,19
2019-12-08,38,CSA,Sao Paulo,Brasileirao Serie A 2019,6,4,24,13,6,4,1,2,17,24
2019-12-08,38,Corinthians,Fluminense,Brasileirao Serie A 2019,3,5,16,10,3,3,1,3,21,14
2019-12-08,38,Cruzeiro,Palmeiras,Brasileirao Serie A 2019,4,3,9,8,3,5,0,1,11,11
2019-12-08,38,Fortaleza,Bahia,Brasileirao Serie A 2019,2,3,8,11,4,4,2,1,9,15
2019-12-08,38,Goias,Gremio,Brasileirao Serie A 2019,7,4,18,15,6,6,1,1,21,8
2019-12-08,38,Internacional,Atletico-MG,Brasileirao Serie A 2019,18,3,20,10,7,4,4,1,11,16
2019-12-08,38,Santos,Flamengo,Brasileirao Serie A 2019,3,5,21,5,8,1,2,3,12,15
2019-12-08,38,Vasco,Chapecoense,Brasileirao Serie A 2019,7,2,24,9,7,2,2,3,18,16
2020-08-08,1,Coritiba,Internacional,Brasileirao Serie A 2020,2,6,2,11,0,4,3,4,11,21
2020-08-08,1,Fortaleza,Athletico-PR,Brasileirao Serie A 2020,4,4,11,13,3,5,3,2,14,10
2020-08-08,1,Sport,Ceara,Brasileirao Serie A 2020,2,4,9,11,3,5,3,3,15,18
2020-08-09,1,Flamengo,Atletico-MG,Brasileirao Serie A 2020,9,2,17,10,2,4,3,2,12,24
2020-08-09,1,Gremio,Fluminense,Brasileirao Serie A 2020,6,3,15,10,4,4,2,3,24,16
2020-08-09,1,Santos,Bragantino,Brasileirao Serie A 2020,4,2,10,18,4,6,0,1,10,19
2020-08-12,2,Athletico-PR,Goias,Brasileirao Serie A 2020,3,3,19,13,4,3,3,3,16,18
2020-08-12,2,Atletico-GO,Flamengo,Brasileirao Serie A 2020,11,5,13,9,7,3,1,1,15,19
2020-08-12,2,Atletico-MG,Corinthians,Brasileirao Serie A 2020,8,4,25,8,13,5,0,1,19,11
2020-08-12,2,Bahia,Coritiba,Brasileirao Serie A 2020,3,8,12,15,5,3,0,5,16,18
2020-08-12,2,Bragantino,Botafogo-RJ,Brasileirao Serie A 2020,12,3,23,9,8,3,3,1,13,8
2020-08-12,2,Ceara,Gremio,Brasileirao Serie A 2020,1,7,11,14,5,8,3,1,17,7
2020-08-12,2,Fluminense,Palmeiras,Brasileirao Serie A 2020,3,3,10,9,1,1,3,3,20,31
2020-08-13,2,Internacional,Santos,Brasileirao Serie A 2020,9,4,25,6,7,1,2,3,28,14
2020-08-13,2,Sao Paulo,Fortaleza,Brasileirao Serie A 2020,5,7,13,12,3,3,1,2,16,18
2020-08-13,2,Vasco,Sport,Brasileirao Serie A 2020,5,8,9,13,6,1,2,3,29,17
2020-08-15,3,Coritiba,Flamengo,Brasileirao Serie A 2020,5,5,9,18,2,7,4,3,25,16
2020-08-15,3,Gremio,Corinthians,Brasileirao Serie A 2020,7,5,24,5,8,2,2,3,16,14
2020-08-15,3,Palmeiras,Goias,Brasileirao Serie A 2020,6,2,12,11,3,5,1,3,11,16
2020-08-16,3,Atletico-GO,Sport,Brasileirao Serie A 2020,4,9,11,15,4,4,0,2,13,15
2020-08-16,3,Atletico-MG,Ceara,Brasileirao Serie A 2020,4,0,11,13,6,1,2,4,14,16
2020-08-16,3,Bahia,Bragantino,Brasileirao Serie A 2020,3,7,10,16,4,3,1,1,16,16
2020-08-16,3,Fluminense,Internacional,Brasileirao Serie A 2020,1,4,10,9,5,3,2,2,13,24
2020-08-16,3,Fortaleza,Botafogo-RJ,Brasileirao Serie A 2020,4,7,12,15,1,6,2,1,9,8
2020-08-16,3,Santos,Athletico-PR,Brasileirao Serie A 2020,2,6,11,12,6,2,1,1,9,22
2020-08-16,3,Vasco,Sao Paulo,Brasileirao Serie A 2020,3,4,8,11,3,5,2,5,16,15
2020-08-19,4,Athletico-PR,Palmeiras,Brasileirao Serie A 2020,5,8,6,10,0,3,5,0,23,20
2020-08-19,4,Botafogo-RJ,Atletico-MG,Brasileirao Serie A 2020,7,16,10,31,5,9,2,0,9,10
2020-08-19,4,Bragantino,Fluminense,Brasileirao Serie A 2020,6,4,13,9,3,4,5,5,19,14
2020-08-19,4,Corinthians,Coritiba,Brasileirao Serie A 2020,10,0,23,9,13,4,2,1,15,7
2020-08-19,4,Flamengo,Gremio,Brasileirao Serie A 2020,1,2,8,10,2,2,3,3,17,20
2020-08-19,4,Goias,Fortaleza,Brasileirao Serie A 2020,2,6,13,13,4,3,4,2,16,15
2020-08-19,4,Internacional,Atletico-GO,Brasileirao Serie A 2020,4,3,11,7,5,1,3,3,19,17
2020-08-20,4,Ceara,Vasco,Brasileirao Serie A 2020,13,2,22,5,2,4,3,3,18,14
2020-08-20,4,Sao Paulo,Bahia,Brasileirao Serie A 2020,5,6,25,8,5,5,2,2,14,16
2020-08-20,4,Sport,Santos,Brasileirao Serie A 2020,4,5,11,16,5,5,5,2,23,17
2020-08-22,5,Athletico-PR,Fluminense,Brasileirao Serie A 2020,7,2,14,9,5,2,4,3,21,12
2020-08-22,5,Goias,Atletico-GO,Brasileirao Serie A 2020,3,11,6,16,2,4,5,2,26,19
2020-08-22,5,Internacional,Atletico-MG,Brasileirao Serie A 2020,2,5,6,11,3,1,1,2,20,21
2020-08-23,5,Bragantino,Coritiba,Brasileirao Serie A 2020,10,3,15,7,2,4,2,0,17,18
2020-08-23,5,Ceara,Bahia,Brasileirao Serie A 2020,6,11,11,16,4,7,1,2,21,7
2020-08-23,5,Flamengo,Botafogo-RJ,Brasileirao Serie A 2020,5,4,15,7,5,1,3,3,15,17
2020-08-23,5,Palmeiras,Santos,Brasileirao Serie A 2020,5,6,17,8,5,1,5,2,21,15
2020-08-23,5,Sport,Sao Paulo,Brasileirao Serie A 2020,0,3,10,11,2,4,2,3,21,25
2020-08-23,5,Vasco,Gremio,Brasileirao Serie A 2020,6,4,10,14,3,4,5,2,23,17
2020-08-26,5,Corinthians,Fortaleza,Brasileirao Serie A 2020,5,1,21,10,7,3,0,2,14,12
2020-08-26,11,Sao Paulo,Athletico-PR,Brasileirao Serie A 2020,4,1,15,5,5,3,2,1,13,16
2020-08-29,6,Bahia,Palmeiras,Brasileirao Serie A 2020,8,2,9,11,1,5,2,2,15,16
2020-08-29,6,Botafogo-RJ,Internacional,Brasileirao Serie A 2020,5,3,7,7,2,4,3,1,14,24
2020-08-29,6,Fluminense,Vasco,Brasileirao Serie A 2020,2,4,12,9,3,4,4,1,19,16
2020-08-29,6,Fortaleza,Bragantino,Brasileirao Serie A 2020,3,4,13,5,6,2,2,2,22,10
2020-08-30,6,Atletico-GO,Ceara,Brasileirao Serie A 2020,4,4,14,13,4,5,1,2,16,11
2020-08-30,6,Coritiba,Sport,Brasileirao Serie A 2020,5,2,13,6,3,2,1,4,14,19
2020-08-30,6,Santos,Flamengo,Brasileirao Serie A 2020,9,2,22,10,6,6,6,7,14,26
2020-08-30,6,Sao Paulo,Corinthians,Brasileirao Serie A 2020,7,4,14,7,5,5,3,0,16,22
2020-09-02,7,Athletico-PR,Bragantino,Brasileirao Serie A 2020,2,8,11,18,5,3,2,2,15,12
2020-09-02,7,Bahia,Flamengo,Brasileirao Serie A 2020,5,6,14,20,6,9,1,2,8,17
2020-09-02,7,Botafogo-RJ,Coritiba,Brasileirao Serie A 2020,6,6,17,7,6,3,1,1,23,21
2020-09-02,7,Ceara,Fortaleza,Brasileirao Serie A 2020,2,6,9,5,4,0,2,2,22,18
2020-09-02,7,Fluminense,Atletico-GO,Brasileirao Serie A 2020,2,9,11,15,4,3,2,1,14,16
2020-09-02,7,Goias,Corinthians,Brasileirao Serie A 2020,3,6,11,11,3,4,1,3,16,12
2020-09-02,7,Palmeiras,Internacional,Brasileirao Serie A 2020,5,4,11,8,1,2,3,5,21,23
2020-09-02,7,Santos,Vasco,Brasileirao Serie A 2020,9,2,13,9,5,3,2,3,17,21
2020-09-03,7,Atletico-MG,Sao Paulo,Brasileirao Serie A 2020,5,3,14,13,8,4,,,18,11
2020-09-03,7,Gremio,Sport,Brasileirao Serie A 2020,11,1,29,5,7,3,1,5,10,11
2020-09-05,8,Ceara,Santos,Brasileirao Serie A 2020,7,5,16,7,8,4,2,4,21,16
2020-09-05,8,Corinthians,Botafogo-RJ,Brasileirao Serie A 2020,12,6,15,13,6,3,3,1,18,10
2020-09-05,8,Flamengo,Fortaleza,Brasileirao Serie A 2020,11,3,18,4,8,2,1,1,12,21
2020-09-06,8,Atletico-GO,Gremio,Brasileirao Serie A 2020,3,3,8,6,2,2,1,2,16,13
2020-09-06,8,Bragantino,Palmeiras,Brasileirao Serie A 2020,5,3,20,14,4,4,1,3,23,12
2020-09-06,8,Coritiba,Atletico-MG,Brasileirao Serie A 2020,4,4,13,21,3,2,1,3,14,19
2020-09-06,8,Internacional,Bahia,Brasileirao Serie A 2020,8,5,9,9,5,4,2,3,11,12
2020-09-06,8,Sao Paulo,Fluminense,Brasileirao Serie A 2020,3,2,15,10,3,4,3,0,21,13
2020-09-06,8,Sport,Goias,Brasileirao Serie A 2020,9,4,17,10,6,4,1,0,18,17
2020-09-06,8,Vasco,Athletico-PR,Brasileirao Serie A 2020,3,2,8,14,2,4,1,1,7,16
2020-09-09,9,Athletico-PR,Botafogo-RJ,Brasileirao Serie A 2020,7,3,17,11,3,5,1,0,19,10
2020-09-09,9,Fluminense,Flamengo,Brasileirao Serie A 2020,7,6,17,13,3,6,1,1,15,16
2020-09-09,9,Fortaleza,Sport,Brasileirao Serie A 2020,6,1,12,4,4,1,5,1,27,14
2020-09-09,9,Goias,Coritiba,Brasileirao Serie A 2020,9,2,18,13,6,3,4,2,27,13
2020-09-09,9,Santos,Atletico-MG,Brasileirao Serie A 2020,4,5,8,16,4,4,1,2,11,15
2020-09-09,9,Sao Paulo,Bragantino,Brasileirao Serie A 2020,5,1,14,10,5,2,4,2,18,18
2020-09-10,9,Bahia,Gremio,Brasileirao Serie A 2020,8,4,17,18,6,6,1,2,12,9
2020-09-10,9,Corinthians,Palmeiras,Brasileirao Serie A 2020,5,6,10,21,4,8,2,2,13,16
2020-09-10,9,Internacional,Ceara,Brasileirao Serie A 2020,10,3,17,6,9,1,0,2,15,16
2020-09-10,9,Vasco,Atletico-GO,Brasileirao Serie A 2020,1,4,9,13,5,7,2,1,15,23
2020-09-12,10,Athletico-PR,Coritiba,Brasileirao Serie A 2020,9,6,10,5,2,1,4,0,21,12
2020-09-12,10,Santos,Sao Paulo,Brasileirao Serie A 2020,5,2,10,12,5,6,3,2,18,20
2020-09-13,10,Atletico-MG,Bragantino,Brasileirao Serie A 2020,8,3,14,12,7,4,1,1,13,18
2020-09-13,10,Bahia,Atletico-GO,Brasileirao Serie A 2020,5,5,9,12,2,4,2,2,16,20
2020-09-13,10,Botafogo-RJ,Vasco,Brasileirao Serie A 2020,5,4,25,14,9,6,2,2,18,8
2020-09-13,10,Ceara,Flamengo,Brasileirao Serie A 2020,5,8,8,11,3,2,1,0,8,6
2020-09-13,10,Fluminense,Corinthians,Brasileirao Serie A 2020,5,8,15,9,3,3,2,4,14,15
2020-09-13,10,Goias,Internacional,Brasileirao Serie A 2020,0,12,6,15,1,4,4,3,10,14
2020-09-13,10,Gremio,Fortaleza,Brasileirao Serie A 2020,6,2,14,3,3,2,1,2,11,13
2020-09-13,10,Palmeiras,Sport,Brasileirao Serie A 2020,6,2,20,9,7,4,1,3,15,12
2020-09-16,11,Corinthians,Bahia,Brasileirao Serie A 2020,4,11,11,25,5,7,3,2,15,13
2020-09-19,11,Atletico-GO,Atletico-MG,Brasileirao Serie A 2020,6,4,15,14,9,8,2,0,16,14
2020-09-19,11,Bragantino,Ceara,Brasileirao Serie A 2020,5,9,18,13,9,6,4,3,24,11
2020-09-19,11,Fortaleza,Internacional,Brasileirao Serie A 2020,3,7,12,11,3,1,1,3,9,20
2020-09-20,11,Botafogo-RJ,Santos,Brasileirao Serie A 2020,8,10,7,21,1,6,4,2,15,13
2020-09-20,11,Coritiba,Vasco,Brasileirao Serie A 2020,6,6,11,11,2,3,1,2,14,15
2020-09-20,11,Gremio,Palmeiras,Brasileirao Serie A 2020,6,3,13,9,3,2,2,3,21,21
2020-09-20,11,Sport,Fluminense,Brasileirao Serie A 2020,5,8,8,18,3,4,0,1,10,9
2020-09-23,12,Sport,Corinthians,Brasileirao Serie A 2020,3,8,9,16,2,2,3,4,11,15
2020-09-26,12,Athletico-PR,Bahia,Brasileirao Serie A 2020,1,6,13,14,3,4,4,1,20,11
2020-09-26,12,Atletico-MG,Gremio,Brasileirao Serie A 2020,9,4,20,9,6,4,1,1,20,11
2020-09-26,12,Internacional,Sao Paulo,Brasileirao Serie A 2020,1,4,4,19,1,6,2,0,16,16
2020-09-27,12,Atletico-GO,Botafogo-RJ,Brasileirao Serie A 2020,7,5,10,16,2,5,2,3,16,12
2020-09-27,12,Ceara,Goias,Brasileirao Serie A 2020,11,7,19,10,5,7,3,4,13,14
2020-09-27,12,Palmeiras,Flamengo,Brasileirao Serie A 2020,5,4,17,10,7,4,4,2,14,16
2020-09-27,12,Santos,Fortaleza,Brasileirao Serie A 2020,9,5,15,12,6,3,1,1,12,20
2020-09-27,12,Vasco,Bragantino,Brasileirao Serie A 2020,2,5,11,12,1,3,2,1,9,16
2020-09-28,12,Fluminense,Coritiba,Brasileirao Serie A 2020,5,4,15,10,7,1,1,1,16,19
2020-09-30,1,Botafogo-RJ,Bahia,Brasileirao Serie A 2020,8,5,15,12,2,4,2,3,18,14
2020-09-30,1,Corinthians,Atletico-GO,Brasileirao Serie A 2020,4,7,12,18,4,6,2,0,18,12
2020-10-03,13,Bragantino,Corinthians,Brasileirao Serie A 2020,3,8,10,12,2,4,1,2,18,13
2020-10-03,13,Gremio,Internacional,Brasileirao Serie A 2020,5,5,14,8,5,2,0,1,15,16
2020-10-03,13,Palmeiras,Ceara,Brasileirao Serie A 2020,9,4,28,10,11,5,1,4,10,20
2020-10-04,13,Bahia,Sport,Brasileirao Serie A 2020,11,0,24,5,11,2,2,3,15,13
2020-10-04,13,Botafogo-RJ,Fluminense,Brasileirao Serie A 2020,7,4,17,8,7,5,0,1,20,21
2020-10-04,13,Coritiba,Sao Paulo,Brasileirao Serie A 2020,2,11,3,19,1,5,2,3,13,12
2020-10-04,13,Flamengo,Athletico-PR,Brasileirao Serie A 2020,4,5,13,10,7,3,3,4,18,22
2020-10-04,13,Fortaleza,Atletico-GO,Brasileirao Serie A 2020,8,1,16,7,5,2,5,5,8,14
2020-10-04,13,Goias,Santos,Brasileirao Serie A 2020,2,4,14,10,4,4,3,3,16,15
2020-10-07,14,Bahia,Vasco,Brasileirao Serie A 2020,4,6,13,10,6,1,4,2,18,15
2020-10-07,14,Botafogo-RJ,Palmeiras,Brasileirao Serie A 2020,2,5,11,19,4,4,4,4,16,15
2020-10-07,14,Corinthians,Santos,Brasileirao Serie A 2020,6,3,13,6,4,2,2,2,19,16
2020-10-07,14,Flamengo,Sport,Brasileirao Serie A 2020,8,6,16,14,7,1,0,3,14,16
2020-10-07,14,Fortaleza,Atletico-MG,Brasileirao Serie A 2020,1,8,7,15,3,4,2,3,9,19
2020-10-07,14,Goias,Fluminense,Brasileirao Serie A 2020,5,4,12,10,3,5,3,2,19,15
2020-10-07,14,Gremio,Coritiba,Brasileirao Serie A 2020,6,6,11,13,5,3,2,2,18,21
2020-10-07,14,Sao Paulo,Atletico-GO,Brasileirao Serie A 2020,5,3,25,15,8,5,3,2,17,12
2020-10-08,14,Athletico-PR,Ceara,Brasileirao Serie A 2020,3,3,15,13,1,4,3,2,11,12
2020-10-08,14,Bragantino,Internacional,Brasileirao Serie A 2020,7,2,13,8,2,5,3,3,18,22
2020-10-10,15,Atletico-MG,Goias,Brasileirao Serie A 2020,8,1,23,4,11,3,0,1,14,11
2020-10-10,15,Coritiba,Fortaleza,Brasileirao Serie A 2020,2,4,10,12,2,2,1,0,20,12
2020-10-10,15,Palmeiras,Sao Paulo,Brasileirao Serie A 2020,8,4,9,13,3,4,2,1,15,17
2020-10-10,15,Vasco,Flamengo,Brasileirao Serie A 2020,5,5,13,8,4,3,2,5,14,25
2020-10-11,15,Atletico-GO,Bragantino,Brasileirao Serie A 2020,7,11,24,19,8,5,1,1,17,18
2020-10-11,15,Ceara,Corinthians,Brasileirao Serie A 2020,6,6,15,10,4,3,4,1,9,10
2020-10-11,15,Fluminense,Bahia,Brasileirao Serie A 2020,3,4,8,12,2,1,2,3,26,18
2020-10-11,15,Internacional,Athletico-PR,Brasileirao Serie A 2020,6,1,13,14,6,4,2,0,19,14
2020-10-11,15,Santos,Gremio,Brasileirao Serie A 2020,4,7,11,11,6,4,2,2,17,14
2020-10-11,15,Sport,Botafogo-RJ,Brasileirao Serie A 2020,6,8,17,11,3,4,3,1,11,15
2020-10-13,11,Flamengo,Goias,Brasileirao Serie A 2020,9,4,31,7,12,4,1,4,12,12
2020-10-14,16,Athletico-PR,Corinthians,Brasileirao Serie A 2020,8,2,16,13,9,6,3,3,18,14
2020-10-14,16,Atletico-MG,Fluminense,Brasileirao Serie A 2020,9,4,14,11,8,3,3,1,11,9
2020-10-14,16,Gremio,Botafogo-RJ,Brasileirao Serie A 2020,1,4,10,16,4,3,3,2,11,13
2020-10-14,16,Palmeiras,Coritiba,Brasileirao Serie A 2020,6,2,16,12,5,9,3,2,13,20
2020-10-14,16,Santos,Atletico-GO,Brasileirao Serie A 2020,7,2,12,8,3,1,3,3,18,21
2020-10-14,16,Sport,Internacional,Brasileirao Serie A 2020,2,7,13,14,5,8,3,2,6,19
2020-10-15,16,Flamengo,Bragantino,Brasileirao Serie A 2020,5,1,19,12,10,3,2,1,16,14
2020-10-16,16,Goias,Bahia,Brasileirao Serie A 2020,5,2,10,13,4,3,5,3,16,18
2020-10-17,17,Atletico-GO,Athletico-PR,Brasileirao Serie A 2020,2,11,11,17,1,6,3,5,10,20
2020-10-17,17,Coritiba,Santos,Brasileirao Serie A 2020,9,1,18,6,4,2,5,2,18,25
2020-10-17,17,Fluminense,Ceara,Brasileirao Serie A 2020,4,3,6,17,3,4,3,3,17,16
2020-10-17,17,Sao Paulo,Gremio,Brasileirao Serie A 2020,2,7,8,11,1,2,4,2,24,15
2020-10-18,17,Bragantino,Sport,Brasileirao Serie A 2020,8,6,18,3,4,1,2,2,13,13
2020-10-18,17,Corinthians,Flamengo,Brasileirao Serie A 2020,10,3,19,9,7,6,4,5,14,13
2020-10-18,17,Fortaleza,Palmeiras,Brasileirao Serie A 2020,1,7,10,14,4,3,2,3,14,19
2020-10-18,17,Internacional,Vasco,Brasileirao Serie A 2020,6,3,13,8,7,3,1,1,17,11
2020-10-19,17,Bahia,Atletico-MG,Brasileirao Serie A 2020,2,8,13,20,6,4,4,1,14,14
2020-10-19,17,Botafogo-RJ,Goias,Brasileirao Serie A 2020,11,5,23,12,6,4,2,1,18,11
2020-10-21,18,Vasco,Corinthians,Brasileirao Serie A 2020,9,6,17,12,8,4,1,2,12,18
2020-10-24,18,Atletico-MG,Sport,Brasileirao Serie A 2020,13,4,26,3,9,0,1,0,10,11
2020-10-24,18,Bragantino,Goias,Brasileirao Serie A 2020,6,4,14,7,5,1,0,3,17,15
2020-10-24,18,Ceara,Coritiba,Brasileirao Serie A 2020,5,8,15,15,4,6,3,1,22,12
2020-10-25,18,Athletico-PR,Gremio,Brasileirao Serie A 2020,4,2,5,8,1,2,3,1,15,11
2020-10-25,18,Atletico-GO,Palmeiras,Brasileirao Serie A 2020,6,3,21,12,5,4,1,4,15,17
2020-10-25,18,Fluminense,Santos,Brasileirao Serie A 2020,10,8,19,9,8,2,5,4,13,18
2020-10-25,18,Internacional,Flamengo,Brasileirao Serie A 2020,1,7,10,16,5,6,6,5,16,16
2020-10-31,19,Botafogo-RJ,Ceara,Brasileirao Serie A 2020,4,2,12,10,7,4,3,4,17,19
2020-10-31,19,Corinthians,Internacional,Brasileirao Serie A 2020,2,4,8,7,3,0,4,3,16,13
2020-10-31,19,Coritiba,Atletico-GO,Brasileirao Serie A 2020,0,12,5,14,1,5,2,5,22,18
2020-10-31,19,Fortaleza,Fluminense,Brasileirao Serie A 2020,3,7,4,11,1,4,2,1,14,18
2020-11-01,19,Flamengo,Sao Paulo,Brasileirao Serie A 2020,6,4,17,13,7,7,4,3,18,18
2020-11-01,19,Goias,Vasco,Brasileirao Serie A 2020,2,6,19,7,10,1,5,7,16,20
2020-11-01,19,Santos,Bahia,Brasileirao Serie A 2020,6,9,9,21,6,6,4,2,19,13
2020-11-01,19,Sport,Athletico-PR,Brasileirao Serie A 2020,2,5,11,12,3,2,2,1,17,15
2020-11-02,19,Gremio,Bragantino,Brasileirao Serie A 2020,3,4,11,13,3,7,1,1,13,12
2020-11-02,19,Palmeiras,Atletico-MG,Brasileirao Serie A 2020,3,9,19,16,8,2,2,1,10,12
2020-11-07,20,Athletico-PR,Fortaleza,Brasileirao Serie A 2020,10,3,21,11,6,5,3,2,20,14
2020-11-07,20,Atletico-GO,Corinthians,Brasileirao Serie A 2020,7,3,16,6,5,2,3,4,22,25
2020-11-07,20,Sao Paulo,Goias,Brasileirao Serie A 2020,10,2,20,8,9,3,2,0,9,19
2020-11-08,20,Atletico-MG,Flamengo,Brasileirao Serie A 2020,2,7,9,13,4,5,5,4,21,13
2020-11-08,20,Bahia,Botafogo-RJ,Brasileirao Serie A 2020,4,4,20,10,5,3,2,3,19,17
2020-11-08,20,Bragantino,Santos,Brasileirao Serie A 2020,5,3,12,4,2,0,1,4,15,20
2020-11-08,20,Ceara,Sport,Brasileirao Serie A 2020,9,1,25,3,6,0,0,3,17,13
2020-11-08,20,Fluminense,Gremio,Brasileirao Serie A 2020,4,5,12,13,4,4,0,1,12,13
2020-11-08,20,Internacional,Coritiba,Brasileirao Serie A 2020,9,3,12,10,4,3,2,3,9,13
2020-11-08,20,Vasco,Palmeiras,Brasileirao Serie A 2020,0,4,9,8,3,3,1,3,17,19
2020-11-11,18,Bahia,Fortaleza,Brasileirao Serie A 2020,4,7,13,8,6,1,3,3,14,11
2020-11-14,21,Corinthians,Atletico-MG,Brasileirao Serie A 2020,6,6,8,13,1,4,3,5,29,11
2020-11-14,21,Flamengo,Atletico-GO,Brasileirao Serie A 2020,11,4,20,10,7,5,2,1,15,16
2020-11-14,21,Fortaleza,Sao Paulo,Brasileirao Serie A 2020,2,3,12,7,5,4,2,4,15,18
2020-11-14,21,Goias,Athletico-PR,Brasileirao Serie A 2020,8,10,11,16,1,8,5,1,14,12
2020-11-14,21,Gremio,Ceara,Brasileirao Serie A 2020,3,4,16,11,7,3,1,2,8,14
2020-11-14,21,Palmeiras,Fluminense,Brasileirao Serie A 2020,3,5,9,15,5,5,2,2,15,8
2020-11-14,21,Santos,Internacional,Brasileirao Serie A 2020,2,7,10,12,7,6,1,2,24,18
2020-11-14,21,Sport,Vasco,Brasileirao Serie A 2020,4,2,13,14,3,4,0,2,14,21
2020-11-16,21,Botafogo-RJ,Bragantino,Brasileirao Serie A 2020,7,3,12,11,3,5,0,3,16,18
2020-11-16,21,Coritiba,Bahia,Brasileirao Serie A 2020,7,5,16,15,2,5,3,4,12,12
2020-11-18,6,Atletico-MG,Athletico-PR,Brasileirao Serie A 2020,9,1,21,10,6,6,1,2,8,24
2020-11-19,16,Vasco,Fortaleza,Brasileirao Serie A 2020,4,11,12,18,5,5,2,0,11,20
2020-11-20,22,Bragantino,Bahia,Brasileirao Serie A 2020,5,9,12,8,7,1,2,4,16,13
2020-11-21,22,Athletico-PR,Santos,Brasileirao Serie A 2020,9,2,13,5,4,4,0,2,22,13
2020-11-21,22,Flamengo,Coritiba,Brasileirao Serie A 2020,4,4,23,6,9,1,1,3,16,18
2020-11-21,22,Goias,Palmeiras,Brasileirao Serie A 2020,1,4,8,14,2,3,2,2,20,15
2020-11-22,22,Botafogo-RJ,Fortaleza,Brasileirao Serie A 2020,7,5,19,11,6,6,1,1,18,15
2020-11-22,22,Ceara,Atletico-MG,Brasileirao Serie A 2020,2,7,11,18,5,4,4,1,11,12
2020-11-22,22,Corinthians,Gremio,Brasileirao Serie A 2020,4,12,7,15,1,3,1,1,12,14
2020-11-22,22,Internacional,Fluminense,Brasileirao Serie A 2020,4,4,13,7,4,2,2,4,20,20
2020-11-22,22,Sao Paulo,Vasco,Brasileirao Serie A 2020,7,4,17,6,5,3,2,4,7,19
2020-11-23,22,Sport,Atletico-GO,Brasileirao Serie A 2020,10,5,11,12,1,4,1,3,17,16
2020-11-25,23,Atletico-MG,Botafogo-RJ,Brasileirao Serie A 2020,10,2,11,4,6,3,2,4,25,19
2020-11-25,16,Ceara,Sao Paulo,Brasileirao Serie A 2020,5,5,11,18,6,4,5,3,20,13
2020-11-25,23,Coritiba,Corinthians,Brasileirao Serie A 2020,4,3,11,11,3,2,2,2,13,25
2020-11-26,23,Fortaleza,Goias,Brasileirao Serie A 2020,2,0,15,6,8,1,2,0,17,19
2020-11-28,23,Atletico-GO,Internacional,Brasileirao Serie A 2020,8,9,9,16,0,6,1,2,19,18
2020-11-28,23,Bahia,Sao Paulo,Brasileirao Serie A 2020,5,9,17,17,6,8,0,2,12,15
2020-11-28,23,Palmeiras,Athletico-PR,Brasileirao Serie A 2020,10,1,22,4,8,1,2,1,16,15
2020-11-28,23,Santos,Sport,Brasileirao Serie A 2020,5,4,11,9,5,3,3,3,17,24
2020-11-30,23,Fluminense,Bragantino,Brasileirao Serie A 2020,5,5,7,11,1,4,2,3,15,21
2020-11-30,6,Gremio,Goias,Brasileirao Serie A 2020,8,1,26,5,10,2,2,2,15,17
2020-11-30,23,Vasco,Ceara,Brasileirao Serie A 2020,9,3,12,11,4,6,3,2,15,18
2020-12-02,24,Fortaleza,Corinthians,Brasileirao Serie A 2020,3,4,13,9,5,4,2,2,12,15
2020-12-03,1,Goias,Sao Paulo,Brasileirao Serie A 2020,2,9,9,15,3,6,3,0,16,19
2020-12-05,24,Bahia,Ceara,Brasileirao Serie A 2020,6,4,9,11,2,5,2,2,12,17
2020-12-05,24,Botafogo-RJ,Flamengo,Brasileirao Serie A 2020,5,7,13,14,3,3,1,1,16,26
2020-12-05,24,Coritiba,Bragantino,Brasileirao Serie A 2020,3,12,9,23,3,5,4,3,17,26
2020-12-05,24,Fluminense,Athletico-PR,Brasileirao Serie A 2020,15,2,27,5,13,1,4,2,16,18
2020-12-05,24,Santos,Palmeiras,Brasileirao Serie A 2020,8,7,15,11,5,5,3,3,14,16
2020-12-06,24,Atletico-MG,Internacional,Brasileirao Serie A 2020,3,4,9,10,2,3,2,6,18,14
2020-12-06,24,Gremio,Vasco,Brasileirao Serie A 2020,5,3,22,6,10,3,2,1,9,8
2020-12-06,24,Sao Paulo,Sport,Brasileirao Serie A 2020,11,1,13,4,7,0,4,4,17,17
2020-12-07,24,Atletico-GO,Goias,Brasileirao Serie A 2020,15,1,12,10,3,2,3,3,17,21
2020-12-09,18,Sao Paulo,Botafogo-RJ,Brasileirao Serie A 2020,12,0,31,8,14,1,0,2,12,8
2020-12-12,25,Athletico-PR,Atletico-MG,Brasileirao Serie A 2020,5,3,16,10,5,3,2,2,20,13
2020-12-12,25,Bragantino,Fortaleza,Brasileirao Serie A 2020,2,5,14,13,7,5,3,2,17,18
2020-12-12,25,Ceara,Atletico-GO,Brasileirao Serie A 2020,2,8,8,12,3,6,0,3,13,15
2020-12-12,25,Goias,Gremio,Brasileirao Serie A 2020,4,9,12,17,2,5,4,1,12,10
2020-12-12,25,Internacional,Botafogo-RJ,Brasileirao Serie A 2020,4,6,12,12,3,2,4,5,23,19
2020-12-12,25,Palmeiras,Bahia,Brasileirao Serie A 2020,8,7,15,18,7,7,2,3,11,20
2020-12-13,25,Corinthians,Sao Paulo,Brasileirao Serie A 2020,4,5,14,17,5,6,0,1,12,8
2020-12-13,25,Flamengo,Santos,Brasileirao Serie A 2020,6,4,12,6,4,3,2,1,12,11
2020-12-13,25,Sport,Coritiba,Brasileirao Serie A 2020,7,6,20,14,6,3,0,1,20,14
2020-12-13,25,Vasco,Fluminense,Brasileirao Serie A 2020,4,2,20,10,4,4,6,2,21,14
2020-12-16,26,Atletico-GO,Fluminense,Brasileirao Serie A 2020,11,6,11,5,5,2,3,4,17,18
2020-12-16,26,Sao Paulo,Atletico-MG,Brasileirao Serie A 2020,5,3,17,14,7,6,2,2,9,10
2020-12-19,26,Coritiba,Botafogo-RJ,Brasileirao Serie A 2020,4,11,10,18,4,3,3,1,14,18
2020-12-19,26,Internacional,Palmeiras,Brasileirao Serie A 2020,4,8,12,13,4,0,4,2,13,23
2020-12-19,26,Sport,Gremio,Brasileirao Serie A 2020,3,7,9,13,2,1,2,1,21,9
2020-12-20,26,Bragantino,Athletico-PR,Brasileirao Serie A 2020,17,4,21,4,6,1,2,5,8,17
2020-12-20,26,Flamengo,Bahia,Brasileirao Serie A 2020,7,8,16,17,5,6,1,3,17,22
2020-12-20,26,Fortaleza,Ceara,Brasileirao Serie A 2020,5,1,10,6,0,5,1,1,18,17
2020-12-20,26,Vasco,Santos,Brasileirao Serie A 2020,1,2,4,18,2,5,2,0,26,15
2020-12-21,26,Corinthians,Goias,Brasileirao Serie A 2020,12,4,19,17,6,7,1,0,11,15
2020-12-26,27,Atletico-MG,Coritiba,Brasileirao Serie A 2020,13,3,25,7,9,3,,,15,13
2020-12-26,27,Fluminense,Sao Paulo,Brasileirao Serie A 2020,0,2,8,12,1,5,3,1,17,22
2020-12-26,27,Fortaleza,Flamengo,Brasileirao Serie A 2020,4,4,11,13,4,2,3,3,22,14
2020-12-26,27,Goias,Sport,Brasileirao Serie A 2020,4,5,10,16,3,4,4,1,22,18
2020-12-27,27,Athletico-PR,Vasco,Brasileirao Serie A 2020,6,5,16,12,8,4,0,1,14,11
2020-12-27,27,Bahia,Internacional,Brasileirao Serie A 2020,6,7,14,15,3,10,3,1,18,12
2020-12-27,27,Botafogo-RJ,Corinthians,Brasileirao Serie A 2020,2,7,11,13,1,6,1,1,19,20
2020-12-27,27,Gremio,Atletico-GO,Brasileirao Serie A 2020,5,9,10,9,4,2,2,3,11,15
2020-12-27,27,Palmeiras,Bragantino,Brasileirao Serie A 2020,5,8,6,20,1,2,3,0,10,6
2020-12-27,27,Santos,Ceara,Brasileirao Serie A 2020,11,2,11,11,5,4,2,3,15,24
2021-01-06,28,Botafogo-RJ,Athletico-PR,Brasileirao Serie A 2021,3,3,24,8,8,4,3,2,14,21
2021-01-06,28,Bragantino,Sao Paulo,Brasileirao Serie A 2021,4,5,23,8,10,4,2,2,17,4
2021-01-06,28,Coritiba,Goias,Brasileirao Serie A 2021,6,4,16,11,2,5,4,3,13,17
2021-01-06,28,Flamengo,Fluminense,Brasileirao Serie A 2021,11,4,19,11,8,5,1,4,12,22
2021-01-06,28,Gremio,Bahia,Brasileirao Serie A 2021,3,10,11,17,2,5,2,4,11,17
2021-01-06,28,Sport,Fortaleza,Brasileirao Serie A 2021,4,8,6,17,1,1,3,1,14,12
2021-01-07,28,Atletico-GO,Vasco,Brasileirao Serie A 2021,3,4,8,15,3,6,3,2,19,17
2021-01-07,28,Ceara,Internacional,Brasileirao Serie A 2021,7,4,19,8,6,3,6,4,18,16
2021-01-09,29,Coritiba,Athletico-PR,Brasileirao Serie A 2021,3,2,13,3,2,1,2,1,11,10
2021-01-09,29,Fortaleza,Gremio,Brasileirao Serie A 2021,4,5,14,11,5,3,4,2,17,12
2021-01-09,29,Sport,Palmeiras,Brasileirao Serie A 2021,7,6,11,12,5,4,5,3,15,21
2021-01-10,29,Atletico-GO,Bahia,Brasileirao Serie A 2021,6,6,13,16,6,4,2,0,20,18
2021-01-10,29,Flamengo,Ceara,Brasileirao Serie A 2021,6,1,21,8,5,4,3,1,10,12
2021-01-10,29,Internacional,Goias,Brasileirao Serie A 2021,6,2,10,14,3,4,0,2,14,14
2021-01-10,29,Sao Paulo,Santos,Brasileirao Serie A 2021,8,3,26,7,5,2,2,4,19,21
2021-01-10,29,Vasco,Botafogo-RJ,Brasileirao Serie A 2021,6,3,18,12,7,5,1,0,11,13
2021-01-11,29,Bragantino,Atletico-MG,Brasileirao Serie A 2021,6,6,11,19,4,6,4,0,15,11
2021-01-13,29,Corinthians,Fluminense,Brasileirao Serie A 2021,3,3,19,14,8,2,1,2,17,15
2021-01-15,30,Palmeiras,Gremio,Brasileirao Serie A 2021,3,7,16,12,6,7,3,1,22,10
2021-01-16,30,Fluminense,Sport,Brasileirao Serie A 2021,5,4,11,10,1,0,1,1,23,18
2021-01-16,30,Vasco,Coritiba,Brasileirao Serie A 2021,10,2,10,13,3,4,2,2,10,13
2021-01-17,30,Athletico-PR,Sao Paulo,Brasileirao Serie A 2021,1,3,8,9,3,2,2,1,10,14
2021-01-17,30,Atletico-MG,Atletico-GO,Brasileirao Serie A 2021,10,9,22,13,6,3,2,3,13,14
2021-01-17,30,Ceara,Bragantino,Brasileirao Serie A 2021,6,9,12,15,3,7,1,2,13,16
2021-01-17,30,Internacional,Fortaleza,Brasileirao Serie A 2021,6,1,11,10,5,2,0,3,24,17
2021-01-17,30,Santos,Botafogo-RJ,Brasileirao Serie A 2021,15,6,23,7,5,3,2,1,8,24
2021-01-18,30,Goias,Flamengo,Brasileirao Serie A 2021,4,5,9,12,3,6,5,1,24,13
2021-01-18,28,Palmeiras,Corinthians,Brasileirao Serie A 2021,7,7,15,10,9,4,2,3,14,11
2021-01-20,31,Bahia,Athletico-PR,Brasileirao Serie A 2021,9,4,11,12,4,1,2,0,15,14
2021-01-20,31,Botafogo-RJ,Atletico-GO,Brasileirao Serie A 2021,3,6,17,14,5,5,2,3,17,14
2021-01-20,31,Bragantino,Vasco,Brasileirao Serie A 2021,3,3,20,8,9,4,,,12,17
2021-01-20,31,Coritiba,Fluminense,Brasileirao Serie A 2021,2,12,9,20,4,5,1,4,21,10
2021-01-20,31,Gremio,Atletico-MG,Brasileirao Serie A 2021,3,1,8,10,3,4,1,1,11,7
2021-01-20,31,Sao Paulo,Internacional,Brasileirao Serie A 2021,7,2,11,19,5,7,2,1,15,19
2021-01-21,31,Corinthians,Sport,Brasileirao Serie A 2021,6,5,20,10,12,4,1,0,9,7
2021-01-21,31,Flamengo,Palmeiras,Brasileirao Serie A 2021,4,1,15,6,6,0,2,2,26,15
2021-01-21,31,Fortaleza,Santos,Brasileirao Serie A 2021,7,5,10,12,3,3,3,0,20,14
2021-01-21,31,Goias,Ceara,Brasileirao Serie A 2021,6,1,14,12,2,4,1,0,12,11
2021-01-23,32,Sao Paulo,Coritiba,Brasileirao Serie A 2021,7,2,18,10,6,3,1,2,19,16
2021-01-23,32,Vasco,Atletico-MG,Brasileirao Serie A 2021,2,9,6,17,3,4,4,1,15,11
2021-01-24,32,Athletico-PR,Flamengo,Brasileirao Serie A 2021,3,3,11,12,8,2,2,0,20,11
2021-01-24,32,Atletico-GO,Fortaleza,Brasileirao Serie A 2021,5,5,7,11,3,3,2,1,12,13
2021-01-24,32,Ceara,Palmeiras,Brasileirao Serie A 2021,2,7,9,12,3,4,2,5,9,16
2021-01-24,32,Fluminense,Botafogo-RJ,Brasileirao Serie A 2021,2,1,12,5,5,0,2,1,20,20
2021-01-24,32,Internacional,Gremio,Brasileirao Serie A 2021,6,1,17,9,4,3,2,2,19,15
2021-01-24,32,Santos,Goias,Brasileirao Serie A 2021,11,3,20,17,9,6,4,4,11,19
2021-01-24,32,Sport,Bahia,Brasileirao Serie A 2021,10,3,19,9,6,2,3,0,16,8
2021-01-25,32,Corinthians,Bragantino,Brasileirao Serie A 2021,8,3,13,13,5,4,5,4,16,14
2021-01-26,28,Atletico-MG,Santos,Brasileirao Serie A 2021,4,2,10,5,5,3,1,1,10,14
2021-01-26,1,Palmeiras,Vasco,Brasileirao Serie A 2021,6,3,14,12,3,3,1,1,19,11
2021-01-28,30,Bahia,Corinthians,Brasileirao Serie A 2021,3,10,8,15,7,5,3,1,24,19
2021-01-28,23,Gremio,Flamengo,Brasileirao Serie A 2021,2,5,8,14,5,6,5,3,15,24
2021-01-31,33,Atletico-GO,Sao Paulo,Brasileirao Serie A 2021,8,5,11,13,3,3,3,1,13,9
2021-01-31,33,Atletico-MG,Fortaleza,Brasileirao Serie A 2021,5,1,12,4,5,1,0,1,16,15
2021-01-31,33,Ceara,Athletico-PR,Brasileirao Serie A 2021,4,4,9,11,2,2,0,2,15,18
2021-01-31,33,Coritiba,Gremio,Brasileirao Serie A 2021,2,3,8,20,2,3,3,3,26,12
2021-01-31,33,Fluminense,Goias,Brasileirao Serie A 2021,7,2,17,12,6,0,1,2,9,15
2021-01-31,33,Internacional,Bragantino,Brasileirao Serie A 2021,3,7,12,16,3,6,3,0,11,12
2021-01-31,33,Vasco,Bahia,Brasileirao Serie A 2021,6,6,8,9,5,2,1,3,15,16
2021-02-01,33,Sport,Flamengo,Brasileirao Serie A 2021,2,6,8,21,2,9,2,2,15,20
2021-02-02,33,Palmeiras,Botafogo-RJ,Brasileirao Serie A 2021,12,6,17,18,2,3,2,1,16,10
2021-02-03,34,Bahia,Fluminense,Brasileirao Serie A 2021,4,1,12,13,6,6,1,1,15,11
2021-02-03,34,Bragantino,Atletico-GO,Brasileirao Serie A 2021,8,3,21,8,10,1,3,3,15,7
2021-02-03,34,Corinthians,Ceara,Brasileirao Serie A 2021,8,3,18,7,7,1,,,18,14
2021-02-03,34,Goias,Atletico-MG,Brasileirao Serie A 2021,1,8,3,19,1,2,3,3,13,13
2021-02-03,34,Gremio,Santos,Brasileirao Serie A 2021,5,3,17,9,6,6,5,1,12,20
2021-02-04,34,Athletico-PR,Internacional,Brasileirao Serie A 2021,3,2,12,5,4,1,3,2,15,20
2021-02-04,34,Flamengo,Vasco,Brasileirao Serie A 2021,7,5,17,6,6,3,1,3,19,15
2021-02-04,34,Fortaleza,Coritiba,Brasileirao Serie A 2021,4,4,15,5,7,2,2,3,18,15
2021-02-05,34,Botafogo-RJ,Sport,Brasileirao Serie A 2021,10,8,25,10,6,2,1,3,11,19
2021-02-06,35,Atletico-GO,Santos,Brasileirao Serie A 2021,0,10,8,18,3,3,2,2,18,13
2021-02-06,35,Bahia,Goias,Brasileirao Serie A 2021,8,1,9,17,7,6,3,4,18,13
2021-02-07,35,Bragantino,Flamengo,Brasileirao Serie A 2021,5,4,12,15,5,7,4,2,20,16
2021-02-08,35,Botafogo-RJ,Gremio,Brasileirao Serie A 2021,5,2,18,13,6,7,,,14,18
2021-02-10,35,Corinthians,Athletico-PR,Brasileirao Serie A 2021,3,2,17,12,8,7,3,0,19,12
2021-02-10,35,Fluminense,Atletico-MG,Brasileirao Serie A 2021,6,6,10,8,3,1,0,1,8,13
2021-02-10,35,Fortaleza,Vasco,Brasileirao Serie A 2021,5,7,17,12,7,1,2,3,15,14
2021-02-10,35,Internacional,Sport,Brasileirao Serie A 2021,7,3,17,7,2,2,2,3,12,11
2021-02-10,35,Sao Paulo,Ceara,Brasileirao Serie A 2021,8,4,18,8,9,2,4,4,11,17
2021-02-13,36,Atletico-MG,Bahia,Brasileirao Serie A 2021,6,2,21,13,4,5,1,1,10,9
2021-02-13,36,Goias,Botafogo-RJ,Brasileirao Serie A 2021,2,5,11,11,7,3,4,3,22,26
2021-02-13,36,Santos,Coritiba,Brasileirao Serie A 2021,7,3,17,8,6,3,0,4,15,16
2021-02-14,36,Athletico-PR,Atletico-GO,Brasileirao Serie A 2021,7,4,8,11,3,4,3,1,14,9
2021-02-14,36,Flamengo,Corinthians,Brasileirao Serie A 2021,4,3,14,11,5,3,1,5,21,16
2021-02-14,36,Gremio,Sao Paulo,Brasileirao Serie A 2021,5,2,5,11,3,4,4,4,19,18
2021-02-14,36,Palmeiras,Fortaleza,Brasileirao Serie A 2021,3,4,13,5,6,1,0,3,16,11
2021-02-14,36,Vasco,Internacional,Brasileirao Serie A 2021,3,9,8,16,0,7,1,6,9,20
2021-02-15,36,Ceara,Fluminense,Brasileirao Serie A 2021,9,0,13,9,5,4,1,1,18,8
2021-02-15,36,Sport,Bragantino,Brasileirao Serie A 2021,1,15,4,22,0,6,3,0,8,10
2021-02-17,35,Coritiba,Palmeiras,Brasileirao Serie A 2021,5,4,13,15,4,4,2,3,16,20
2021-02-17,33,Santos,Corinthians,Brasileirao Serie A 2021,6,5,11,11,5,4,,,24,25
2021-02-19,34,Sao Paulo,Palmeiras,Brasileirao Serie A 2021,1,5,7,8,3,2,2,1,16,14
2021-02-20,37,Coritiba,Ceara,Brasileirao Serie A 2021,7,5,16,11,5,4,1,0,14,9
2021-02-20,37,Fortaleza,Bahia,Brasileirao Serie A 2021,2,0,11,12,3,7,3,3,15,13
2021-02-21,37,Corinthians,Vasco,Brasileirao Serie A 2021,7,4,14,7,4,0,1,2,23,18
2021-02-21,37,Flamengo,Internacional,Brasileirao Serie A 2021,1,4,10,12,4,3,4,0,21,14
2021-02-21,37,Goias,Bragantino,Brasileirao Serie A 2021,3,11,14,14,1,5,2,0,18,20
2021-02-21,37,Gremio,Athletico-PR,Brasileirao Serie A 2021,2,2,11,8,2,2,3,1,19,17
2021-02-21,37,Santos,Fluminense,Brasileirao Serie A 2021,4,4,8,7,2,3,3,4,20,19
2021-02-21,37,Sport,Atletico-MG,Brasileirao Serie A 2021,2,4,9,25,3,10,4,4,16,13
2021-02-22,37,Botafogo-RJ,Sao Paulo,Brasileirao Serie A 2021,4,3,19,7,8,1,3,5,12,15
2021-02-22,37,Palmeiras,Atletico-GO,Brasileirao Serie A 2021,9,6,19,9,4,3,2,1,20,13
2021-02-25,38,Athletico-PR,Sport,Brasileirao Serie A 2021,8,5,18,15,8,4,0,1,15,10
2021-02-25,38,Atletico-GO,Coritiba,Brasileirao Serie A 2021,7,4,18,9,7,1,0,1,8,9
2021-02-25,38,Atletico-MG,Palmeiras,Brasileirao Serie A 2021,5,4,19,9,8,4,3,0,22,17
2021-02-25,38,Bahia,Santos,Brasileirao Serie A 2021,4,4,16,15,5,5,,,11,13
2021-02-25,38,Bragantino,Gremio,Brasileirao Serie A 2021,3,7,19,15,6,2,4,0,24,12
2021-02-25,38,Ceara,Botafogo-RJ,Brasileirao Serie A 2021,5,7,12,17,6,3,2,0,7,4
2021-02-25,38,Fluminense,Fortaleza,Brasileirao Serie A 2021,3,5,9,9,3,2,,,10,12
2021-02-25,38,Internacional,Corinthians,Brasileirao Serie A 2021,12,5,16,6,5,1,0,2,13,16
2021-02-25,38,Sao Paulo,Flamengo,Brasileirao Serie A 2021,1,7,4,20,2,1,6,3,27,24
2021-02-25,38,Vasco,Goias,Brasileirao Serie A 2021,9,6,27,20,12,5,1,2,12,18
2021-05-29,1,Bahia,Santos,Brasileirao Serie A 2021,4,11,5,12,3,4,3,3,18,9
2021-05-29,1,Cuiaba,Juventude,Brasileirao Serie A 2021,9,1,14,7,2,3,1,3,14,14
2021-05-29,1,Sao Paulo,Fluminense,Brasileirao Serie A 2021,4,5,7,11,3,5,1,2,10,12
2021-05-30,1,Athletico-PR,America-MG,Brasileirao Serie A 2021,3,1,11,14,5,4,1,2,18,9
2021-05-30,1,Atletico-MG,Fortaleza,Brasileirao Serie A 2021,5,4,13,18,4,5,2,4,16,19
2021-05-30,1,Ceara,Gremio,Brasileirao Serie A 2021,5,4,12,12,6,3,3,3,17,18
2021-05-30,1,Chapecoense,Bragantino,Brasileirao Serie A 2021,5,7,10,18,2,8,1,0,9,12
2021-05-30,1,Corinthians,Atletico-GO,Brasileirao Serie A 2021,10,3,15,7,6,2,5,3,18,14
2021-05-30,1,Flamengo,Palmeiras,Brasileirao Serie A 2021,3,4,14,12,10,5,2,3,25,21
2021-05-30,1,Internacional,Sport,Brasileirao Serie A 2021,6,1,11,8,4,5,4,2,24,15
2021-06-05,2,Atletico-GO,Sao Paulo,Brasileirao Serie A 2021,3,12,9,14,4,3,4,5,16,14
2021-06-05,2,Bragantino,Bahia,Brasileirao Serie A 2021,9,2,24,9,6,3,2,4,12,13
2021-06-05,2,Santos,Ceara,Brasileirao Serie A 2021,4,1,15,6,5,3,3,1,18,19
2021-06-06,2,America-MG,Corinthians,Brasileirao Serie A 2021,6,4,10,6,4,4,2,3,12,19
2021-06-06,2,Fluminense,Cuiaba,Brasileirao Serie A 2021,0,1,8,10,3,4,2,1,22,15
2021-06-06,2,Fortaleza,Internacional,Brasileirao Serie A 2021,1,4,14,5,8,3,1,4,19,21
2021-06-06,2,Juventude,Athletico-PR,Brasileirao Serie A 2021,5,1,13,11,1,5,0,2,14,27
2021-06-06,2,Palmeiras,Chapecoense,Brasileirao Serie A 2021,5,3,17,6,4,4,2,0,10,11
2021-06-06,2,Sport,Atletico-MG,Brasileirao Serie A 2021,4,7,8,10,1,1,3,2,18,15
2021-06-12,3,Palmeiras,Corinthians,Brasileirao Serie A 2021,4,4,12,9,3,4,3,0,14,14
2021-06-12,3,Santos,Juventude,Brasileirao Serie A 2021,8,0,18,2,2,0,2,3,14,20
2021-06-13,3,Atletico-MG,Sao Paulo,Brasileirao Serie A 2021,4,5,9,5,2,0,0,1,14,22
2021-06-13,3,Bahia,Internacional,Brasileirao Serie A 2021,6,5,14,6,3,4,4,4,14,16
2021-06-13,3,Bragantino,Fluminense,Brasileirao Serie A 2021,10,10,16,15,5,4,3,1,11,8
2021-06-13,3,Chapecoense,Ceara,Brasileirao Serie A 2021,2,7,8,14,3,6,2,2,16,14
2021-06-13,3,Flamengo,America-MG,Brasileirao Serie A 2021,4,2,20,9,6,1,,,17,18
2021-06-13,3,Fortaleza,Sport,Brasileirao Serie A 2021,3,3,13,5,7,0,3,3,22,16
2021-06-13,3,Gremio,Athletico-PR,Brasileirao Serie A 2021,6,4,10,9,1,4,5,4,21,12
2021-06-16,4,Corinthians,Bragantino,Brasileirao Serie A 2021,9,12,5,21,2,5,2,0,13,15
2021-06-16,4,Internacional,Atletico-MG,Brasileirao Serie A 2021,8,1,11,6,1,2,3,1,13,13
2021-06-16,4,Juventude,Palmeiras,Brasileirao Serie A 2021,7,4,11,13,2,5,0,3,11,24
2021-06-16,4,Sao Paulo,Chapecoense,Brasileirao Serie A 2021,9,1,13,7,3,3,3,2,9,13
2021-06-17,4,America-MG,Cuiaba,Brasileirao Serie A 2021,3,2,20,8,6,3,1,1,16,16
2021-06-17,4,Atletico-GO,Fortaleza,Brasileirao Serie A 2021,9,4,9,5,1,1,3,1,18,13
2021-06-17,4,Ceara,Bahia,Brasileirao Serie A 2021,7,2,13,9,3,3,3,5,19,16
2021-06-17,4,Fluminense,Santos,Brasileirao Serie A 2021,2,9,9,18,5,8,4,3,14,9
2021-06-17,4,Sport,Gremio,Brasileirao Serie A 2021,2,7,10,14,4,7,5,4,16,11
2021-06-19,5,Flamengo,Bragantino,Brasileirao Serie A 2021,14,2,20,9,9,4,2,3,15,13
2021-06-20,5,Athletico-PR,Atletico-GO,Brasileirao Serie A 2021,4,3,12,10,3,3,2,2,17,15
2021-06-20,5,Bahia,Corinthians,Brasileirao Serie A 2021,3,8,12,10,2,3,1,3,10,18
2021-06-20,5,Fortaleza,Fluminense,Brasileirao Serie A 2021,7,3,16,4,2,3,3,0,14,17
2021-06-20,5,Internacional,Ceara,Brasileirao Serie A 2021,6,7,10,14,3,2,2,3,16,23
2021-06-20,5,Juventude,Sport,Brasileirao Serie A 2021,3,5,8,13,4,2,4,0,16,9
2021-06-20,5,Palmeiras,America-MG,Brasileirao Serie A 2021,7,5,15,12,6,5,3,4,15,10
2021-06-20,5,Santos,Sao Paulo,Brasileirao Serie A 2021,3,7,11,8,5,1,2,4,22,20
2021-06-21,5,Atletico-MG,Chapecoense,Brasileirao Serie A 2021,9,7,14,13,2,1,1,1,9,10
2021-06-23,6,Atletico-GO,Fluminense,Brasileirao Serie A 2021,6,5,9,3,2,2,3,3,22,17
2021-06-23,6,Bragantino,Palmeiras,Brasileirao Serie A 2021,5,10,12,17,6,5,3,3,13,13
2021-06-23,6,Flamengo,Fortaleza,Brasileirao Serie A 2021,11,2,19,10,7,5,1,1,18,15
2021-06-23,6,Sao Paulo,Cuiaba,Brasileirao Serie A 2021,5,2,17,5,7,3,1,1,18,14
2021-06-24,6,America-MG,Juventude,Brasileirao Serie A 2021,8,3,12,8,2,3,1,2,17,16
2021-06-24,6,Bahia,Athletico-PR,Brasileirao Serie A 2021,9,2,20,9,7,4,2,1,12,8
2021-06-24,6,Ceara,Atletico-MG,Brasileirao Serie A 2021,6,7,16,16,8,6,3,4,16,16
2021-06-24,6,Chapecoense,Internacional,Brasileirao Serie A 2021,9,9,11,25,5,11,2,3,12,19
2021-06-24,6,Corinthians,Sport,Brasileirao Serie A 2021,4,5,16,9,3,3,0,3,8,17
2021-06-24,6,Gremio,Santos,Brasileirao Serie A 2021,7,1,19,6,6,3,2,3,21,14
2021-06-27,7,America-MG,Internacional,Brasileirao Serie A 2021,5,5,13,10,6,3,2,3,16,20
2021-06-27,7,Athletico-PR,Chapecoense,Brasileirao Serie A 2021,6,5,18,12,5,5,1,1,12,15
2021-06-27,7,Ceara,Sao Paulo,Brasileirao Serie A 2021,3,6,18,11,7,2,4,6,20,12
2021-06-27,7,Fluminense,Corinthians,Brasileirao Serie A 2021,8,5,15,10,5,4,3,1,14,11
2021-06-27,7,Gremio,Fortaleza,Brasileirao Serie A 2021,10,5,18,15,5,6,2,4,13,12
2021-06-27,7,Juventude,Flamengo,Brasileirao Serie A 2021,5,10,8,13,4,2,2,1,17,12
2021-06-27,7,Palmeiras,Bahia,Brasileirao Serie A 2021,7,7,19,18,8,4,3,4,10,16
2021-06-27,7,Santos,Atletico-MG,Brasileirao Serie A 2021,4,6,11,11,6,3,4,2,20,16
2021-06-27,7,Sport,Cuiaba,Brasileirao Serie A 2021,3,7,8,12,1,3,0,1,11,17
2021-06-28,7,Atletico-GO,Bragantino,Brasileirao Serie A 2021,5,8,12,12,2,5,2,2,24,16
2021-06-30,8,Bahia,America-MG,Brasileirao Serie A 2021,8,4,20,16,7,8,4,0,6,9
2021-06-30,8,Corinthians,Sao Paulo,Brasileirao Serie A 2021,5,3,10,8,3,3,1,1,15,26
2021-06-30,8,Fluminense,Athletico-PR,Brasileirao Serie A 2021,9,2,12,11,4,5,1,2,16,15
2021-06-30,8,Fortaleza,Chapecoense,Brasileirao Serie A 2021,2,7,22,9,10,5,2,3,17,24
2021-06-30,8,Internacional,Palmeiras,Brasileirao Serie A 2021,7,3,16,14,5,6,3,2,14,13
2021-06-30,8,Juventude,Gremio,Brasileirao Serie A 2021,3,6,11,13,5,3,3,0,15,12
2021-06-30,8,Santos,Sport,Brasileirao Serie A 2021,7,1,13,8,1,2,1,4,11,19
2021-07-01,8,Atletico-MG,Atletico-GO,Brasileirao Serie A 2021,4,4,19,7,9,3,0,2,13,12
2021-07-01,8,Bragantino,Ceara,Brasileirao Serie A 2021,6,6,13,8,2,3,1,2,11,17
2021-07-01,8,Cuiaba,Flamengo,Brasileirao Serie A 2021,1,5,9,12,2,5,3,5,18,26
2021-07-03,9,America-MG,Santos,Brasileirao Serie A 2021,2,12,8,21,4,8,4,3,13,6
2021-07-03,9,Athletico-PR,Fortaleza,Brasileirao Serie A 2021,3,4,16,15,8,4,3,3,18,14
2021-07-03,9,Corinthians,Internacional,Brasileirao Serie A 2021,3,2,20,7,9,3,2,2,11,17
2021-07-04,9,Ceara,Juventude,Brasileirao Serie A 2021,4,3,12,4,5,3,2,1,23,15
2021-07-04,9,Chapecoense,Bahia,Brasileirao Serie A 2021,9,5,7,13,1,6,2,1,14,13
2021-07-04,9,Cuiaba,Atletico-MG,Brasileirao Serie A 2021,5,1,11,4,4,1,5,2,14,15
2021-07-04,9,Flamengo,Fluminense,Brasileirao Serie A 2021,6,5,21,11,4,5,2,1,11,15
2021-07-04,9,Gremio,Atletico-GO,Brasileirao Serie A 2021,11,7,21,10,4,5,3,0,16,9
2021-07-04,9,Sao Paulo,Bragantino,Brasileirao Serie A 2021,4,7,9,12,6,5,1,2,25,14
2021-07-04,9,Sport,Palmeiras,Brasileirao Serie A 2021,3,6,13,14,1,5,2,1,23,13
2021-07-06,10,Santos,Athletico-PR,Brasileirao Serie A 2021,7,4,18,11,9,2,2,2,17,13
2021-07-07,10,Atletico-GO,Sport,Brasileirao Serie A 2021,4,7,13,11,4,3,4,1,16,9
2021-07-07,10,Atletico-MG,Flamengo,Brasileirao Serie A 2021,3,6,12,16,6,6,1,1,19,10
2021-07-07,10,Bahia,Juventude,Brasileirao Serie A 2021,3,2,8,9,2,3,2,3,19,19
2021-07-07,10,Bragantino,Cuiaba,Brasileirao Serie A 2021,4,6,10,9,1,2,3,2,15,21
2021-07-07,10,Fluminense,Ceara,Brasileirao Serie A 2021,4,0,16,7,5,2,2,3,24,21
2021-07-07,10,Fortaleza,America-MG,Brasileirao Serie A 2021,2,3,16,11,5,3,2,1,18,16
2021-07-07,10,Internacional,Sao Paulo,Brasileirao Serie A 2021,7,3,9,11,2,5,2,3,21,24
2021-07-07,10,Palmeiras,Gremio,Brasileirao Serie A 2021,4,5,18,12,6,4,2,2,15,16
2021-07-08,10,Chapecoense,Corinthians,Brasileirao Serie A 2021,5,8,14,12,4,5,3,0,17,10
2021-07-10,11,America-MG,Atletico-MG,Brasileirao Serie A 2021,8,10,12,13,2,5,1,1,15,17
2021-07-10,11,Athletico-PR,Bragantino,Brasileirao Serie A 2021,3,2,22,16,6,4,0,4,18,16
2021-07-10,11,Gremio,Internacional,Brasileirao Serie A 2021,5,7,11,16,2,8,1,2,12,19
2021-07-10,11,Palmeiras,Santos,Brasileirao Serie A 2021,6,5,14,12,7,2,1,6,19,21
2021-07-10,11,Sao Paulo,Bahia,Brasileirao Serie A 2021,2,1,15,6,6,2,0,1,16,15
2021-07-10,11,Sport,Fluminense,Brasileirao Serie A 2021,1,3,11,13,3,9,1,3,16,13
2021-07-11,11,Cuiaba,Ceara,Brasileirao Serie A 2021,4,7,11,20,3,7,0,2,9,13
2021-07-11,11,Flamengo,Chapecoense,Brasileirao Serie A 2021,11,1,24,13,7,4,3,3,19,16
2021-07-11,11,Fortaleza,Corinthians,Brasileirao Serie A 2021,7,6,16,7,4,1,4,3,13,14
2021-07-11,11,Juventude,Atletico-GO,Brasileirao Serie A 2021,4,3,15,8,3,4,2,2,17,23
2021-07-17,12,Ceara,Athletico-PR,Brasileirao Serie A 2021,5,5,21,9,4,1,4,3,11,15
2021-07-17,12,Corinthians,Atletico-MG,Brasileirao Serie A 2021,2,5,12,13,2,8,0,2,9,22
2021-07-17,12,Fluminense,Gremio,Brasileirao Serie A 2021,3,4,10,8,2,1,1,4,13,12
2021-07-17,12,Sao Paulo,Fortaleza,Brasileirao Serie A 2021,9,5,10,9,3,4,3,2,18,20
2021-07-18,12,Atletico-GO,Palmeiras,Brasileirao Serie A 2021,4,6,11,15,1,6,2,1,8,16
2021-07-18,12,Bahia,Flamengo,Brasileirao Serie A 2021,4,3,11,16,3,10,5,1,18,8
2021-07-18,12,Bragantino,Santos,Brasileirao Serie A 2021,5,4,11,16,5,5,3,6,17,15
2021-07-18,12,Chapecoense,Cuiaba,Brasileirao Serie A 2021,6,2,11,11,6,6,2,2,15,13
2021-07-18,12,Internacional,Juventude,Brasileirao Serie A 2021,7,5,14,11,5,4,4,4,19,14
2021-07-19,12,America-MG,Sport,Brasileirao Serie A 2021,9,4,16,11,3,5,1,3,19,22
2021-07-21,3,Cuiaba,Atletico-GO,Brasileirao Serie A 2021,0,4,20,9,7,3,5,4,17,14
2021-07-24,13,Gremio,America-MG,Brasileirao Serie A 2021,8,5,12,18,4,7,3,3,20,16
2021-07-24,13,Palmeiras,Fluminense,Brasileirao Serie A 2021,7,5,10,9,1,3,1,2,13,9
2021-07-25,13,Athletico-PR,Internacional,Brasileirao Serie A 2021,8,2,11,13,4,3,4,3,14,13
2021-07-25,13,Atletico-MG,Bahia,Brasileirao Serie A 2021,8,8,12,11,5,5,2,1,17,14
2021-07-25,13,Flamengo,Sao Paulo,Brasileirao Serie A 2021,7,4,12,18,8,6,3,6,23,16
2021-07-25,13,Fortaleza,Bragantino,Brasileirao Serie A 2021,3,5,14,13,4,4,4,2,21,14
2021-07-25,13,Santos,Atletico-GO,Brasileirao Serie A 2021,15,2,29,7,2,2,2,2,14,7
2021-07-25,13,Sport,Ceara,Brasileirao Serie A 2021,2,8,12,14,,,4,1,12,13
2021-07-26,13,Cuiaba,Corinthians,Brasileirao Serie A 2021,5,5,16,4,7,2,2,1,16,12
2021-07-26,13,Juventude,Chapecoense,Brasileirao Serie A 2021,3,1,13,7,2,2,5,1,16,15
2021-07-31,14,Bragantino,Gremio,Brasileirao Serie A 2021,4,5,12,7,3,1,1,2,13,19
2021-07-31,14,Internacional,Cuiaba,Brasileirao Serie A 2021,2,3,12,13,3,4,1,3,20,18
2021-07-31,14,Sao Paulo,Palmeiras,Brasileirao Serie A 2021,7,2,12,7,3,3,3,3,20,15
2021-08-01,14,Atletico-GO,America-MG,Brasileirao Serie A 2021,4,5,7,16,2,5,4,0,21,14
2021-08-01,14,Atletico-MG,Athletico-PR,Brasileirao Serie A 2021,4,2,11,8,3,1,2,3,14,12
2021-08-01,14,Bahia,Sport,Brasileirao Serie A 2021,11,2,21,8,4,2,2,3,16,18
2021-08-01,14,Ceara,Fortaleza,Brasileirao Serie A 2021,5,9,12,28,4,8,2,3,13,12
2021-08-01,14,Chapecoense,Santos,Brasileirao Serie A 2021,6,5,20,11,6,5,,,17,13
2021-08-01,14,Corinthians,Flamengo,Brasileirao Serie A 2021,3,6,9,17,3,7,1,1,7,13
2021-08-06,15,Sport,Bragantino,Brasileirao Serie A 2021,9,8,17,13,7,4,3,1,17,14
2021-08-07,15,Athletico-PR,Sao Paulo,Brasileirao Serie A 2021,8,2,15,11,6,4,2,4,12,16
2021-08-07,15,Cuiaba,Bahia,Brasileirao Serie A 2021,4,11,11,9,2,4,1,2,15,17
2021-08-07,15,Palmeiras,Fortaleza,Brasileirao Serie A 2021,6,2,20,15,2,6,4,1,22,13
2021-08-08,15,America-MG,Fluminense,Brasileirao Serie A 2021,4,8,15,7,7,2,2,2,17,13
2021-08-08,15,Ceara,Atletico-GO,Brasileirao Serie A 2021,6,3,19,7,5,2,2,2,18,15
2021-08-08,15,Flamengo,Internacional,Brasileirao Serie A 2021,7,2,11,9,7,5,1,2,9,15
2021-08-08,15,Juventude,Atletico-MG,Brasileirao Serie A 2021,4,5,6,20,1,4,1,3,17,14
2021-08-08,15,Santos,Corinthians,Brasileirao Serie A 2021,5,3,11,9,5,5,1,1,17,9
2021-08-09,15,Gremio,Chapecoense,Brasileirao Serie A 2021,9,3,20,6,3,2,1,3,14,10
2021-08-14,16,Atletico-MG,Palmeiras,Brasileirao Serie A 2021,11,2,15,1,6,1,2,0,14,14
2021-08-14,16,Bragantino,Juventude,Brasileirao Serie A 2021,2,9,5,13,1,6,4,4,14,14
2021-08-14,16,Sao Paulo,Gremio,Brasileirao Serie A 2021,6,2,12,9,6,3,3,1,14,16
2021-08-15,16,Bahia,Atletico-GO,Brasileirao Serie A 2021,4,5,16,12,8,3,2,0,18,11
2021-08-15,16,Corinthians,Ceara,Brasileirao Serie A 2021,7,6,7,15,3,6,1,1,7,16
2021-08-15,16,Cuiaba,Athletico-PR,Brasileirao Serie A 2021,3,5,12,9,2,1,1,1,15,20
2021-08-15,16,Flamengo,Sport,Brasileirao Serie A 2021,6,3,17,4,9,2,4,1,14,11
2021-08-15,16,Fortaleza,Santos,Brasileirao Serie A 2021,6,2,12,8,2,2,2,1,17,13
2021-08-15,16,Internacional,Fluminense,Brasileirao Serie A 2021,5,8,17,10,7,5,2,0,14,8
2021-08-16,16,Chapecoense,America-MG,Brasileirao Serie A 2021,3,9,10,18,5,6,1,1,10,11
2021-08-18,5,Cuiaba,Gremio,Brasileirao Serie A 2021,2,7,10,7,2,3,1,5,12,10
2021-08-21,17,Atletico-GO,Chapecoense,Brasileirao Serie A 2021,6,1,16,8,2,2,2,5,13,24
2021-08-21,17,Gremio,Bahia,Brasileirao Serie A 2021,4,2,15,9,6,3,1,1,12,15
2021-08-21,17,Juventude,Fortaleza,Brasileirao Serie A 2021,5,9,19,16,4,4,1,1,8,9
2021-08-22,17,Athletico-PR,Corinthians,Brasileirao Serie A 2021,4,2,16,8,4,2,1,0,12,7
2021-08-22,17,Ceara,Flamengo,Brasileirao Serie A 2021,4,5,12,18,5,5,0,2,13,12
2021-08-22,17,Palmeiras,Cuiaba,Brasileirao Serie A 2021,13,3,31,9,7,4,1,1,8,14
2021-08-22,17,Santos,Internacional,Brasileirao Serie A 2021,4,4,10,13,4,4,2,2,19,14
2021-08-22,17,Sport,Sao Paulo,Brasileirao Serie A 2021,3,7,15,12,4,3,2,2,15,17
2021-08-23,17,America-MG,Bragantino,Brasileirao Serie A 2021,9,0,14,10,3,3,2,0,14,15
2021-08-23,17,Fluminense,Atletico-MG,Brasileirao Serie A 2021,6,6,9,19,3,7,3,3,16,16
2021-08-28,18,Gremio,Corinthians,Brasileirao Serie A 2021,6,4,11,6,2,1,1,2,17,7
2021-08-28,18,Palmeiras,Athletico-PR,Brasileirao Serie A 2021,8,3,16,11,3,4,3,0,10,16
2021-08-28,18,Santos,Flamengo,Brasileirao Serie A 2021,4,5,11,18,2,11,4,4,14,14
2021-08-28,18,Sport,Chapecoense,Brasileirao Serie A 2021,11,5,20,15,7,2,0,1,17,17
2021-08-29,18,America-MG,Ceara,Brasileirao Serie A 2021,9,2,19,6,4,2,1,2,19,13
2021-08-29,18,Atletico-GO,Internacional,Brasileirao Serie A 2021,6,6,8,7,3,3,1,2,13,15
2021-08-29,18,Bragantino,Atletico-MG,Brasileirao Serie A 2021,1,17,5,26,0,8,3,4,16,18
2021-08-29,18,Juventude,Sao Paulo,Brasileirao Serie A 2021,3,8,9,7,2,4,2,5,15,21
2021-08-30,18,Fluminense,Bahia,Brasileirao Serie A 2021,3,8,6,10,4,2,2,4,19,21
2021-08-30,18,Fortaleza,Cuiaba,Brasileirao Serie A 2021,7,4,19,11,4,5,2,5,15,17
2021-09-02,14,Fluminense,Juventude,Brasileirao Serie A 2021,7,2,12,7,6,2,2,1,23,18
2021-09-04,19,Bahia,Fortaleza,Brasileirao Serie A 2021,6,4,13,18,8,6,3,1,25,7
2021-09-04,19,Cuiaba,Santos,Brasileirao Serie A 2021,3,5,14,18,5,5,3,1,11,11
2021-09-05,19,Athletico-PR,Sport,Brasileirao Serie A 2021,9,7,16,9,3,2,1,1,10,9
2021-09-07,19,Chapecoense,Fluminense,Brasileirao Serie A 2021,8,4,11,9,3,2,,,18,4
2021-09-07,19,Corinthians,Juventude,Brasileirao Serie A 2021,2,2,11,12,2,7,3,4,15,20
2021-09-11,20,America-MG,Athletico-PR,Brasileirao Serie A 2021,9,5,27,7,6,1,1,1,14,17
2021-09-11,20,Bragantino,Chapecoense,Brasileirao Serie A 2021,3,6,12,22,5,6,4,2,17,13
2021-09-11,20,Juventude,Cuiaba,Brasileirao Serie A 2021,5,0,17,3,6,1,3,4,12,13
2021-09-11,20,Santos,Bahia,Brasileirao Serie A 2021,5,1,10,13,1,4,1,4,16,20
2021-09-12,20,Atletico-GO,Corinthians,Brasileirao Serie A 2021,4,5,11,8,5,2,4,2,10,10
2021-09-12,20,Fluminense,Sao Paulo,Brasileirao Serie A 2021,4,5,8,8,5,7,5,4,16,16
2021-09-12,20,Fortaleza,Atletico-MG,Brasileirao Serie A 2021,5,4,14,11,4,4,1,2,13,18
2021-09-12,20,Gremio,Ceara,Brasileirao Serie A 2021,5,4,13,8,3,1,,,22,9
2021-09-12,20,Palmeiras,Flamengo,Brasileirao Serie A 2021,7,4,12,11,5,4,0,2,14,15
2021-09-13,20,Sport,Internacional,Brasileirao Serie A 2021,5,4,14,11,3,4,4,1,21,20
2021-09-18,21,Athletico-PR,Juventude,Brasileirao Serie A 2021,9,3,27,15,7,3,5,1,18,7
2021-09-18,21,Atletico-MG,Sport,Brasileirao Serie A 2021,6,4,22,7,9,1,2,3,18,13
2021-09-18,21,Bahia,Bragantino,Brasileirao Serie A 2021,4,2,13,15,3,5,1,4,16,13
2021-09-18,21,Ceara,Santos,Brasileirao Serie A 2021,6,4,10,7,4,1,3,2,17,13
2021-09-18,21,Chapecoense,Palmeiras,Brasileirao Serie A 2021,8,1,15,13,3,7,2,2,16,14
2021-09-19,21,Corinthians,America-MG,Brasileirao Serie A 2021,5,2,15,16,8,7,1,0,8,13
2021-09-19,21,Flamengo,Gremio,Brasileirao Serie A 2021,2,4,9,11,1,5,3,4,16,17
2021-09-19,21,Internacional,Fortaleza,Brasileirao Serie A 2021,8,4,18,11,5,5,3,1,12,15
2021-09-19,21,Sao Paulo,Atletico-GO,Brasileirao Serie A 2021,8,6,13,11,5,4,1,2,18,11
2021-09-20,21,Cuiaba,Fluminense,Brasileirao Serie A 2021,1,5,7,12,3,5,2,2,15,16
2021-09-22,19,Sao Paulo,America-MG,Brasileirao Serie A 2021,8,3,6,9,2,4,3,1,17,18
2021-09-25,22,Ceara,Chapecoense,Brasileirao Serie A 2021,8,5,24,9,8,1,0,2,8,18
2021-09-25,22,Corinthians,Palmeiras,Brasileirao Serie A 2021,5,9,8,16,3,5,1,1,8,11
2021-09-25,22,Sao Paulo,Atletico-MG,Brasileirao Serie A 2021,3,5,7,11,0,4,1,1,14,12
2021-09-26,22,America-MG,Flamengo,Brasileirao Serie A 2021,6,6,15,9,2,5,1,1,9,12
2021-09-26,22,Athletico-PR,Gremio,Brasileirao Serie A 2021,3,7,16,15,5,7,1,5,17,18
2021-09-26,22,Atletico-GO,Cuiaba,Brasileirao Serie A 2021,8,4,16,6,3,2,1,4,10,16
2021-09-26,22,Fluminense,Bragantino,Brasileirao Serie A 2021,4,2,16,7,6,4,2,2,11,19
2021-09-26,22,Internacional,Bahia,Brasileirao Serie A 2021,8,7,12,15,7,2,2,2,19,15
2021-09-26,22,Juventude,Santos,Brasileirao Serie A 2021,2,5,6,19,4,3,3,0,15,16
2021-09-26,22,Sport,Fortaleza,Brasileirao Serie A 2021,3,3,18,15,5,7,5,2,19,14
2021-10-02,23,Atletico-MG,Internacional,Brasileirao Serie A 2021,7,6,10,6,3,4,4,2,16,15
2021-10-02,23,Bragantino,Corinthians,Brasileirao Serie A 2021,6,8,15,11,5,7,,,10,6
2021-10-02,23,Cuiaba,America-MG,Brasileirao Serie A 2021,4,3,14,9,3,2,1,2,13,20
2021-10-02,23,Fortaleza,Atletico-GO,Brasileirao Serie A 2021,10,4,14,6,4,5,1,4,14,20
2021-10-03,23,Chapecoense,Sao Paulo,Brasileirao Serie A 2021,7,7,6,17,2,8,1,1,11,11
2021-10-03,23,Flamengo,Athletico-PR,Brasileirao Serie A 2021,2,3,11,9,4,2,2,2,13,14
2021-10-03,23,Gremio,Sport,Brasileirao Serie A 2021,11,2,22,9,7,6,2,1,21,18
2021-10-03,23,Palmeiras,Juventude,Brasileirao Serie A 2021,8,2,15,10,3,4,1,1,19,13
2021-10-05,24,Corinthians,Bahia,Brasileirao Serie A 2021,7,0,21,3,11,2,,,14,18
2021-10-06,24,America-MG,Palmeiras,Brasileirao Serie A 2021,8,5,27,14,6,5,2,3,14,17
2021-10-06,24,Atletico-GO,Athletico-PR,Brasileirao Serie A 2021,11,7,15,12,3,4,3,3,12,16
2021-10-06,24,Bragantino,Flamengo,Brasileirao Serie A 2021,10,4,13,11,4,3,1,3,13,20
2021-10-06,24,Ceara,Internacional,Brasileirao Serie A 2021,9,5,16,9,5,1,5,2,22,16
2021-10-06,24,Chapecoense,Atletico-MG,Brasileirao Serie A 2021,4,11,10,16,4,5,2,1,12,17
2021-10-06,24,Fluminense,Fortaleza,Brasileirao Serie A 2021,5,4,8,10,3,4,2,2,13,16
2021-10-06,24,Gremio,Cuiaba,Brasileirao Serie A 2021,7,3,20,5,7,2,2,2,15,10
2021-10-06,24,Sport,Juventude,Brasileirao Serie A 2021,0,6,14,9,8,1,2,2,11,11
2021-10-07,24,Sao Paulo,Santos,Brasileirao Serie A 2021,9,3,14,6,3,3,2,4,19,13
2021-10-09,25,Athletico-PR,Bahia,Brasileirao Serie A 2021,5,2,16,8,3,4,1,2,14,9
2021-10-09,25,Atletico-MG,Ceara,Brasileirao Serie A 2021,8,5,12,11,4,5,1,3,12,10
2021-10-09,25,Fluminense,Atletico-GO,Brasileirao Serie A 2021,3,6,14,11,1,2,2,2,15,17
2021-10-09,25,Fortaleza,Flamengo,Brasileirao Serie A 2021,3,5,6,13,2,6,0,2,10,17
2021-10-09,25,Juventude,America-MG,Brasileirao Serie A 2021,3,4,14,10,5,2,6,3,24,26
2021-10-09,25,Palmeiras,Bragantino,Brasileirao Serie A 2021,8,3,20,12,6,6,1,2,14,15
2021-10-09,25,Sport,Corinthians,Brasileirao Serie A 2021,7,4,11,9,3,3,3,0,14,7
2021-10-10,25,Internacional,Chapecoense,Brasileirao Serie A 2021,7,7,15,10,11,4,3,1,16,14
2021-10-10,25,Santos,Gremio,Brasileirao Serie A 2021,9,3,13,8,5,3,4,5,14,25
2021-10-11,25,Cuiaba,Sao Paulo,Brasileirao Serie A 2021,4,2,15,9,6,2,2,2,14,16
2021-10-12,26,Bahia,Palmeiras,Brasileirao Serie A 2021,14,5,17,9,5,2,4,2,22,13
2021-10-12,26,Bragantino,Atletico-GO,Brasileirao Serie A 2021,5,4,11,5,3,3,1,4,12,13
2021-10-13,26,Atletico-MG,Santos,Brasileirao Serie A 2021,4,2,14,5,6,1,2,7,10,13
2021-10-13,26,Chapecoense,Athletico-PR,Brasileirao Serie A 2021,5,8,20,14,6,3,4,5,17,13
2021-10-13,26,Corinthians,Fluminense,Brasileirao Serie A 2021,8,3,8,13,1,4,1,1,4,9
2021-10-13,26,Flamengo,Juventude,Brasileirao Serie A 2021,6,6,14,10,6,2,2,3,17,14
2021-10-13,26,Fortaleza,Gremio,Brasileirao Serie A 2021,10,4,22,13,8,5,2,2,13,17
2021-10-13,26,Internacional,America-MG,Brasileirao Serie A 2021,4,6,10,10,6,2,1,2,21,23
2021-10-14,26,Cuiaba,Sport,Brasileirao Serie A 2021,2,5,16,13,8,3,4,0,14,8
2021-10-14,26,Sao Paulo,Ceara,Brasileirao Serie A 2021,10,10,23,12,8,7,3,3,18,14
2021-10-16,27,America-MG,Bahia,Brasileirao Serie A 2021,8,7,15,13,6,3,1,2,12,22
2021-10-16,27,Chapecoense,Fortaleza,Brasileirao Serie A 2021,3,3,8,14,1,5,3,1,20,12
2021-10-17,27,Athletico-PR,Fluminense,Brasileirao Serie A 2021,6,1,16,6,6,2,2,1,22,15
2021-10-17,27,Atletico-GO,Atletico-MG,Brasileirao Serie A 2021,3,8,9,22,4,3,1,0,8,7
2021-10-17,27,Ceara,Bragantino,Brasileirao Serie A 2021,11,1,23,19,9,6,2,7,13,14
2021-10-17,27,Flamengo,Cuiaba,Brasileirao Serie A 2021,12,2,16,2,4,0,1,1,12,7
2021-10-17,27,Gremio,Juventude,Brasileirao Serie A 2021,6,1,14,6,7,3,1,3,24,15
2021-10-17,27,Palmeiras,Internacional,Brasileirao Serie A 2021,5,6,16,14,3,4,3,4,13,21
2021-10-17,27,Sport,Santos,Brasileirao Serie A 2021,8,4,14,10,3,2,1,3,14,11
2021-10-18,27,Sao Paulo,Corinthians,Brasileirao Serie A 2021,6,5,8,10,2,2,3,2,21,8
2021-10-20,19,Ceara,Palmeiras,Brasileirao Serie A 2021,7,6,14,12,5,5,4,2,19,11
2021-10-21,19,Internacional,Bragantino,Brasileirao Serie A 2021,1,6,9,15,4,6,5,2,18,13
2021-10-23,28,Fluminense,Flamengo,Brasileirao Serie A 2021,5,7,11,16,6,3,6,3,22,16
2021-10-23,28,Fortaleza,Athletico-PR,Brasileirao Serie A 2021,4,10,16,13,7,4,2,2,13,12
2021-10-23,28,Juventude,Ceara,Brasileirao Serie A 2021,9,3,26,4,8,2,1,2,15,20
2021-10-23,28,Santos,America-MG,Brasileirao Serie A 2021,3,5,14,16,6,4,1,2,10,12
2021-10-24,28,Atletico-MG,Cuiaba,Brasileirao Serie A 2021,7,2,21,7,9,2,,,12,13
2021-10-24,28,Bahia,Chapecoense,Brasileirao Serie A 2021,4,9,15,11,6,1,1,1,6,11
2021-10-24,28,Bragantino,Sao Paulo,Brasileirao Serie A 2021,3,5,16,15,5,5,3,0,14,19
2021-10-24,28,Internacional,Corinthians,Brasileirao Serie A 2021,3,2,11,13,6,2,3,3,23,11
2021-10-25,28,Atletico-GO,Gremio,Brasileirao Serie A 2021,3,11,11,19,6,5,2,7,11,17
2021-10-25,28,Palmeiras,Sport,Brasileirao Serie A 2021,23,0,37,6,16,1,1,3,10,20
2021-10-27,23,Bahia,Ceara,Brasileirao Serie A 2021,8,5,13,9,7,4,3,1,19,13
2021-10-27,23,Santos,Fluminense,Brasileirao Serie A 2021,2,4,11,17,5,4,2,2,18,10
2021-10-28,34,Bragantino,Sport,Brasileirao Serie A 2021,8,7,16,17,3,4,3,6,17,14
2021-10-30,29,America-MG,Fortaleza,Brasileirao Serie A 2021,7,5,23,12,8,8,0,5,13,19
2021-10-30,29,Athletico-PR,Santos,Brasileirao Serie A 2021,8,2,29,10,6,2,1,2,11,9
2021-10-30,29,Flamengo,Atletico-MG,Brasileirao Serie A 2021,2,7,8,16,3,2,4,2,22,19
2021-10-30,29,Juventude,Bahia,Brasileirao Serie A 2021,7,3,18,9,3,0,2,1,13,17
2021-10-31,29,Ceara,Fluminense,Brasileirao Serie A 2021,4,7,8,17,2,0,4,2,8,7
2021-10-31,29,Gremio,Palmeiras,Brasileirao Serie A 2021,4,2,15,11,5,5,5,2,26,12
2021-10-31,29,Sao Paulo,Internacional,Brasileirao Serie A 2021,5,1,21,9,8,3,0,2,17,13
2021-10-31,29,Sport,Atletico-GO,Brasileirao Serie A 2021,6,3,22,16,6,3,4,3,15,13
2021-11-01,29,Corinthians,Chapecoense,Brasileirao Serie A 2021,14,0,18,2,5,2,1,4,12,19
2021-11-01,29,Cuiaba,Bragantino,Brasileirao Serie A 2021,7,2,20,13,6,8,2,3,8,16
2021-11-02,4,Athletico-PR,Flamengo,Brasileirao Serie A 2021,7,3,21,13,5,6,4,2,8,15
2021-11-03,19,Atletico-MG,Gremio,Brasileirao Serie A 2021,1,8,15,14,4,5,5,6,10,14
2021-11-04,31,Cuiaba,Chapecoense,Brasileirao Serie A 2021,6,2,16,7,3,2,1,1,13,15
2021-11-05,19,Flamengo,Atletico-GO,Brasileirao Serie A 2021,9,7,23,10,7,2,2,1,10,15
2021-11-06,30,Corinthians,Fortaleza,Brasileirao Serie A 2021,8,4,14,9,6,2,3,3,18,26
2021-11-06,30,Fluminense,Sport,Brasileirao Serie A 2021,5,4,21,8,3,2,1,1,11,12
2021-11-06,30,Internacional,Gremio,Brasileirao Serie A 2021,4,8,9,8,2,5,1,3,19,17
2021-11-07,30,Atletico-MG,America-MG,Brasileirao Serie A 2021,9,1,18,16,7,4,3,2,21,10
2021-11-07,30,Bahia,Sao Paulo,Brasileirao Serie A 2021,11,6,15,8,4,3,1,2,11,18
2021-11-07,30,Bragantino,Athletico-PR,Brasileirao Serie A 2021,5,1,11,8,3,5,2,3,16,25
2021-11-07,30,Ceara,Cuiaba,Brasileirao Serie A 2021,8,4,16,7,4,1,3,1,15,13
2021-11-07,30,Santos,Palmeiras,Brasileirao Serie A 2021,4,2,12,15,4,6,3,2,14,17
2021-11-08,30,Chapecoense,Flamengo,Brasileirao Serie A 2021,7,6,14,21,3,10,2,3,14,11
2021-11-09,31,Gremio,Fluminense,Brasileirao Serie A 2021,6,0,25,11,7,5,3,1,18,9
2021-11-10,31,Athletico-PR,Ceara,Brasileirao Serie A 2021,6,3,13,14,4,4,4,3,9,10
2021-11-10,31,Atletico-MG,Corinthians,Brasileirao Serie A 2021,8,5,11,7,5,0,2,2,20,4
2021-11-10,31,Fortaleza,Sao Paulo,Brasileirao Serie A 2021,6,5,15,11,3,3,4,5,15,11
2021-11-10,31,Juventude,Internacional,Brasileirao Serie A 2021,2,3,14,14,3,3,2,4,19,15
2021-11-10,31,Palmeiras,Atletico-GO,Brasileirao Serie A 2021,5,8,14,10,7,0,1,3,10,13
2021-11-10,31,Santos,Bragantino,Brasileirao Serie A 2021,5,7,11,14,5,3,2,1,11,10
2021-11-10,31,Sport,America-MG,Brasileirao Serie A 2021,6,9,11,14,3,6,2,3,11,14
2021-11-11,31,Flamengo,Bahia,Brasileirao Serie A 2021,8,3,17,7,6,2,0,1,14,9
2021-11-13,32,America-MG,Gremio,Brasileirao Serie A 2021,3,9,12,26,6,8,3,1,14,16
2021-11-13,32,Atletico-GO,Santos,Brasileirao Serie A 2021,14,2,9,6,3,0,2,3,13,13
2021-11-13,32,Bragantino,Fortaleza,Brasileirao Serie A 2021,2,5,11,13,5,2,3,4,25,12
2021-11-13,32,Corinthians,Cuiaba,Brasileirao Serie A 2021,4,5,12,9,4,6,1,1,15,9
2021-11-13,32,Internacional,Athletico-PR,Brasileirao Serie A 2021,5,5,16,10,4,1,7,3,17,13
2021-11-14,32,Ceara,Sport,Brasileirao Serie A 2021,2,6,12,21,3,8,1,2,12,17
2021-11-14,32,Chapecoense,Juventude,Brasileirao Serie A 2021,6,3,12,10,4,3,3,3,15,17
2021-11-14,32,Fluminense,Palmeiras,Brasileirao Serie A 2021,5,2,9,11,3,4,3,4,12,20
2021-11-14,32,Sao Paulo,Flamengo,Brasileirao Serie A 2021,1,3,6,15,3,7,1,1,6,9
2021-11-16,33,Athletico-PR,Atletico-MG,Brasileirao Serie A 2021,3,6,8,9,1,2,1,2,15,14
2021-11-16,33,Gremio,Bragantino,Brasileirao Serie A 2021,11,1,25,7,10,2,0,2,15,17
2021-11-17,33,America-MG,Atletico-GO,Brasileirao Serie A 2021,2,5,23,14,4,1,1,1,7,14
2021-11-17,33,Cuiaba,Internacional,Brasileirao Serie A 2021,6,4,21,11,5,4,4,1,14,17
2021-11-17,33,Flamengo,Corinthians,Brasileirao Serie A 2021,8,1,22,6,6,1,1,2,15,8
2021-11-17,33,Fortaleza,Ceara,Brasileirao Serie A 2021,5,1,17,13,8,5,1,4,14,14
2021-11-17,33,Juventude,Fluminense,Brasileirao Serie A 2021,2,5,15,7,7,1,2,1,20,19
2021-11-17,33,Palmeiras,Sao Paulo,Brasileirao Serie A 2021,7,3,16,16,4,6,1,2,12,19
2021-11-17,33,Santos,Chapecoense,Brasileirao Serie A 2021,2,5,9,15,3,5,1,2,14,14
2021-11-18,33,Sport,Bahia,Brasileirao Serie A 2021,3,5,16,14,4,4,1,3,19,14
2021-11-20,34,Atletico-GO,Ceara,Brasileirao Serie A 2021,10,1,20,5,4,2,0,3,10,21
2021-11-20,34,Atletico-MG,Juventude,Brasileirao Serie A 2021,5,1,18,2,5,0,1,2,20,13
2021-11-20,34,Chapecoense,Gremio,Brasileirao Serie A 2021,4,4,10,24,4,6,1,1,19,18
2021-11-20,34,Fortaleza,Palmeiras,Brasileirao Serie A 2021,2,6,8,13,3,4,3,2,22,12
2021-11-20,34,Internacional,Flamengo,Brasileirao Serie A 2021,8,5,22,15,9,8,2,1,14,13
2021-11-21,34,Bahia,Cuiaba,Brasileirao Serie A 2021,8,4,19,8,3,0,1,0,12,9
2021-11-21,34,Corinthians,Santos,Brasileirao Serie A 2021,11,4,23,9,11,1,1,0,6,8
2021-11-21,34,Fluminense,America-MG,Brasileirao Serie A 2021,2,1,11,9,5,3,1,2,21,17
2021-11-23,30,Atletico-GO,Juventude,Brasileirao Serie A 2021,6,2,15,12,8,5,1,2,19,16
2021-11-23,2,Gremio,Flamengo,Brasileirao Serie A 2021,5,4,18,12,8,6,2,2,14,14
2021-11-23,35,Palmeiras,Atletico-MG,Brasileirao Serie A 2021,2,6,11,15,7,5,4,3,16,22
2021-11-24,35,Fluminense,Internacional,Brasileirao Serie A 2021,1,7,9,14,1,4,5,5,20,18
2021-11-24,34,Sao Paulo,Athletico-PR,Brasileirao Serie A 2021,9,0,20,3,2,0,3,2,14,15
2021-11-25,35,Ceara,Corinthians,Brasileirao Serie A 2021,2,5,15,15,5,6,3,4,16,13
2021-11-25,35,Santos,Fortaleza,Brasileirao Serie A 2021,6,4,15,11,6,2,3,2,15,15
2021-11-26,36,Bahia,Gremio,Brasileirao Serie A 2021,3,9,13,11,6,3,3,3,15,15
2021-11-27,36,Bragantino,America-MG,Brasileirao Serie A 2021,6,5,11,13,5,3,3,2,21,14
2021-11-27,36,Sao Paulo,Sport,Brasileirao Serie A 2021,7,5,20,7,9,4,0,1,16,14
2021-11-28,36,Atletico-MG,Fluminense,Brasileirao Serie A 2021,7,3,9,6,4,4,6,3,22,18
2021-11-28,36,Corinthians,Athletico-PR,Brasileirao Serie A 2021,10,3,16,11,5,2,5,3,14,19
2021-11-28,36,Internacional,Santos,Brasileirao Serie A 2021,3,5,17,13,6,5,1,2,16,17
2021-11-29,35,Atletico-GO,Bahia,Brasileirao Serie A 2021,4,5,12,14,3,2,5,2,16,20
2021-11-30,35,America-MG,Chapecoense,Brasileirao Serie A 2021,8,9,24,10,7,3,2,2,10,11
2021-11-30,36,Cuiaba,Palmeiras,Brasileirao Serie A 2021,12,4,21,13,6,5,4,1,15,10
2021-11-30,36,Flamengo,Ceara,Brasileirao Serie A 2021,8,6,15,12,5,4,6,1,20,19
2021-11-30,35,Juventude,Bragantino,Brasileirao Serie A 2021,0,4,9,13,2,0,3,3,15,25
2021-12-02,32,Bahia,Atletico-MG,Brasileirao Serie A 2021,4,6,13,19,3,9,2,3,13,12
2021-12-02,35,Gremio,Sao Paulo,Brasileirao Serie A 2021,6,0,17,5,8,1,3,2,17,13
2021-12-03,35,Athletico-PR,Cuiaba,Brasileirao Serie A 2021,8,2,19,8,3,1,4,5,15,14
2021-12-03,36,Chapecoense,Atletico-GO,Brasileirao Serie A 2021,3,4,8,9,0,1,2,3,17,17
2021-12-03,36,Fortaleza,Juventude,Brasileirao Serie A 2021,5,4,15,11,4,3,2,0,20,14
2021-12-03,35,Sport,Flamengo,Brasileirao Serie A 2021,6,6,15,22,9,7,2,3,13,11
2021-12-05,37,Atletico-MG,Bragantino,Brasileirao Serie A 2021,5,3,13,18,6,11,1,2,5,10
2021-12-05,37,Bahia,Fluminense,Brasileirao Serie A 2021,11,3,14,9,6,1,2,5,14,20
2021-12-05,37,Ceara,America-MG,Brasileirao Serie A 2021,7,3,15,18,3,1,0,2,14,13
2021-12-05,37,Corinthians,Gremio,Brasileirao Serie A 2021,2,5,11,12,3,3,1,3,7,22
2021-12-06,37,Athletico-PR,Palmeiras,Brasileirao Serie A 2021,8,1,23,4,4,0,1,1,11,10
2021-12-06,37,Chapecoense,Sport,Brasileirao Serie A 2021,6,3,14,25,6,4,3,4,16,27
2021-12-06,37,Cuiaba,Fortaleza,Brasileirao Serie A 2021,1,2,8,13,1,3,1,3,22,23
2021-12-06,37,Flamengo,Santos,Brasileirao Serie A 2021,5,1,9,9,4,4,3,3,23,14
2021-12-06,37,Internacional,Atletico-GO,Brasileirao Serie A 2021,11,3,23,11,6,4,3,2,14,9
2021-12-06,37,Sao Paulo,Juventude,Brasileirao Serie A 2021,7,6,13,9,6,3,5,3,25,13
2021-12-09,38,America-MG,Sao Paulo,Brasileirao Serie A 2021,5,5,19,11,4,2,2,2,18,18
2021-12-09,38,Atletico-GO,Flamengo,Brasileirao Serie A 2021,4,6,13,12,3,6,4,2,15,7
2021-12-09,38,Bragantino,Internacional,Brasileirao Serie A 2021,4,2,23,4,4,1,4,5,23,26
2021-12-09,38,Fluminense,Chapecoense,Brasileirao Serie A 2021,9,3,22,3,8,0,3,2,12,10
2021-12-09,38,Fortaleza,Bahia,Brasileirao Serie A 2021,6,3,14,9,6,6,4,2,15,17
2021-12-09,38,Gremio,Atletico-MG,Brasileirao Serie A 2021,3,9,7,13,4,7,3,1,15,11
2021-12-09,38,Juventude,Corinthians,Brasileirao Serie A 2021,11,4,17,1,6,1,1,2,10,22
2021-12-09,38,Palmeiras,Ceara,Brasileirao Serie A 2021,5,8,12,31,2,9,2,0,18,4
2021-12-09,38,Santos,Cuiaba,Brasileirao Serie A 2021,6,4,13,8,5,3,1,2,17,15
2021-12-09,38,Sport,Athletico-PR,Brasileirao Serie A 2021,6,4,18,7,6,4,1,1,17,14
2022-04-09,1,Atletico-GO,Flamengo,Brasileirao Serie A 2022,4,10,10,12,3,3,3,2,7,11
2022-04-09,1,Fluminense,Santos,Brasileirao Serie A 2022,8,1,26,3,6,1,1,0,14,18
2022-04-09,1,Palmeiras,Ceara,Brasileirao Serie A 2022,11,8,17,19,4,9,4,8,17,14
2022-04-10,1,Atletico-MG,Internacional,Brasileirao Serie A 2022,3,3,15,6,5,1,2,4,12,18
2022-04-10,1,Avai,America-MG,Brasileirao Serie A 2022,6,1,13,7,2,1,3,3,20,18
2022-04-10,1,Botafogo-RJ,Corinthians,Brasileirao Serie A 2022,2,4,9,15,4,8,1,4,6,18
2022-04-10,1,Coritiba,Goias,Brasileirao Serie A 2022,7,3,17,7,9,0,2,4,10,12
2022-04-10,1,Fortaleza,Cuiaba,Brasileirao Serie A 2022,7,1,22,9,5,4,2,3,22,23
2022-04-10,1,Sao Paulo,Athletico-PR,Brasileirao Serie A 2022,5,5,18,7,8,0,1,3,17,14
2022-04-11,1,Juventude,Bragantino,Brasileirao Serie A 2022,5,4,13,15,7,2,4,5,16,17
2022-04-16,2,America-MG,Juventude,Brasileirao Serie A 2022,5,5,22,13,9,4,3,0,19,11
2022-04-16,2,Corinthians,Avai,Brasileirao Serie A 2022,7,2,14,15,4,5,1,1,22,12
2022-04-16,2,Cuiaba,Fluminense,Brasileirao Serie A 2022,2,5,5,12,1,3,2,1,18,14
2022-04-16,2,Goias,Palmeiras,Brasileirao Serie A 2022,2,6,9,22,6,6,4,0,16,7
2022-04-17,2,Athletico-PR,Atletico-MG,Brasileirao Serie A 2022,2,5,12,17,3,5,2,3,9,14
2022-04-17,2,Bragantino,Atletico-GO,Brasileirao Serie A 2022,13,2,18,5,8,3,1,4,12,9
2022-04-17,2,Ceara,Botafogo-RJ,Brasileirao Serie A 2022,4,2,18,11,4,3,1,4,16,15
2022-04-17,2,Flamengo,Sao Paulo,Brasileirao Serie A 2022,2,3,19,6,8,1,2,6,17,25
2022-04-17,2,Internacional,Fortaleza,Brasileirao Serie A 2022,8,5,18,7,5,3,5,5,15,13
2022-04-17,2,Santos,Coritiba,Brasileirao Serie A 2022,4,7,15,22,7,6,2,4,22,10
2022-04-20,4,Flamengo,Palmeiras,Brasileirao Serie A 2022,9,6,17,10,2,2,3,4,15,21
2022-04-23,3,Athletico-PR,Flamengo,Brasileirao Serie A 2022,6,5,10,11,2,6,4,2,15,10
2022-04-23,3,Atletico-MG,Coritiba,Brasileirao Serie A 2022,3,3,20,11,5,4,2,1,10,8
2022-04-23,3,Bragantino,Sao Paulo,Brasileirao Serie A 2022,6,9,15,24,3,7,5,2,13,12
2022-04-23,3,Fluminense,Internacional,Brasileirao Serie A 2022,5,4,12,12,2,4,5,3,15,12
2022-04-23,3,Palmeiras,Corinthians,Brasileirao Serie A 2022,12,3,20,7,7,1,1,2,13,14
2022-04-24,3,Atletico-GO,Botafogo-RJ,Brasileirao Serie A 2022,2,7,9,17,2,2,2,1,11,5
2022-04-24,3,Juventude,Cuiaba,Brasileirao Serie A 2022,6,7,13,10,2,4,1,4,18,19
2022-04-24,3,Santos,America-MG,Brasileirao Serie A 2022,3,8,18,19,8,2,2,0,16,8
2022-04-25,3,Avai,Goias,Brasileirao Serie A 2022,3,5,14,18,4,5,5,5,20,20
2022-04-30,4,America-MG,Athletico-PR,Brasileirao Serie A 2022,6,11,7,13,3,6,1,0,19,12
2022-04-30,4,Ceara,Bragantino,Brasileirao Serie A 2022,5,4,14,18,4,6,1,5,11,20
2022-04-30,4,Cuiaba,Atletico-GO,Brasileirao Serie A 2022,4,6,17,14,5,7,2,0,12,14
2022-04-30,4,Goias,Atletico-MG,Brasileirao Serie A 2022,0,10,7,21,2,5,5,4,20,15
2022-05-01,4,Botafogo-RJ,Juventude,Brasileirao Serie A 2022,6,4,17,7,4,4,2,5,14,18
2022-05-01,4,Corinthians,Fortaleza,Brasileirao Serie A 2022,9,4,6,15,3,5,1,3,14,14
2022-05-01,4,Coritiba,Fluminense,Brasileirao Serie A 2022,8,1,20,7,8,4,0,2,13,16
2022-05-01,4,Internacional,Avai,Brasileirao Serie A 2022,18,2,23,11,3,4,2,4,15,16
2022-05-02,4,Sao Paulo,Santos,Brasileirao Serie A 2022,2,4,10,8,3,3,2,4,15,8
2022-05-07,5,Athletico-PR,Ceara,Brasileirao Serie A 2022,4,9,15,16,9,3,5,4,19,8
2022-05-07,5,Atletico-MG,America-MG,Brasileirao Serie A 2022,11,3,23,12,8,9,4,3,7,22
2022-05-08,5,Atletico-GO,Goias,Brasileirao Serie A 2022,12,0,33,6,7,3,4,2,12,11
2022-05-08,5,Bragantino,Corinthians,Brasileirao Serie A 2022,1,1,8,4,2,1,1,2,11,9
2022-05-08,5,Flamengo,Botafogo-RJ,Brasileirao Serie A 2022,10,4,17,13,8,8,1,3,13,18
2022-05-08,5,Fortaleza,Sao Paulo,Brasileirao Serie A 2022,9,4,12,4,3,2,2,3,16,14
2022-05-08,5,Juventude,Internacional,Brasileirao Serie A 2022,6,3,12,8,5,3,5,5,22,13
2022-05-08,5,Palmeiras,Fluminense,Brasileirao Serie A 2022,6,3,19,8,5,2,1,2,10,13
2022-05-08,5,Santos,Cuiaba,Brasileirao Serie A 2022,4,8,12,16,7,3,1,2,14,12
2022-05-09,5,Avai,Coritiba,Brasileirao Serie A 2022,5,7,12,8,6,4,3,3,14,13
2022-05-11,7,Bragantino,Atletico-MG,Brasileirao Serie A 2022,3,10,6,18,1,4,3,2,13,5
2022-05-14,6,Atletico-MG,Atletico-GO,Brasileirao Serie A 2022,10,2,14,5,7,0,1,2,16,14
2022-05-14,6,Ceara,Flamengo,Brasileirao Serie A 2022,8,3,15,11,5,4,5,5,18,22
2022-05-14,6,Fluminense,Athletico-PR,Brasileirao Serie A 2022,4,5,11,12,6,3,3,2,12,12
2022-05-14,6,Internacional,Corinthians,Brasileirao Serie A 2022,5,6,13,15,5,9,2,2,8,7
2022-05-14,6,Palmeiras,Bragantino,Brasileirao Serie A 2022,7,4,14,11,7,2,2,2,11,14
2022-05-15,6,Avai,Juventude,Brasileirao Serie A 2022,6,6,17,5,5,3,2,5,18,16
2022-05-15,6,Botafogo-RJ,Fortaleza,Brasileirao Serie A 2022,5,1,13,10,6,3,3,0,14,15
2022-05-15,6,Coritiba,America-MG,Brasileirao Serie A 2022,7,4,17,9,7,2,1,4,11,23
2022-05-15,6,Goias,Santos,Brasileirao Serie A 2022,5,9,10,16,5,3,,,14,11
2022-05-15,6,Sao Paulo,Cuiaba,Brasileirao Serie A 2022,15,3,21,6,9,3,2,1,5,15
2022-05-21,7,America-MG,Botafogo-RJ,Brasileirao Serie A 2022,3,5,12,8,4,5,2,1,19,9
2022-05-21,7,Atletico-GO,Coritiba,Brasileirao Serie A 2022,3,5,17,14,3,6,4,1,14,13
2022-05-21,7,Cuiaba,Internacional,Brasileirao Serie A 2022,4,11,11,14,3,4,1,7,9,12
2022-05-21,7,Flamengo,Goias,Brasileirao Serie A 2022,6,4,11,3,6,0,1,3,14,19
2022-05-21,7,Juventude,Palmeiras,Brasileirao Serie A 2022,7,7,13,20,3,8,3,0,20,6
2022-05-21,7,Santos,Ceara,Brasileirao Serie A 2022,6,2,16,11,3,4,1,5,9,13
2022-05-22,7,Athletico-PR,Avai,Brasileirao Serie A 2022,5,4,12,9,3,4,2,6,23,17
2022-05-22,7,Corinthians,Sao Paulo,Brasileirao Serie A 2022,8,8,13,14,5,7,2,3,11,12
2022-05-22,7,Fortaleza,Fluminense,Brasileirao Serie A 2022,12,5,23,7,8,3,1,1,13,14
2022-05-28,8,Fortaleza,Juventude,Brasileirao Serie A 2022,8,7,14,16,3,8,2,3,10,16
2022-05-28,8,Goias,Bragantino,Brasileirao Serie A 2022,6,1,17,14,2,4,2,3,18,22
2022-05-28,8,Sao Paulo,Ceara,Brasileirao Serie A 2022,8,3,15,7,5,4,2,5,19,10
2022-05-29,8,Atletico-MG,Avai,Brasileirao Serie A 2022,13,0,27,5,7,1,3,2,14,10
2022-05-29,8,Corinthians,America-MG,Brasileirao Serie A 2022,6,5,7,13,4,5,2,1,13,19
2022-05-29,8,Coritiba,Botafogo-RJ,Brasileirao Serie A 2022,5,9,15,18,5,3,5,3,10,12
2022-05-29,8,Cuiaba,Athletico-PR,Brasileirao Serie A 2022,8,8,10,19,0,8,5,0,9,17
2022-05-29,8,Fluminense,Flamengo,Brasileirao Serie A 2022,12,2,17,7,6,3,3,5,9,16
2022-05-29,8,Santos,Palmeiras,Brasileirao Serie A 2022,3,4,18,17,4,4,5,1,19,15
2022-05-30,8,Internacional,Atletico-GO,Brasileirao Serie A 2022,3,12,10,20,5,7,1,2,7,16
2022-06-01,3,Fortaleza,Ceara,Brasileirao Serie A 2022,4,1,11,19,3,7,5,4,18,18
2022-06-04,9,America-MG,Cuiaba,Brasileirao Serie A 2022,8,4,16,5,6,2,0,1,11,11
2022-06-04,9,Athletico-PR,Santos,Brasileirao Serie A 2022,7,6,14,14,4,3,5,3,21,11
2022-06-04,9,Atletico-GO,Corinthians,Brasileirao Serie A 2022,9,0,14,10,3,1,3,3,9,11
2022-06-04,9,Avai,Sao Paulo,Brasileirao Serie A 2022,4,7,17,16,6,4,2,2,11,23
2022-06-04,9,Ceara,Coritiba,Brasileirao Serie A 2022,5,6,22,14,10,6,1,4,14,9
2022-06-05,9,Bragantino,Internacional,Brasileirao Serie A 2022,7,3,8,9,2,5,3,3,20,12
2022-06-05,9,Flamengo,Fortaleza,Brasileirao Serie A 2022,9,3,11,12,3,6,3,4,9,21
2022-06-05,9,Juventude,Fluminense,Brasileirao Serie A 2022,5,7,11,6,3,2,3,4,21,10
2022-06-05,9,Palmeiras,Atletico-MG,Brasileirao Serie A 2022,6,2,16,11,3,3,1,3,8,19
2022-06-06,9,Botafogo-RJ,Goias,Brasileirao Serie A 2022,9,2,16,11,5,4,2,2,11,22
2022-06-07,10,Cuiaba,Corinthians,Brasileirao Serie A 2022,4,3,11,11,4,4,1,2,10,11
2022-06-08,10,America-MG,Ceara,Brasileirao Serie A 2022,4,4,16,7,3,3,2,3,18,20
2022-06-08,10,Atletico-GO,Avai,Brasileirao Serie A 2022,8,6,13,10,5,3,1,3,12,12
2022-06-08,10,Bragantino,Flamengo,Brasileirao Serie A 2022,5,7,12,13,2,3,1,4,11,16
2022-06-08,10,Fluminense,Atletico-MG,Brasileirao Serie A 2022,1,9,13,11,9,6,3,3,13,15
2022-06-08,10,Juventude,Athletico-PR,Brasileirao Serie A 2022,11,5,17,7,4,6,2,4,9,10
2022-06-08,10,Santos,Internacional,Brasileirao Serie A 2022,10,3,22,11,6,6,2,1,11,16
2022-06-09,10,Coritiba,Sao Paulo,Brasileirao Serie A 2022,1,10,11,16,2,4,3,3,12,13
2022-06-09,10,Fortaleza,Goias,Brasileirao Serie A 2022,6,2,20,12,4,2,1,2,12,18
2022-06-09,10,Palmeiras,Botafogo-RJ,Brasileirao Serie A 2022,7,4,14,12,6,3,1,1,16,14
2022-06-11,11,Atletico-MG,Santos,Brasileirao Serie A 2022,5,6,16,12,4,6,4,4,11,16
2022-06-11,11,Corinthians,Juventude,Brasileirao Serie A 2022,4,5,13,8,3,2,1,4,15,12
2022-06-11,11,Cuiaba,Bragantino,Brasileirao Serie A 2022,5,4,19,8,5,4,1,3,14,15
2022-06-11,11,Fluminense,Atletico-GO,Brasileirao Serie A 2022,10,6,15,17,4,9,3,2,10,13
2022-06-11,11,Internacional,Flamengo,Brasileirao Serie A 2022,4,4,11,16,4,3,3,3,15,14
2022-06-12,11,Coritiba,Palmeiras,Brasileirao Serie A 2022,5,6,11,16,4,6,1,2,11,13
2022-06-12,11,Fortaleza,Athletico-PR,Brasileirao Serie A 2022,7,1,23,7,6,0,1,3,13,12
2022-06-12,11,Goias,Ceara,Brasileirao Serie A 2022,2,10,12,20,4,6,6,2,20,14
2022-06-12,11,Sao Paulo,America-MG,Brasileirao Serie A 2022,2,4,15,11,2,5,2,2,14,16
2022-06-13,11,Botafogo-RJ,Avai,Brasileirao Serie A 2022,7,1,22,9,7,2,4,4,19,22
2022-06-14,12,Juventude,Santos,Brasileirao Serie A 2022,4,9,10,18,1,9,1,2,19,14
2022-06-15,12,America-MG,Fluminense,Brasileirao Serie A 2022,3,8,9,20,4,3,3,1,12,9
2022-06-15,12,Athletico-PR,Corinthians,Brasileirao Serie A 2022,11,4,21,11,2,6,2,2,12,9
2022-06-15,12,Bragantino,Coritiba,Brasileirao Serie A 2022,4,5,18,16,7,5,2,1,13,12
2022-06-15,12,Ceara,Atletico-MG,Brasileirao Serie A 2022,5,2,16,14,3,2,2,3,14,17
2022-06-15,12,Flamengo,Cuiaba,Brasileirao Serie A 2022,4,3,15,6,6,1,1,2,17,14
2022-06-15,12,Goias,Internacional,Brasileirao Serie A 2022,8,2,7,16,3,8,4,3,11,14
2022-06-16,12,Avai,Fortaleza,Brasileirao Serie A 2022,3,4,12,4,4,3,1,3,16,17
2022-06-16,12,Botafogo-RJ,Sao Paulo,Brasileirao Serie A 2022,3,3,17,6,3,2,6,3,17,17
2022-06-16,12,Palmeiras,Atletico-GO,Brasileirao Serie A 2022,12,4,29,10,12,2,2,1,12,16
2022-06-18,13,Cuiaba,Ceara,Brasileirao Serie A 2022,7,6,14,9,1,1,0,2,15,10
2022-06-18,13,Santos,Bragantino,Brasileirao Serie A 2022,3,9,12,18,5,7,4,3,13,18
2022-06-19,13,Atletico-GO,Juventude,Brasileirao Serie A 2022,7,2,26,5,6,3,3,4,15,11
2022-06-19,13,Atletico-MG,Flamengo,Brasileirao Serie A 2022,9,8,16,10,3,3,4,1,18,13
2022-06-19,13,Corinthians,Goias,Brasileirao Serie A 2022,6,4,17,9,3,2,1,4,7,13
2022-06-19,13,Coritiba,Athletico-PR,Brasileirao Serie A 2022,12,1,24,10,3,3,4,6,12,11
2022-06-19,13,Fluminense,Avai,Brasileirao Serie A 2022,6,3,19,9,3,4,0,3,8,15
2022-06-19,13,Fortaleza,America-MG,Brasileirao Serie A 2022,5,8,18,14,8,4,1,0,8,5
2022-06-19,13,Internacional,Botafogo-RJ,Brasileirao Serie A 2022,7,2,18,10,8,6,4,6,13,13
2022-06-20,13,Sao Paulo,Palmeiras,Brasileirao Serie A 2022,3,7,12,23,3,7,3,1,17,9
2022-06-24,14,Internacional,Coritiba,Brasileirao Serie A 2022,1,9,15,14,8,4,2,4,9,16
2022-06-25,14,Athletico-PR,Bragantino,Brasileirao Serie A 2022,5,10,10,23,6,6,4,1,14,11
2022-06-25,14,Atletico-MG,Fortaleza,Brasileirao Serie A 2022,1,3,17,8,6,3,0,5,14,15
2022-06-25,14,Corinthians,Santos,Brasileirao Serie A 2022,3,2,9,7,1,2,3,3,20,10
2022-06-25,14,Flamengo,America-MG,Brasileirao Serie A 2022,7,7,23,15,7,5,1,2,17,13
2022-06-26,14,Avai,Palmeiras,Brasileirao Serie A 2022,2,5,7,15,4,4,4,1,18,17
2022-06-26,14,Botafogo-RJ,Fluminense,Brasileirao Serie A 2022,1,6,9,11,1,3,3,2,18,14
2022-06-26,14,Ceara,Atletico-GO,Brasileirao Serie A 2022,4,2,10,7,5,2,2,2,16,18
2022-06-26,14,Goias,Cuiaba,Brasileirao Serie A 2022,4,6,15,13,5,2,3,3,14,16
2022-06-26,14,Sao Paulo,Juventude,Brasileirao Serie A 2022,16,1,29,4,9,2,3,4,15,7
2022-07-02,15,Ceara,Internacional,Brasileirao Serie A 2022,3,2,9,12,4,5,4,3,24,20
2022-07-02,15,Fluminense,Corinthians,Brasileirao Serie A 2022,6,4,15,3,6,2,0,3,11,12
2022-07-02,15,Juventude,Atletico-MG,Brasileirao Serie A 2022,6,6,17,8,3,4,2,1,11,11
2022-07-02,15,Palmeiras,Athletico-PR,Brasileirao Serie A 2022,9,2,35,13,7,5,1,2,12,15
2022-07-02,15,Santos,Flamengo,Brasileirao Serie A 2022,7,3,16,12,7,6,4,2,15,13
2022-07-03,15,America-MG,Goias,Brasileirao Serie A 2022,11,3,21,21,5,3,2,2,14,8
2022-07-03,15,Atletico-GO,Sao Paulo,Brasileirao Serie A 2022,3,0,11,8,3,2,5,7,9,20
2022-07-03,15,Avai,Cuiaba,Brasileirao Serie A 2022,4,4,12,13,3,3,,,10,12
2022-07-03,15,Coritiba,Fortaleza,Brasileirao Serie A 2022,2,6,11,22,4,7,2,3,11,22
2022-07-04,15,Bragantino,Botafogo-RJ,Brasileirao Serie A 2022,9,4,18,9,6,1,1,4,11,19
2022-07-09,16,Bragantino,Avai,Brasileirao Serie A 2022,19,7,37,8,13,2,1,3,5,6
2022-07-09,16,Fluminense,Ceara,Brasileirao Serie A 2022,9,10,18,17,6,6,2,3,16,17
2022-07-09,16,Goias,Athletico-PR,Brasileirao Serie A 2022,2,2,11,20,3,4,2,1,15,10
2022-07-10,16,Atletico-MG,Sao Paulo,Brasileirao Serie A 2022,7,4,11,6,2,2,1,1,12,16
2022-07-10,16,Corinthians,Flamengo,Brasileirao Serie A 2022,6,3,7,12,2,4,2,4,7,12
2022-07-10,16,Coritiba,Juventude,Brasileirao Serie A 2022,11,7,19,15,2,6,1,2,19,11
2022-07-10,16,Cuiaba,Botafogo-RJ,Brasileirao Serie A 2022,5,2,14,6,6,2,1,1,7,11
2022-07-10,16,Fortaleza,Palmeiras,Brasileirao Serie A 2022,2,6,12,12,6,5,0,1,9,15
2022-07-10,16,Santos,Atletico-GO,Brasileirao Serie A 2022,9,10,19,16,5,4,5,4,13,18
2022-07-11,16,Internacional,America-MG,Brasileirao Serie A 2022,13,2,21,9,4,7,0,5,5,8
2022-07-16,17,Athletico-PR,Internacional,Brasileirao Serie A 2022,5,5,17,17,5,3,1,2,7,13
2022-07-16,17,Avai,Santos,Brasileirao Serie A 2022,6,8,14,6,4,2,5,3,17,12
2022-07-16,17,Ceara,Corinthians,Brasileirao Serie A 2022,6,2,18,11,7,4,1,1,18,5
2022-07-16,17,Flamengo,Coritiba,Brasileirao Serie A 2022,8,6,17,17,4,0,0,1,13,11
2022-07-17,17,America-MG,Bragantino,Brasileirao Serie A 2022,10,4,25,16,4,6,3,1,8,18
2022-07-17,17,Atletico-GO,Fortaleza,Brasileirao Serie A 2022,5,6,15,9,3,5,1,0,7,9
2022-07-17,17,Botafogo-RJ,Atletico-MG,Brasileirao Serie A 2022,6,2,14,15,2,4,4,3,21,18
2022-07-17,17,Juventude,Goias,Brasileirao Serie A 2022,7,4,23,16,1,2,2,3,16,16
2022-07-17,17,Sao Paulo,Fluminense,Brasileirao Serie A 2022,5,3,6,15,2,3,4,2,17,7
2022-07-18,17,Palmeiras,Cuiaba,Brasileirao Serie A 2022,11,4,16,6,8,1,3,1,17,12
2022-07-19,18,Ceara,Avai,Brasileirao Serie A 2022,3,3,14,16,5,2,0,2,17,14
2022-07-20,18,Athletico-PR,Atletico-GO,Brasileirao Serie A 2022,3,2,15,15,9,5,3,0,15,8
2022-07-20,18,Bragantino,Fortaleza,Brasileirao Serie A 2022,4,9,14,10,7,3,4,3,14,18
2022-07-20,18,Corinthians,Coritiba,Brasileirao Serie A 2022,9,2,19,8,6,4,1,3,16,15
2022-07-20,18,Flamengo,Juventude,Brasileirao Serie A 2022,5,4,27,8,12,2,3,3,14,13
2022-07-20,18,Goias,Fluminense,Brasileirao Serie A 2022,2,3,15,17,5,10,2,0,19,9
2022-07-20,18,Internacional,Sao Paulo,Brasileirao Serie A 2022,4,3,15,8,7,4,4,5,11,10
2022-07-20,18,Santos,Botafogo-RJ,Brasileirao Serie A 2022,4,4,16,23,7,10,2,2,15,18
2022-07-21,18,America-MG,Palmeiras,Brasileirao Serie A 2022,7,7,15,17,3,5,5,3,16,6
2022-07-21,18,Cuiaba,Atletico-MG,Brasileirao Serie A 2022,4,2,16,7,8,4,1,1,7,10
2022-07-23,19,Botafogo-RJ,Athletico-PR,Brasileirao Serie A 2022,2,11,17,16,6,4,0,2,16,15
2022-07-23,19,Sao Paulo,Goias,Brasileirao Serie A 2022,6,3,20,13,4,9,2,5,7,11
2022-07-24,19,Atletico-GO,America-MG,Brasileirao Serie A 2022,6,3,23,10,6,3,0,1,4,12
2022-07-24,19,Atletico-MG,Corinthians,Brasileirao Serie A 2022,5,0,14,7,6,3,2,1,11,12
2022-07-24,19,Avai,Flamengo,Brasileirao Serie A 2022,6,5,13,19,4,8,1,1,19,19
2022-07-24,19,Fluminense,Bragantino,Brasileirao Serie A 2022,9,5,24,5,7,2,5,2,11,20
2022-07-24,19,Fortaleza,Santos,Brasileirao Serie A 2022,7,5,27,11,2,3,4,4,11,11
2022-07-24,19,Juventude,Ceara,Brasileirao Serie A 2022,8,3,13,17,7,4,1,3,20,14
2022-07-24,19,Palmeiras,Internacional,Brasileirao Serie A 2022,12,5,18,11,9,5,0,1,13,15
2022-07-25,19,Coritiba,Cuiaba,Brasileirao Serie A 2022,4,4,4,8,2,0,4,3,16,12
2022-07-30,20,Ceara,Palmeiras,Brasileirao Serie A 2022,6,5,12,16,7,7,3,3,14,11
2022-07-30,20,Corinthians,Botafogo-RJ,Brasileirao Serie A 2022,3,4,16,10,4,3,,,6,6
2022-07-30,20,Flamengo,Atletico-GO,Brasileirao Serie A 2022,6,3,16,5,6,1,0,7,12,16
2022-07-30,20,Goias,Coritiba,Brasileirao Serie A 2022,3,7,18,20,4,3,1,2,18,11
2022-07-31,20,America-MG,Avai,Brasileirao Serie A 2022,7,7,18,10,6,3,1,0,16,17
2022-07-31,20,Athletico-PR,Sao Paulo,Brasileirao Serie A 2022,6,5,10,12,4,2,3,4,15,13
2022-07-31,20,Bragantino,Juventude,Brasileirao Serie A 2022,7,5,23,9,5,3,1,1,11,15
2022-07-31,20,Cuiaba,Fortaleza,Brasileirao Serie A 2022,10,3,19,7,5,2,2,4,11,10
2022-07-31,20,Internacional,Atletico-MG,Brasileirao Serie A 2022,1,7,9,21,3,5,1,1,13,12
2022-08-01,20,Santos,Fluminense,Brasileirao Serie A 2022,5,5,10,12,3,7,2,5,14,12
2022-08-06,21,Atletico-GO,Bragantino,Brasileirao Serie A 2022,8,10,11,21,4,6,2,1,10,10
2022-08-06,21,Avai,Corinthians,Brasileirao Serie A 2022,2,8,7,14,2,4,2,1,11,12
2022-08-06,21,Botafogo-RJ,Ceara,Brasileirao Serie A 2022,3,8,11,16,4,5,3,4,23,9
2022-08-06,21,Juventude,America-MG,Brasileirao Serie A 2022,13,2,15,10,3,4,1,2,12,18
2022-08-06,21,Sao Paulo,Flamengo,Brasileirao Serie A 2022,5,3,13,20,5,7,2,2,12,7
2022-08-07,21,Atletico-MG,Athletico-PR,Brasileirao Serie A 2022,11,2,21,10,8,5,1,2,10,14
2022-08-07,21,Fluminense,Cuiaba,Brasileirao Serie A 2022,11,6,11,9,5,1,2,1,11,14
2022-08-07,21,Fortaleza,Internacional,Brasileirao Serie A 2022,7,5,16,8,7,2,1,5,12,15
2022-08-07,21,Palmeiras,Goias,Brasileirao Serie A 2022,5,4,19,8,8,2,2,3,12,10
2022-08-08,21,Coritiba,Santos,Brasileirao Serie A 2022,6,7,15,17,2,5,3,3,23,10
2022-08-13,22,Botafogo-RJ,Atletico-GO,Brasileirao Serie A 2022,8,3,14,11,5,2,0,3,18,10
2022-08-13,22,Corinthians,Palmeiras,Brasileirao Serie A 2022,5,3,14,9,4,3,2,2,15,10
2022-08-13,22,Cuiaba,Juventude,Brasileirao Serie A 2022,5,4,13,5,4,3,4,4,14,14
2022-08-13,22,Goias,Avai,Brasileirao Serie A 2022,6,2,17,13,2,3,0,2,13,10
2022-08-14,22,America-MG,Santos,Brasileirao Serie A 2022,6,6,16,11,5,2,1,0,16,9
2022-08-14,22,Ceara,Fortaleza,Brasileirao Serie A 2022,4,8,13,12,3,6,3,4,9,13
2022-08-14,22,Coritiba,Atletico-MG,Brasileirao Serie A 2022,1,9,7,19,2,7,3,0,7,20
2022-08-14,22,Flamengo,Athletico-PR,Brasileirao Serie A 2022,12,4,19,5,13,3,3,2,13,14
2022-08-14,22,Internacional,Fluminense,Brasileirao Serie A 2022,6,5,15,8,5,0,1,1,21,12
2022-08-14,22,Sao Paulo,Bragantino,Brasileirao Serie A 2022,13,4,16,11,4,4,1,0,17,10
2022-08-20,23,Atletico-MG,Goias,Brasileirao Serie A 2022,7,0,28,5,7,3,,,10,13
2022-08-20,23,Fluminense,Coritiba,Brasileirao Serie A 2022,11,3,15,7,6,3,1,2,13,13
2022-08-21,23,Athletico-PR,America-MG,Brasileirao Serie A 2022,2,7,18,12,9,3,,,10,10
2022-08-21,23,Atletico-GO,Cuiaba,Brasileirao Serie A 2022,3,17,7,23,2,7,2,2,14,8
2022-08-21,23,Bragantino,Ceara,Brasileirao Serie A 2022,10,2,28,8,11,2,3,4,23,16
2022-08-21,23,Fortaleza,Corinthians,Brasileirao Serie A 2022,4,7,13,7,4,1,1,2,14,7
2022-08-21,23,Juventude,Botafogo-RJ,Brasileirao Serie A 2022,2,4,11,18,5,9,2,2,19,11
2022-08-21,23,Palmeiras,Flamengo,Brasileirao Serie A 2022,10,4,20,11,3,5,0,2,11,16
2022-08-21,23,Santos,Sao Paulo,Brasileirao Serie A 2022,5,9,13,18,5,6,4,2,12,9
2022-08-22,23,Avai,Internacional,Brasileirao Serie A 2022,8,4,10,14,2,5,5,1,15,9
2022-08-27,24,Ceara,Athletico-PR,Brasileirao Serie A 2022,8,3,19,8,4,2,0,1,9,15
2022-08-27,24,Coritiba,Avai,Brasileirao Serie A 2022,4,5,12,12,3,2,4,3,14,14
2022-08-27,24,Fluminense,Palmeiras,Brasileirao Serie A 2022,3,3,17,9,3,2,3,3,16,16
2022-08-27,24,Goias,Atletico-GO,Brasileirao Serie A 2022,3,3,15,10,6,2,2,2,14,9
2022-08-28,24,America-MG,Atletico-MG,Brasileirao Serie A 2022,6,1,9,16,5,4,4,4,23,14
2022-08-28,24,Botafogo-RJ,Flamengo,Brasileirao Serie A 2022,3,4,14,6,4,1,3,2,19,14
2022-08-28,24,Cuiaba,Santos,Brasileirao Serie A 2022,14,2,21,7,7,1,,,13,6
2022-08-28,24,Sao Paulo,Fortaleza,Brasileirao Serie A 2022,7,2,15,5,8,1,2,2,10,10
2022-08-29,24,Corinthians,Bragantino,Brasileirao Serie A 2022,5,5,14,15,4,5,1,1,12,8
2022-08-29,24,Internacional,Juventude,Brasileirao Serie A 2022,10,1,24,7,13,1,0,3,4,10
2022-09-03,25,America-MG,Coritiba,Brasileirao Serie A 2022,4,5,25,11,10,2,2,3,19,8
2022-09-03,25,Athletico-PR,Fluminense,Brasileirao Serie A 2022,6,3,7,12,2,3,2,0,15,7
2022-09-03,25,Bragantino,Palmeiras,Brasileirao Serie A 2022,2,11,11,11,2,3,4,4,14,12
2022-09-03,25,Juventude,Avai,Brasileirao Serie A 2022,7,3,20,9,7,2,6,6,18,15
2022-09-04,25,Atletico-GO,Atletico-MG,Brasileirao Serie A 2022,5,3,12,12,2,7,1,2,12,6
2022-09-04,25,Corinthians,Internacional,Brasileirao Serie A 2022,2,8,12,14,4,4,2,2,10,14
2022-09-04,25,Cuiaba,Sao Paulo,Brasileirao Serie A 2022,7,5,12,10,4,2,3,1,18,9
2022-09-04,25,Flamengo,Ceara,Brasileirao Serie A 2022,12,7,15,6,6,1,3,6,12,19
2022-09-04,25,Fortaleza,Botafogo-RJ,Brasileirao Serie A 2022,5,9,15,17,4,9,1,2,15,14
2022-09-05,25,Santos,Goias,Brasileirao Serie A 2022,13,2,24,9,8,4,1,2,8,16
2022-09-07,26,Atletico-MG,Bragantino,Brasileirao Serie A 2022,7,5,21,6,6,2,1,2,8,10
2022-09-10,26,Ceara,Santos,Brasileirao Serie A 2022,3,5,8,10,4,4,4,3,24,17
2022-09-10,26,Fluminense,Fortaleza,Brasileirao Serie A 2022,5,6,15,11,7,3,1,2,7,19
2022-09-10,26,Internacional,Cuiaba,Brasileirao Serie A 2022,4,3,16,1,3,0,1,3,16,14
2022-09-10,26,Palmeiras,Juventude,Brasileirao Serie A 2022,14,3,24,6,9,1,0,3,6,15
2022-09-11,26,Avai,Athletico-PR,Brasileirao Serie A 2022,7,2,15,9,3,2,3,3,17,20
2022-09-11,26,Botafogo-RJ,America-MG,Brasileirao Serie A 2022,6,11,20,12,5,2,1,5,11,20
2022-09-11,26,Coritiba,Atletico-GO,Brasileirao Serie A 2022,7,8,13,15,5,4,6,3,16,11
2022-09-11,26,Goias,Flamengo,Brasileirao Serie A 2022,4,9,7,15,4,6,3,1,14,14
2022-09-11,26,Sao Paulo,Corinthians,Brasileirao Serie A 2022,3,7,13,18,3,7,3,1,11,14
2022-09-17,27,Avai,Atletico-MG,Brasileirao Serie A 2022,2,10,9,13,4,3,4,3,16,20
2022-09-17,27,Botafogo-RJ,Coritiba,Brasileirao Serie A 2022,5,10,12,18,4,2,2,4,12,17
2022-09-18,27,America-MG,Corinthians,Brasileirao Serie A 2022,4,8,16,11,7,3,1,3,14,12
2022-09-18,27,Athletico-PR,Cuiaba,Brasileirao Serie A 2022,8,4,17,11,3,5,3,1,9,10
2022-09-18,27,Bragantino,Goias,Brasileirao Serie A 2022,5,2,21,5,6,2,0,5,14,16
2022-09-18,27,Ceara,Sao Paulo,Brasileirao Serie A 2022,4,10,8,21,1,7,5,2,15,11
2022-09-18,27,Flamengo,Fluminense,Brasileirao Serie A 2022,6,2,18,12,6,4,1,4,12,10
2022-09-18,27,Juventude,Fortaleza,Brasileirao Serie A 2022,14,2,18,11,8,1,2,3,14,17
2022-09-18,27,Palmeiras,Santos,Brasileirao Serie A 2022,8,5,19,17,4,3,3,4,12,12
2022-09-19,27,Atletico-GO,Internacional,Brasileirao Serie A 2022,10,2,19,13,4,4,3,2,19,13
2022-09-25,28,Sao Paulo,Avai,Brasileirao Serie A 2022,9,4,17,7,6,2,2,4,13,8
2022-09-27,28,Santos,Athletico-PR,Brasileirao Serie A 2022,5,4,11,14,4,3,3,3,19,21
2022-09-28,28,Atletico-MG,Palmeiras,Brasileirao Serie A 2022,7,9,16,10,3,3,3,3,11,13
2022-09-28,28,Corinthians,Atletico-GO,Brasileirao Serie A 2022,5,4,19,11,8,5,0,3,5,14
2022-09-28,28,Coritiba,Ceara,Brasileirao Serie A 2022,7,3,14,11,4,3,2,4,12,9
2022-09-28,28,Cuiaba,America-MG,Brasileirao Serie A 2022,2,4,11,18,3,8,1,6,13,14
2022-09-28,28,Fluminense,Juventude,Brasileirao Serie A 2022,5,5,21,10,6,3,1,1,5,9
2022-09-28,28,Fortaleza,Flamengo,Brasileirao Serie A 2022,7,3,20,7,8,3,2,5,15,15
2022-09-28,28,Goias,Botafogo-RJ,Brasileirao Serie A 2022,6,11,6,17,1,6,4,4,16,14
2022-09-28,28,Internacional,Bragantino,Brasileirao Serie A 2022,6,3,12,12,6,5,1,2,14,15
2022-10-01,29,Athletico-PR,Juventude,Brasileirao Serie A 2022,11,2,17,6,6,1,3,5,12,11
2022-10-01,29,Atletico-MG,Fluminense,Brasileirao Serie A 2022,10,1,14,5,5,2,2,2,16,4
2022-10-01,29,Avai,Atletico-GO,Brasileirao Serie A 2022,11,3,20,9,3,3,2,4,7,13
2022-10-01,29,Ceara,America-MG,Brasileirao Serie A 2022,5,4,16,10,4,4,3,4,15,23
2022-10-01,29,Corinthians,Cuiaba,Brasileirao Serie A 2022,7,4,15,9,6,4,1,0,11,5
2022-10-01,29,Flamengo,Bragantino,Brasileirao Serie A 2022,10,1,23,5,9,3,1,0,7,6
2022-10-01,29,Goias,Fortaleza,Brasileirao Serie A 2022,6,3,12,15,3,4,3,2,11,15
2022-10-01,29,Internacional,Santos,Brasileirao Serie A 2022,2,5,9,11,3,2,1,4,7,13
2022-10-03,29,Botafogo-RJ,Palmeiras,Brasileirao Serie A 2022,2,6,10,12,2,5,4,1,16,14
2022-10-04,30,Juventude,Corinthians,Brasileirao Serie A 2022,2,5,17,12,2,6,1,2,9,7
2022-10-05,30,Athletico-PR,Fortaleza,Brasileirao Serie A 2022,13,4,21,9,4,2,2,1,11,10
2022-10-05,30,Atletico-GO,Fluminense,Brasileirao Serie A 2022,12,5,29,13,10,5,4,0,16,13
2022-10-05,30,Bragantino,Cuiaba,Brasileirao Serie A 2022,2,7,14,13,5,4,2,3,14,10
2022-10-05,30,Ceara,Goias,Brasileirao Serie A 2022,7,3,14,16,6,5,3,4,19,24
2022-10-05,30,Flamengo,Internacional,Brasileirao Serie A 2022,11,3,21,16,6,7,3,2,13,8
2022-10-05,30,Santos,Atletico-MG,Brasileirao Serie A 2022,5,4,10,12,5,3,2,4,18,18
2022-10-06,30,America-MG,Sao Paulo,Brasileirao Serie A 2022,3,3,13,18,4,4,2,4,13,13
2022-10-06,30,Avai,Botafogo-RJ,Brasileirao Serie A 2022,3,5,6,14,2,6,2,4,17,20
2022-10-06,30,Palmeiras,Coritiba,Brasileirao Serie A 2022,9,6,19,11,11,3,1,2,16,13
2022-10-08,31,Corinthians,Athletico-PR,Brasileirao Serie A 2022,5,6,7,19,3,4,1,0,10,16
2022-10-08,31,Cuiaba,Flamengo,Brasileirao Serie A 2022,7,6,21,17,5,5,2,2,14,11
2022-10-09,31,Atletico-MG,Ceara,Brasileirao Serie A 2022,16,0,16,5,2,2,3,5,12,18
2022-10-09,31,Coritiba,Bragantino,Brasileirao Serie A 2022,5,8,6,17,2,4,0,3,7,12
2022-10-09,31,Fluminense,America-MG,Brasileirao Serie A 2022,8,7,22,18,10,8,1,3,8,18
2022-10-09,31,Fortaleza,Avai,Brasileirao Serie A 2022,3,6,16,10,5,2,1,1,16,11
2022-10-09,31,Internacional,Goias,Brasileirao Serie A 2022,6,6,20,16,11,8,1,7,15,23
2022-10-09,31,Sao Paulo,Botafogo-RJ,Brasileirao Serie A 2022,10,4,8,7,2,1,3,2,16,8
2022-10-10,31,Atletico-GO,Palmeiras,Brasileirao Serie A 2022,4,9,10,17,2,6,4,2,15,8
2022-10-10,31,Santos,Juventude,Brasileirao Serie A 2022,3,8,19,16,8,3,2,0,13,10
2022-10-15,32,America-MG,Fortaleza,Brasileirao Serie A 2022,4,8,19,9,7,4,1,2,10,24
2022-10-15,32,Flamengo,Atletico-MG,Brasileirao Serie A 2022,0,10,7,13,4,3,4,0,12,12
2022-10-16,32,Athletico-PR,Coritiba,Brasileirao Serie A 2022,10,4,15,15,7,3,3,2,21,11
2022-10-16,32,Avai,Fluminense,Brasileirao Serie A 2022,9,5,15,17,3,7,2,0,12,15
2022-10-16,32,Botafogo-RJ,Internacional,Brasileirao Serie A 2022,3,4,12,11,3,1,3,5,15,13
2022-10-16,32,Ceara,Cuiaba,Brasileirao Serie A 2022,10,7,22,10,4,1,4,4,11,20
2022-10-16,32,Juventude,Atletico-GO,Brasileirao Serie A 2022,7,4,20,8,6,3,2,1,10,19
2022-10-16,32,Palmeiras,Sao Paulo,Brasileirao Serie A 2022,15,3,19,5,8,1,3,3,9,14
2022-10-17,32,Bragantino,Santos,Brasileirao Serie A 2022,15,2,19,9,3,3,3,4,21,11
2022-10-20,29,Sao Paulo,Coritiba,Brasileirao Serie A 2022,5,3,19,13,7,4,2,6,12,12
2022-10-22,33,America-MG,Flamengo,Brasileirao Serie A 2022,4,11,9,15,3,6,1,1,17,10
2022-10-22,33,Bragantino,Athletico-PR,Brasileirao Serie A 2022,4,4,11,9,6,4,0,3,16,13
2022-10-22,33,Palmeiras,Avai,Brasileirao Serie A 2022,9,7,22,10,9,2,2,2,12,7
2022-10-22,33,Santos,Corinthians,Brasileirao Serie A 2022,7,4,12,8,3,2,1,3,15,11
2022-10-23,33,Atletico-GO,Ceara,Brasileirao Serie A 2022,4,5,12,12,5,2,3,2,20,13
2022-10-23,33,Coritiba,Internacional,Brasileirao Serie A 2022,7,6,12,11,2,3,3,1,16,10
2022-10-23,33,Cuiaba,Goias,Brasileirao Serie A 2022,6,4,24,5,4,3,3,4,11,16
2022-10-23,33,Fluminense,Botafogo-RJ,Brasileirao Serie A 2022,9,2,18,12,7,5,3,2,15,11
2022-10-23,33,Juventude,Sao Paulo,Brasileirao Serie A 2022,5,6,13,13,3,6,2,2,6,10
2022-10-24,33,Fortaleza,Atletico-MG,Brasileirao Serie A 2022,2,11,4,9,0,3,4,1,22,10
2022-10-25,34,Athletico-PR,Palmeiras,Brasileirao Serie A 2022,0,9,11,17,1,6,3,5,7,10
2022-10-25,34,Flamengo,Santos,Brasileirao Serie A 2022,7,2,19,8,12,4,3,4,14,16
2022-10-26,34,Botafogo-RJ,Bragantino,Brasileirao Serie A 2022,5,4,18,5,8,1,1,4,12,12
2022-10-26,34,Corinthians,Fluminense,Brasileirao Serie A 2022,6,3,14,15,5,6,2,3,16,9
2022-10-26,34,Goias,America-MG,Brasileirao Serie A 2022,3,8,12,16,5,5,2,3,14,23
2022-10-26,34,Internacional,Ceara,Brasileirao Serie A 2022,5,5,21,13,6,3,0,2,8,15
2022-10-27,34,Atletico-MG,Juventude,Brasileirao Serie A 2022,3,4,14,9,3,4,2,1,13,13
2022-10-27,34,Cuiaba,Avai,Brasileirao Serie A 2022,10,6,11,13,3,7,1,1,15,11
2022-10-27,34,Fortaleza,Coritiba,Brasileirao Serie A 2022,3,3,14,16,7,7,1,1,15,12
2022-10-27,34,Sao Paulo,Atletico-GO,Brasileirao Serie A 2022,4,7,13,19,2,8,2,4,10,12
2022-10-29,32,Goias,Corinthians,Brasileirao Serie A 2022,2,4,12,21,3,2,2,3,11,11
2022-10-31,35,Ceara,Fluminense,Brasileirao Serie A 2022,4,7,14,17,3,5,1,2,11,8
2022-11-01,35,Botafogo-RJ,Cuiaba,Brasileirao Serie A 2022,11,3,23,13,5,5,1,1,4,18
2022-11-01,35,Sao Paulo,Atletico-MG,Brasileirao Serie A 2022,7,6,12,9,4,3,3,5,10,16
2022-11-02,35,America-MG,Internacional,Brasileirao Serie A 2022,7,8,20,13,7,3,,,9,12
2022-11-02,35,Athletico-PR,Goias,Brasileirao Serie A 2022,5,6,17,12,5,3,2,1,10,11
2022-11-02,35,Atletico-GO,Santos,Brasileirao Serie A 2022,4,7,22,9,6,6,3,2,15,10
2022-11-02,35,Avai,Bragantino,Brasileirao Serie A 2022,2,7,8,12,1,6,2,1,17,17
2022-11-02,35,Flamengo,Corinthians,Brasileirao Serie A 2022,6,0,15,7,3,6,0,1,9,14
2022-11-02,35,Juventude,Coritiba,Brasileirao Serie A 2022,4,4,10,19,2,7,3,4,11,18
2022-11-02,35,Palmeiras,Fortaleza,Brasileirao Serie A 2022,4,2,18,8,9,3,3,1,11,16
2022-11-05,36,Bragantino,America-MG,Brasileirao Serie A 2022,5,3,14,13,4,8,6,2,17,9
2022-11-05,36,Corinthians,Ceara,Brasileirao Serie A 2022,9,11,15,12,2,4,4,4,10,12
2022-11-05,36,Fluminense,Sao Paulo,Brasileirao Serie A 2022,8,3,18,8,8,4,1,0,16,16
2022-11-05,36,Goias,Juventude,Brasileirao Serie A 2022,5,8,8,14,1,2,4,6,15,22
2022-11-05,36,Internacional,Athletico-PR,Brasileirao Serie A 2022,10,5,11,14,5,1,0,1,5,20
2022-11-05,36,Santos,Avai,Brasileirao Serie A 2022,9,4,9,16,5,6,3,0,14,13
2022-11-06,36,Coritiba,Flamengo,Brasileirao Serie A 2022,5,8,9,13,4,1,5,3,13,11
2022-11-06,36,Cuiaba,Palmeiras,Brasileirao Serie A 2022,4,9,12,28,4,12,2,0,13,8
2022-11-06,36,Fortaleza,Atletico-GO,Brasileirao Serie A 2022,11,3,18,13,6,6,2,4,9,12
2022-11-07,36,Atletico-MG,Botafogo-RJ,Brasileirao Serie A 2022,6,2,11,8,1,2,2,5,10,19
2022-11-08,37,Sao Paulo,Internacional,Brasileirao Serie A 2022,7,2,10,8,2,3,4,5,11,12
2022-11-09,37,Atletico-GO,Athletico-PR,Brasileirao Serie A 2022,7,4,26,12,7,4,1,0,8,12
2022-11-09,37,Avai,Ceara,Brasileirao Serie A 2022,6,6,14,15,3,3,4,5,17,21
2022-11-09,37,Coritiba,Corinthians,Brasileirao Serie A 2022,5,7,13,9,5,3,4,5,15,8
2022-11-09,37,Fluminense,Goias,Brasileirao Serie A 2022,11,3,23,9,9,1,3,1,10,11
2022-11-09,37,Fortaleza,Bragantino,Brasileirao Serie A 2022,7,0,26,4,13,1,1,4,17,12
2022-11-09,37,Juventude,Flamengo,Brasileirao Serie A 2022,2,4,11,10,4,3,7,3,17,14
2022-11-09,37,Palmeiras,America-MG,Brasileirao Serie A 2022,10,3,26,6,9,2,4,2,11,11
2022-11-10,37,Atletico-MG,Cuiaba,Brasileirao Serie A 2022,3,5,14,6,7,1,1,4,12,11
2022-11-10,37,Botafogo-RJ,Santos,Brasileirao Serie A 2022,3,4,14,4,7,0,2,4,15,17
2022-11-12,38,Flamengo,Avai,Brasileirao Serie A 2022,10,3,17,15,4,8,0,1,14,11
2022-11-13,38,America-MG,Atletico-GO,Brasileirao Serie A 2022,17,5,36,4,9,3,3,2,14,12
2022-11-13,38,Athletico-PR,Botafogo-RJ,Brasileirao Serie A 2022,6,3,25,9,10,4,1,1,19,13
2022-11-13,38,Bragantino,Fluminense,Brasileirao Serie A 2022,4,9,13,8,4,4,3,2,16,15
2022-11-13,38,Ceara,Juventude,Brasileirao Serie A 2022,8,3,22,9,9,4,4,4,16,16
2022-11-13,38,Corinthians,Atletico-MG,Brasileirao Serie A 2022,5,4,17,17,4,7,3,6,11,19
2022-11-13,38,Cuiaba,Coritiba,Brasileirao Serie A 2022,8,1,17,4,8,2,1,3,9,8
2022-11-13,38,Goias,Sao Paulo,Brasileirao Serie A 2022,3,4,6,13,2,7,2,1,12,14
2022-11-13,38,Internacional,Palmeiras,Brasileirao Serie A 2022,6,5,15,11,8,2,2,3,13,17
2022-11-13,38,Santos,Fortaleza,Brasileirao Serie A 2022,5,7,14,13,3,6,1,3,17,14
2023-04-15,1,America-MG,Fluminense,Brasileirao Serie A 2023,11,1,17,15,2,8,3,2,25,9
2023-04-15,1,Athletico-PR,Goias,Brasileirao Serie A 2023,3,8,11,16,3,2,2,3,19,18
2023-04-15,1,Atletico-MG,Vasco,Brasileirao Serie A 2023,14,3,26,7,10,3,6,5,15,10
2023-04-15,1,Botafogo-RJ,Sao Paulo,Brasileirao Serie A 2023,3,7,12,16,3,8,3,2,20,13
2023-04-15,1,Bragantino,Bahia,Brasileirao Serie A 2023,4,7,13,9,7,3,3,1,20,13
2023-04-15,1,Fortaleza,Internacional,Brasileirao Serie A 2023,5,1,24,11,6,6,2,1,18,13
2023-04-15,1,Palmeiras,Cuiaba,Brasileirao Serie A 2023,4,4,17,12,5,4,2,3,23,12
2023-04-16,1,Corinthians,Cruzeiro,Brasileirao Serie A 2023,7,4,12,8,7,2,4,2,14,12
2023-04-16,1,Flamengo,Coritiba,Brasileirao Serie A 2023,6,3,15,10,7,3,3,3,20,17
2023-04-16,1,Gremio,Santos,Brasileirao Serie A 2023,4,11,17,16,6,4,3,2,12,16
2023-04-22,2,Cruzeiro,Gremio,Brasileirao Serie A 2023,11,5,21,11,6,7,4,2,21,8
2023-04-22,2,Cuiaba,Bragantino,Brasileirao Serie A 2023,4,5,14,7,3,2,3,3,17,21
2023-04-22,2,Fluminense,Athletico-PR,Brasileirao Serie A 2023,10,6,14,10,4,1,3,3,13,20
2023-04-22,2,Sao Paulo,America-MG,Brasileirao Serie A 2023,3,7,17,22,6,8,5,3,18,12
2023-04-23,2,Coritiba,Fortaleza,Brasileirao Serie A 2023,3,7,18,16,7,9,1,2,9,10
2023-04-23,2,Goias,Corinthians,Brasileirao Serie A 2023,5,8,18,10,7,2,5,2,21,23
2023-04-23,2,Internacional,Flamengo,Brasileirao Serie A 2023,6,2,16,16,4,4,3,1,14,13
2023-04-23,2,Santos,Atletico-MG,Brasileirao Serie A 2023,9,6,12,15,2,5,3,3,11,21
2023-04-23,2,Vasco,Palmeiras,Brasileirao Serie A 2023,2,5,11,13,3,7,4,3,19,15
2023-04-24,2,Bahia,Botafogo-RJ,Brasileirao Serie A 2023,6,3,13,5,5,3,1,2,18,9
2023-04-29,3,Atletico-MG,Athletico-PR,Brasileirao Serie A 2023,1,5,16,8,6,3,3,3,18,11
2023-04-29,3,Bragantino,Cruzeiro,Brasileirao Serie A 2023,5,9,12,18,5,5,3,3,18,8
2023-04-29,3,Coritiba,Sao Paulo,Brasileirao Serie A 2023,7,6,16,23,5,6,4,1,14,12
2023-04-29,3,Fortaleza,Fluminense,Brasileirao Serie A 2023,8,5,20,12,18,3,0,3,8,15
2023-04-29,3,Palmeiras,Corinthians,Brasileirao Serie A 2023,12,3,21,10,6,2,3,3,20,15
2023-04-29,3,Santos,America-MG,Brasileirao Serie A 2023,2,6,12,19,6,8,3,4,19,16
2023-04-30,3,Cuiaba,Gremio,Brasileirao Serie A 2023,7,5,15,12,4,6,3,5,16,12
2023-04-30,3,Flamengo,Botafogo-RJ,Brasileirao Serie A 2023,7,2,24,12,13,6,4,2,14,12
2023-04-30,3,Internacional,Goias,Brasileirao Serie A 2023,8,11,18,15,8,1,4,0,16,10
2023-05-01,3,Vasco,Bahia,Brasileirao Serie A 2023,7,6,15,12,6,6,1,4,19,19
2023-05-06,4,Cruzeiro,Santos,Brasileirao Serie A 2023,4,4,10,9,3,4,6,3,17,15
2023-05-06,4,Fluminense,Vasco,Brasileirao Serie A 2023,9,1,23,8,9,1,3,3,12,19
2023-05-07,4,America-MG,Cuiaba,Brasileirao Serie A 2023,4,6,15,9,4,5,3,4,19,12
2023-05-07,4,Athletico-PR,Flamengo,Brasileirao Serie A 2023,2,8,10,14,4,4,2,2,15,11
2023-05-07,4,Bahia,Coritiba,Brasileirao Serie A 2023,3,5,15,10,5,4,2,7,28,24
2023-05-07,4,Botafogo-RJ,Atletico-MG,Brasileirao Serie A 2023,5,9,22,9,7,1,1,3,14,8
2023-05-07,4,Goias,Palmeiras,Brasileirao Serie A 2023,4,6,15,17,4,7,2,6,13,29
2023-05-07,4,Gremio,Bragantino,Brasileirao Serie A 2023,4,7,11,21,3,7,5,2,9,20
2023-05-07,4,Sao Paulo,Internacional,Brasileirao Serie A 2023,4,9,7,15,4,4,3,4,16,9
2023-05-08,4,Corinthians,Fortaleza,Brasileirao Serie A 2023,5,5,21,16,8,2,2,2,6,9
2023-05-10,5,Bragantino,America-MG,Brasileirao Serie A 2023,5,4,20,10,9,3,5,3,16,17
2023-05-10,5,Cruzeiro,Fluminense,Brasileirao Serie A 2023,16,3,27,11,5,7,1,5,14,10
2023-05-10,5,Cuiaba,Atletico-MG,Brasileirao Serie A 2023,6,1,7,8,1,7,1,2,12,17
2023-05-10,5,Flamengo,Goias,Brasileirao Serie A 2023,8,7,23,14,5,6,0,1,22,9
2023-05-10,5,Internacional,Athletico-PR,Brasileirao Serie A 2023,4,3,12,14,3,5,2,4,11,10
2023-05-10,5,Palmeiras,Gremio,Brasileirao Serie A 2023,7,4,28,3,10,2,2,4,10,13
2023-05-10,5,Santos,Bahia,Brasileirao Serie A 2023,1,4,14,17,9,3,3,4,18,13
2023-05-11,5,Botafogo-RJ,Corinthians,Brasileirao Serie A 2023,3,3,16,12,6,4,1,2,12,5
2023-05-11,5,Coritiba,Vasco,Brasileirao Serie A 2023,5,5,10,7,6,2,2,1,22,15
2023-05-11,5,Fortaleza,Sao Paulo,Brasileirao Serie A 2023,4,10,16,13,2,1,1,3,9,17
2023-05-13,6,Atletico-MG,Internacional,Brasileirao Serie A 2023,3,3,14,6,4,4,2,3,14,8
2023-05-13,6,Bahia,Flamengo,Brasileirao Serie A 2023,10,4,20,14,6,5,4,5,16,13
2023-05-13,6,Fluminense,Cuiaba,Brasileirao Serie A 2023,7,3,7,13,2,2,3,4,14,10
2023-05-13,6,Palmeiras,Bragantino,Brasileirao Serie A 2023,15,6,22,8,6,3,1,4,12,19
2023-05-14,6,America-MG,Cruzeiro,Brasileirao Serie A 2023,5,6,15,16,2,8,2,0,10,17
2023-05-14,6,Athletico-PR,Coritiba,Brasileirao Serie A 2023,4,1,26,7,7,3,3,3,9,12
2023-05-14,6,Corinthians,Sao Paulo,Brasileirao Serie A 2023,5,4,7,7,3,1,2,4,16,18
2023-05-14,6,Goias,Botafogo-RJ,Brasileirao Serie A 2023,4,7,7,17,5,2,6,3,23,18
2023-05-14,6,Gremio,Fortaleza,Brasileirao Serie A 2023,9,5,17,14,6,4,3,4,22,22
2023-05-14,6,Vasco,Santos,Brasileirao Serie A 2023,14,1,23,6,9,1,4,1,14,12
2023-05-20,7,America-MG,Fortaleza,Brasileirao Serie A 2023,1,2,9,16,3,6,4,2,14,8
2023-05-20,7,Bahia,Goias,Brasileirao Serie A 2023,4,6,23,13,4,5,1,3,19,13
2023-05-20,7,Botafogo-RJ,Fluminense,Brasileirao Serie A 2023,7,4,21,3,7,0,4,2,24,14
2023-05-20,7,Bragantino,Athletico-PR,Brasileirao Serie A 2023,6,5,13,14,4,4,3,3,20,12
2023-05-20,7,Coritiba,Atletico-MG,Brasileirao Serie A 2023,5,7,10,19,4,8,3,6,20,17
2023-05-20,7,Santos,Palmeiras,Brasileirao Serie A 2023,3,4,12,11,4,1,3,1,15,11
2023-05-20,7,Sao Paulo,Vasco,Brasileirao Serie A 2023,3,9,15,17,7,4,0,4,9,16
2023-05-21,7,Flamengo,Corinthians,Brasileirao Serie A 2023,6,9,10,15,3,3,0,2,9,12
2023-05-21,7,Gremio,Internacional,Brasileirao Serie A 2023,3,7,14,24,6,4,0,1,14,15
2023-05-22,7,Cruzeiro,Cuiaba,Brasileirao Serie A 2023,6,2,15,15,8,2,1,3,16,15
2023-05-27,8,Athletico-PR,Gremio,Brasileirao Serie A 2023,10,5,16,10,4,4,2,4,14,15
2023-05-27,8,Cuiaba,Coritiba,Brasileirao Serie A 2023,2,6,9,8,3,2,3,5,8,13
2023-05-27,8,Flamengo,Cruzeiro,Brasileirao Serie A 2023,2,1,14,18,2,6,4,5,12,18
2023-05-27,8,Fortaleza,Vasco,Brasileirao Serie A 2023,9,5,14,12,6,1,3,1,11,15
2023-05-27,8,Sao Paulo,Goias,Brasileirao Serie A 2023,11,5,16,8,6,4,2,4,12,16
2023-05-28,8,Atletico-MG,Palmeiras,Brasileirao Serie A 2023,3,3,10,11,4,2,3,3,27,15
2023-05-28,8,Botafogo-RJ,America-MG,Brasileirao Serie A 2023,7,0,18,4,6,1,2,3,9,11
2023-05-28,8,Bragantino,Santos,Brasileirao Serie A 2023,5,4,19,9,9,1,2,1,13,10
2023-05-28,8,Corinthians,Fluminense,Brasileirao Serie A 2023,7,6,14,22,4,7,4,2,18,6
2023-05-28,8,Internacional,Bahia,Brasileirao Serie A 2023,2,7,7,9,2,4,1,2,10,13
2023-06-03,9,America-MG,Corinthians,Brasileirao Serie A 2023,2,3,16,6,6,2,1,0,16,14
2023-06-03,9,Athletico-PR,Botafogo-RJ,Brasileirao Serie A 2023,6,7,16,13,7,4,3,2,15,12
2023-06-03,9,Cruzeiro,Atletico-MG,Brasileirao Serie A 2023,12,4,19,7,5,3,6,5,19,21
2023-06-03,9,Fortaleza,Bahia,Brasileirao Serie A 2023,8,4,11,7,2,2,2,3,17,9
2023-06-03,9,Santos,Internacional,Brasileirao Serie A 2023,5,5,17,8,4,3,2,4,19,12
2023-06-04,9,Fluminense,Bragantino,Brasileirao Serie A 2023,6,6,12,15,4,3,5,2,11,12
2023-06-04,9,Goias,Cuiaba,Brasileirao Serie A 2023,4,5,11,15,3,8,2,3,19,14
2023-06-04,9,Gremio,Sao Paulo,Brasileirao Serie A 2023,6,8,21,16,7,4,2,1,9,13
2023-06-04,9,Palmeiras,Coritiba,Brasileirao Serie A 2023,11,6,23,7,8,4,4,5,15,13
2023-06-05,9,Vasco,Flamengo,Brasileirao Serie A 2023,4,0,13,11,5,5,2,0,13,18
2023-06-10,10,Atletico-MG,Bragantino,Brasileirao Serie A 2023,7,2,16,7,6,3,2,3,8,14
2023-06-10,10,Bahia,Cruzeiro,Brasileirao Serie A 2023,6,5,14,15,5,7,5,1,15,9
2023-06-10,10,Botafogo-RJ,Fortaleza,Brasileirao Serie A 2023,7,3,21,8,10,3,3,3,16,12
2023-06-10,10,Corinthians,Cuiaba,Brasileirao Serie A 2023,8,6,24,10,7,2,2,3,11,13
2023-06-10,10,Coritiba,Santos,Brasileirao Serie A 2023,8,3,19,7,7,3,3,0,15,18
2023-06-11,10,America-MG,Athletico-PR,Brasileirao Serie A 2023,7,3,21,9,12,4,2,4,19,10
2023-06-11,10,Flamengo,Gremio,Brasileirao Serie A 2023,3,7,14,25,4,8,0,3,20,17
2023-06-11,10,Goias,Fluminense,Brasileirao Serie A 2023,6,7,22,13,9,4,3,3,15,23
2023-06-11,10,Internacional,Vasco,Brasileirao Serie A 2023,7,6,11,14,3,5,2,3,13,21
2023-06-11,10,Sao Paulo,Palmeiras,Brasileirao Serie A 2023,8,3,26,10,6,4,2,1,15,16
2023-06-21,11,Bahia,Palmeiras,Brasileirao Serie A 2023,6,8,9,10,3,3,4,3,18,16
2023-06-21,11,Cruzeiro,Fortaleza,Brasileirao Serie A 2023,5,2,12,10,3,2,4,4,9,12
2023-06-21,11,Fluminense,Atletico-MG,Brasileirao Serie A 2023,3,5,9,14,4,6,2,4,20,19
2023-06-21,11,Santos,Corinthians,Brasileirao Serie A 2023,5,2,12,10,4,4,2,4,17,14
2023-06-21,11,Sao Paulo,Athletico-PR,Brasileirao Serie A 2023,4,4,8,14,5,5,3,2,15,11
2023-06-22,11,Bragantino,Flamengo,Brasileirao Serie A 2023,17,2,36,7,13,0,,,2,5
2023-06-22,11,Coritiba,Internacional,Brasileirao Serie A 2023,10,5,14,5,4,4,2,4,23,14
2023-06-22,11,Cuiaba,Botafogo-RJ,Brasileirao Serie A 2023,6,2,23,5,9,3,2,2,11,13
2023-06-22,11,Gremio,America-MG,Brasileirao Serie A 2023,10,2,22,8,9,2,0,1,10,11
2023-06-22,11,Vasco,Goias,Brasileirao Serie A 2023,8,2,21,8,5,1,2,3,19,24
2023-06-24,12,Athletico-PR,Corinthians,Brasileirao Serie A 2023,5,5,24,12,6,3,5,2,25,11
2023-06-24,12,Cruzeiro,Sao Paulo,Brasileirao Serie A 2023,6,5,6,14,0,8,1,3,14,15
2023-06-24,12,Fluminense,Bahia,Brasileirao Serie A 2023,9,10,17,15,10,3,1,0,9,11
2023-06-24,12,Fortaleza,Atletico-MG,Brasileirao Serie A 2023,3,8,9,18,3,4,1,1,10,13
2023-06-25,12,America-MG,Internacional,Brasileirao Serie A 2023,3,2,15,8,3,2,2,1,25,6
2023-06-25,12,Bragantino,Goias,Brasileirao Serie A 2023,10,4,20,4,6,0,2,2,17,23
2023-06-25,12,Gremio,Coritiba,Brasileirao Serie A 2023,8,5,17,17,8,7,2,4,10,17
2023-06-25,12,Palmeiras,Botafogo-RJ,Brasileirao Serie A 2023,12,1,15,6,4,2,0,3,17,14
2023-06-25,12,Santos,Flamengo,Brasileirao Serie A 2023,2,7,12,10,6,4,2,1,14,11
2023-06-26,12,Vasco,Cuiaba,Brasileirao Serie A 2023,4,6,9,14,2,3,6,3,19,13
2023-07-01,13,Bahia,Gremio,Brasileirao Serie A 2023,7,2,16,14,5,7,3,2,21,11
2023-07-01,13,Flamengo,Fortaleza,Brasileirao Serie A 2023,5,4,10,14,4,5,2,0,13,14
2023-07-01,13,Internacional,Cruzeiro,Brasileirao Serie A 2023,2,4,15,9,4,3,6,2,12,14
2023-07-01,13,Sao Paulo,Fluminense,Brasileirao Serie A 2023,12,2,21,4,4,2,2,2,16,7
2023-07-02,13,Athletico-PR,Palmeiras,Brasileirao Serie A 2023,7,2,27,11,5,5,4,0,20,9
2023-07-02,13,Atletico-MG,America-MG,Brasileirao Serie A 2023,4,7,12,23,5,6,1,2,16,19
2023-07-02,13,Botafogo-RJ,Vasco,Brasileirao Serie A 2023,4,8,16,12,6,4,2,5,10,15
2023-07-02,13,Corinthians,Bragantino,Brasileirao Serie A 2023,4,2,12,10,4,5,3,2,15,17
2023-07-02,13,Cuiaba,Santos,Brasileirao Serie A 2023,9,5,15,5,6,2,0,2,7,16
2023-07-03,13,Goias,Coritiba,Brasileirao Serie A 2023,7,2,18,13,6,8,5,8,20,24
2023-07-08,14,Atletico-MG,Corinthians,Brasileirao Serie A 2023,10,2,26,8,6,2,3,2,15,7
2023-07-08,14,Coritiba,America-MG,Brasileirao Serie A 2023,7,8,14,17,7,4,5,3,16,20
2023-07-08,14,Cuiaba,Bahia,Brasileirao Serie A 2023,5,5,10,6,6,2,2,3,12,13
2023-07-08,14,Palmeiras,Flamengo,Brasileirao Serie A 2023,4,7,11,10,4,4,2,3,13,16
2023-07-08,14,Vasco,Cruzeiro,Brasileirao Serie A 2023,4,6,9,7,1,5,2,3,7,18
2023-07-09,14,Bragantino,Sao Paulo,Brasileirao Serie A 2023,6,4,26,6,4,1,2,2,16,9
2023-07-09,14,Fluminense,Internacional,Brasileirao Serie A 2023,7,4,14,10,8,0,2,3,18,16
2023-07-09,14,Fortaleza,Athletico-PR,Brasileirao Serie A 2023,7,2,20,10,6,2,3,3,9,18
2023-07-09,14,Gremio,Botafogo-RJ,Brasileirao Serie A 2023,10,2,22,15,4,6,2,5,8,13
2023-07-09,14,Santos,Goias,Brasileirao Serie A 2023,8,13,15,19,6,5,6,2,17,19
2023-07-15,15,Botafogo-RJ,Bragantino,Brasileirao Serie A 2023,4,11,10,17,3,8,1,1,16,11
2023-07-16,15,Athletico-PR,Bahia,Brasileirao Serie A 2023,5,3,15,8,7,6,2,1,14,9
2023-07-16,15,Cruzeiro,Coritiba,Brasileirao Serie A 2023,11,8,13,14,2,6,1,4,14,11
2023-07-16,15,Fluminense,Flamengo,Brasileirao Serie A 2023,8,1,16,8,8,3,7,5,25,20
2023-07-16,15,Fortaleza,Cuiaba,Brasileirao Serie A 2023,10,0,21,7,6,1,5,4,17,17
2023-07-16,15,Internacional,Palmeiras,Brasileirao Serie A 2023,4,7,9,16,4,5,1,3,18,13
2023-07-16,15,Sao Paulo,Santos,Brasileirao Serie A 2023,4,3,24,8,7,3,3,5,21,16
2023-07-17,15,Goias,Atletico-MG,Brasileirao Serie A 2023,6,4,17,6,3,1,5,4,16,14
2023-07-22,16,Bahia,Corinthians,Brasileirao Serie A 2023,11,5,18,5,5,1,3,2,13,20
2023-07-22,16,Cuiaba,Sao Paulo,Brasileirao Serie A 2023,2,4,13,12,6,3,2,5,9,17
2023-07-22,16,Flamengo,America-MG,Brasileirao Serie A 2023,12,7,16,16,7,4,2,4,8,13
2023-07-22,16,Gremio,Atletico-MG,Brasileirao Serie A 2023,3,8,6,17,2,3,3,4,7,17
2023-07-22,16,Palmeiras,Fortaleza,Brasileirao Serie A 2023,4,4,14,11,7,6,3,6,17,28
2023-07-23,16,Bragantino,Internacional,Brasileirao Serie A 2023,13,4,20,11,4,5,3,2,15,14
2023-07-23,16,Cruzeiro,Goias,Brasileirao Serie A 2023,13,1,16,7,1,2,4,5,8,21
2023-07-23,16,Santos,Botafogo-RJ,Brasileirao Serie A 2023,2,8,7,18,2,7,3,3,23,20
2023-07-23,16,Vasco,Athletico-PR,Brasileirao Serie A 2023,8,2,18,9,2,2,2,3,19,21
2023-07-24,16,Coritiba,Fluminense,Brasileirao Serie A 2023,7,11,9,15,5,3,2,1,15,7
2023-07-29,17,Athletico-PR,Cruzeiro,Brasileirao Serie A 2023,7,5,15,14,6,5,1,4,16,23
2023-07-29,17,Atletico-MG,Flamengo,Brasileirao Serie A 2023,7,2,20,6,5,5,3,5,21,14
2023-07-29,17,Corinthians,Vasco,Brasileirao Serie A 2023,0,6,12,23,6,5,2,0,12,11
2023-07-29,17,Fluminense,Santos,Brasileirao Serie A 2023,6,2,15,3,9,0,6,6,18,20
2023-07-29,17,Fortaleza,Bragantino,Brasileirao Serie A 2023,2,9,10,22,2,11,2,3,16,24
2023-07-29,17,Internacional,Cuiaba,Brasileirao Serie A 2023,7,5,17,12,4,5,3,2,14,11
2023-07-30,17,America-MG,Palmeiras,Brasileirao Serie A 2023,5,4,15,14,7,7,2,1,13,12
2023-07-30,17,Botafogo-RJ,Coritiba,Brasileirao Serie A 2023,7,3,14,9,7,5,1,3,14,12
2023-07-30,17,Goias,Gremio,Brasileirao Serie A 2023,6,5,16,9,2,2,4,2,20,11
2023-07-30,17,Sao Paulo,Bahia,Brasileirao Serie A 2023,10,5,17,13,11,2,0,4,14,14
2023-08-05,18,Fluminense,Palmeiras,Brasileirao Serie A 2023,0,8,10,18,5,5,4,2,18,22
2023-08-05,18,Goias,Fortaleza,Brasileirao Serie A 2023,5,2,9,12,3,6,1,3,15,10
2023-08-05,18,Internacional,Corinthians,Brasileirao Serie A 2023,1,4,15,9,4,3,3,3,18,7
2023-08-05,18,Santos,Athletico-PR,Brasileirao Serie A 2023,3,3,8,3,3,2,3,2,19,27
2023-08-06,18,Bahia,America-MG,Brasileirao Serie A 2023,7,2,22,8,7,5,4,3,20,19
2023-08-06,18,Coritiba,Bragantino,Brasileirao Serie A 2023,3,4,9,11,1,2,3,5,21,22
2023-08-06,18,Cruzeiro,Botafogo-RJ,Brasileirao Serie A 2023,8,1,13,2,4,1,1,2,17,7
2023-08-06,18,Cuiaba,Flamengo,Brasileirao Serie A 2023,10,6,17,10,6,5,2,0,9,9
2023-08-06,18,Sao Paulo,Atletico-MG,Brasileirao Serie A 2023,9,3,19,8,3,2,6,5,16,17
2023-08-06,18,Vasco,Gremio,Brasileirao Serie A 2023,5,7,11,12,5,4,1,1,19,17
2023-08-12,19,Botafogo-RJ,Internacional,Brasileirao Serie A 2023,7,3,18,10,10,4,3,3,15,10
2023-08-13,19,America-MG,Goias,Brasileirao Serie A 2023,7,3,15,9,2,3,0,1,12,12
2023-08-13,19,Atletico-MG,Bahia,Brasileirao Serie A 2023,2,9,11,14,4,5,2,1,15,12
2023-08-13,19,Corinthians,Coritiba,Brasileirao Serie A 2023,4,2,17,12,9,4,2,2,17,13
2023-08-13,19,Flamengo,Sao Paulo,Brasileirao Serie A 2023,8,2,19,8,7,1,2,6,13,15
2023-08-13,19,Fortaleza,Santos,Brasileirao Serie A 2023,10,6,25,9,10,3,2,1,19,20
2023-08-13,19,Gremio,Fluminense,Brasileirao Serie A 2023,3,8,13,19,5,7,3,4,11,7
2023-08-14,19,Bragantino,Vasco,Brasileirao Serie A 2023,7,6,24,8,7,4,3,5,12,17
2023-08-14,19,Palmeiras,Cruzeiro,Brasileirao Serie A 2023,3,5,12,13,4,5,2,3,13,26
2023-08-15,19,Athletico-PR,Cuiaba,Brasileirao Serie A 2023,5,3,12,11,6,1,5,3,22,12
2023-08-19,20,Cruzeiro,Corinthians,Brasileirao Serie A 2023,10,3,19,5,8,2,3,3,17,13
2023-08-19,20,Cuiaba,Palmeiras,Brasileirao Serie A 2023,9,2,13,18,3,5,2,6,17,18
2023-08-19,20,Fluminense,America-MG,Brasileirao Serie A 2023,7,1,19,13,5,3,1,1,7,12
2023-08-19,20,Internacional,Fortaleza,Brasileirao Serie A 2023,10,6,19,8,5,3,4,5,14,12
2023-08-19,20,Sao Paulo,Botafogo-RJ,Brasileirao Serie A 2023,5,2,13,12,4,1,4,2,12,9
2023-08-20,20,Bahia,Bragantino,Brasileirao Serie A 2023,4,7,13,11,5,7,2,5,11,18
2023-08-20,20,Coritiba,Flamengo,Brasileirao Serie A 2023,4,5,15,17,4,5,3,3,10,10
2023-08-20,20,Santos,Gremio,Brasileirao Serie A 2023,9,4,19,9,7,3,6,4,16,21
2023-08-20,20,Vasco,Atletico-MG,Brasileirao Serie A 2023,3,7,16,10,3,5,6,3,20,14
2023-08-21,20,Goias,Athletico-PR,Brasileirao Serie A 2023,4,7,13,14,3,5,2,4,15,16
2023-08-26,21,Corinthians,Goias,Brasileirao Serie A 2023,7,6,20,19,7,5,3,1,16,15
2023-08-26,21,Flamengo,Internacional,Brasileirao Serie A 2023,6,3,8,5,4,1,2,4,13,20
2023-08-27,21,America-MG,Sao Paulo,Brasileirao Serie A 2023,4,6,9,13,4,5,5,1,21,9
2023-08-27,21,Athletico-PR,Fluminense,Brasileirao Serie A 2023,2,8,10,23,4,10,3,3,9,15
2023-08-27,21,Atletico-MG,Santos,Brasileirao Serie A 2023,5,2,15,13,6,0,5,2,22,12
2023-08-27,21,Botafogo-RJ,Bahia,Brasileirao Serie A 2023,4,7,10,19,5,6,2,3,14,10
2023-08-27,21,Bragantino,Cuiaba,Brasileirao Serie A 2023,11,4,11,6,4,3,4,3,21,14
2023-08-27,21,Fortaleza,Coritiba,Brasileirao Serie A 2023,2,3,12,10,6,2,3,6,22,22
2023-08-27,21,Gremio,Cruzeiro,Brasileirao Serie A 2023,6,5,10,6,4,1,4,3,12,20
2023-08-27,21,Palmeiras,Vasco,Brasileirao Serie A 2023,9,2,13,4,5,2,2,3,20,15
2023-09-02,22,Athletico-PR,Atletico-MG,Brasileirao Serie A 2023,12,7,23,9,6,7,1,3,13,13
2023-09-02,22,Botafogo-RJ,Flamengo,Brasileirao Serie A 2023,12,6,17,12,7,4,3,3,14,8
2023-09-02,22,Goias,Internacional,Brasileirao Serie A 2023,5,5,11,11,2,2,1,3,16,13
2023-09-03,22,America-MG,Santos,Brasileirao Serie A 2023,3,5,12,10,7,2,1,4,14,16
2023-09-03,22,Bahia,Vasco,Brasileirao Serie A 2023,6,0,11,6,3,1,2,3,22,17
2023-09-03,22,Corinthians,Palmeiras,Brasileirao Serie A 2023,2,11,6,16,2,4,1,2,13,17
2023-09-03,22,Cruzeiro,Bragantino,Brasileirao Serie A 2023,8,5,15,13,3,5,1,5,16,15
2023-09-03,22,Fluminense,Fortaleza,Brasileirao Serie A 2023,5,7,13,20,5,5,4,3,13,16
2023-09-03,22,Gremio,Cuiaba,Brasileirao Serie A 2023,2,9,11,17,5,3,2,1,18,16
2023-09-13,23,Flamengo,Athletico-PR,Brasileirao Serie A 2023,8,2,13,15,5,9,2,2,12,19
2023-09-13,23,Internacional,Sao Paulo,Brasileirao Serie A 2023,4,7,15,11,5,3,5,4,17,14
2023-09-14,23,Bragantino,Gremio,Brasileirao Serie A 2023,5,1,16,10,4,4,4,2,21,16
2023-09-14,23,Coritiba,Bahia,Brasileirao Serie A 2023,7,2,15,18,6,10,3,1,14,17
2023-09-14,23,Fortaleza,Corinthians,Brasileirao Serie A 2023,6,3,23,6,6,2,1,2,14,17
2023-09-14,23,Santos,Cruzeiro,Brasileirao Serie A 2023,8,9,12,15,1,7,3,2,8,13
2023-09-15,23,Cuiaba,America-MG,Brasileirao Serie A 2023,9,1,20,7,8,3,1,4,11,18
2023-09-15,23,Palmeiras,Goias,Brasileirao Serie A 2023,6,3,18,8,6,3,3,1,12,19
2023-09-16,23,Atletico-MG,Botafogo-RJ,Brasileirao Serie A 2023,5,3,13,7,6,0,2,1,15,12
2023-09-16,23,Vasco,Fluminense,Brasileirao Serie A 2023,4,11,9,19,4,8,4,1,12,7
2023-09-18,24,Bahia,Santos,Brasileirao Serie A 2023,6,8,19,16,5,7,1,2,13,13
2023-09-18,15,Corinthians,Gremio,Brasileirao Serie A 2023,6,4,21,16,8,7,1,1,17,10
2023-09-19,24,America-MG,Bragantino,Brasileirao Serie A 2023,2,14,7,21,2,6,1,2,7,17
2023-09-20,24,Fluminense,Cruzeiro,Brasileirao Serie A 2023,7,3,11,7,4,3,6,1,6,15
2023-09-20,24,Goias,Flamengo,Brasileirao Serie A 2023,3,2,7,10,1,2,1,3,15,14
2023-09-20,24,Sao Paulo,Fortaleza,Brasileirao Serie A 2023,9,0,13,8,7,4,3,6,21,14
2023-09-21,24,Athletico-PR,Internacional,Brasileirao Serie A 2023,7,5,15,13,6,4,3,5,12,17
2023-09-21,24,Gremio,Palmeiras,Brasileirao Serie A 2023,2,11,7,18,2,4,3,3,15,14
2023-09-21,24,Vasco,Coritiba,Brasileirao Serie A 2023,6,0,19,8,12,3,1,3,10,15
2023-09-22,24,Corinthians,Botafogo-RJ,Brasileirao Serie A 2023,6,1,19,9,5,2,4,4,18,8
2023-09-23,24,Atletico-MG,Cuiaba,Brasileirao Serie A 2023,6,3,7,9,3,3,3,3,15,14
2023-09-25,15,America-MG,Vasco,Brasileirao Serie A 2023,3,8,18,15,8,3,3,2,16,15
2023-09-27,22,Sao Paulo,Coritiba,Brasileirao Serie A 2023,4,3,14,7,6,2,2,3,12,12
2023-09-30,25,Cuiaba,Fluminense,Brasileirao Serie A 2023,7,0,17,7,6,2,3,2,18,12
2023-09-30,25,Flamengo,Bahia,Brasileirao Serie A 2023,12,2,15,6,5,4,1,2,11,13
2023-09-30,25,Fortaleza,Gremio,Brasileirao Serie A 2023,3,7,18,15,6,3,1,2,10,12
2023-09-30,25,Internacional,Atletico-MG,Brasileirao Serie A 2023,4,4,15,8,4,5,1,1,17,11
2023-09-30,25,Sao Paulo,Corinthians,Brasileirao Serie A 2023,11,4,22,6,8,2,5,2,14,14
2023-10-01,25,Bragantino,Palmeiras,Brasileirao Serie A 2023,6,4,22,10,8,3,4,2,14,20
2023-10-01,25,Coritiba,Athletico-PR,Brasileirao Serie A 2023,2,11,7,11,3,5,2,4,21,12
2023-10-01,25,Cruzeiro,America-MG,Brasileirao Serie A 2023,9,7,17,18,2,7,3,3,15,10
2023-10-01,25,Santos,Vasco,Brasileirao Serie A 2023,5,11,17,13,5,5,5,1,19,12
2023-10-02,25,Botafogo-RJ,Goias,Brasileirao Serie A 2023,8,3,18,8,6,3,4,4,18,16
2023-10-07,26,Corinthians,Flamengo,Brasileirao Serie A 2023,2,8,14,20,5,7,3,3,5,13
2023-10-07,26,Goias,Bahia,Brasileirao Serie A 2023,6,4,22,13,7,9,2,2,8,6
2023-10-07,26,Vasco,Sao Paulo,Brasileirao Serie A 2023,7,3,11,12,2,4,4,1,15,7
2023-10-08,26,Athletico-PR,Bragantino,Brasileirao Serie A 2023,8,7,23,12,6,3,2,4,15,15
2023-10-08,26,Atletico-MG,Coritiba,Brasileirao Serie A 2023,2,5,13,9,3,4,2,2,12,7
2023-10-08,26,Fluminense,Botafogo-RJ,Brasileirao Serie A 2023,3,2,19,12,5,5,2,2,15,14
2023-10-08,26,Fortaleza,America-MG,Brasileirao Serie A 2023,8,2,18,15,5,3,2,1,11,12
2023-10-08,26,Internacional,Gremio,Brasileirao Serie A 2023,4,1,16,7,7,2,6,4,15,9
2023-10-08,26,Palmeiras,Santos,Brasileirao Serie A 2023,6,2,26,12,6,10,2,3,8,11
2023-10-14,26,Cuiaba,Cruzeiro,Brasileirao Serie A 2023,5,5,10,8,2,2,0,3,9,20
2023-10-18,27,America-MG,Botafogo-RJ,Brasileirao Serie A 2023,12,1,24,6,7,2,1,1,6,15
2023-10-18,27,Bahia,Internacional,Brasileirao Serie A 2023,5,3,14,12,4,1,1,1,14,13
2023-10-18,27,Coritiba,Cuiaba,Brasileirao Serie A 2023,4,4,19,8,3,6,0,2,14,11
2023-10-18,27,Goias,Sao Paulo,Brasileirao Serie A 2023,6,3,7,8,3,3,4,3,18,15
2023-10-18,27,Gremio,Athletico-PR,Brasileirao Serie A 2023,4,8,11,20,5,7,2,6,9,13
2023-10-18,27,Vasco,Fortaleza,Brasileirao Serie A 2023,6,6,18,12,8,4,3,2,7,9
2023-10-19,27,Cruzeiro,Flamengo,Brasileirao Serie A 2023,9,3,12,9,5,2,3,2,20,11
2023-10-19,27,Fluminense,Corinthians,Brasileirao Serie A 2023,15,1,24,7,10,3,3,3,15,15
2023-10-19,27,Palmeiras,Atletico-MG,Brasileirao Serie A 2023,7,2,12,13,4,3,6,3,17,19
2023-10-19,27,Santos,Bragantino,Brasileirao Serie A 2023,5,4,26,15,7,9,4,1,8,8
2023-10-21,28,Bahia,Fortaleza,Brasileirao Serie A 2023,7,2,16,10,3,5,6,4,23,13
2023-10-21,28,Cuiaba,Goias,Brasileirao Serie A 2023,13,2,16,10,5,3,1,3,13,17
2023-10-21,28,Sao Paulo,Gremio,Brasileirao Serie A 2023,6,3,20,3,8,2,1,3,24,17
2023-10-22,28,Atletico-MG,Cruzeiro,Brasileirao Serie A 2023,1,7,9,14,1,4,3,3,24,15
2023-10-22,28,Botafogo-RJ,Athletico-PR,Brasileirao Serie A 2023,6,3,10,10,5,2,2,1,11,12
2023-10-22,28,Bragantino,Fluminense,Brasileirao Serie A 2023,7,3,21,12,2,5,3,2,17,13
2023-10-22,28,Corinthians,America-MG,Brasileirao Serie A 2023,4,4,20,13,6,4,2,3,15,13
2023-10-22,28,Coritiba,Palmeiras,Brasileirao Serie A 2023,3,6,13,19,3,6,1,1,13,18
2023-10-22,28,Flamengo,Vasco,Brasileirao Serie A 2023,7,8,10,17,5,7,1,2,10,15
2023-10-22,28,Internacional,Santos,Brasileirao Serie A 2023,3,6,13,9,7,3,1,1,18,9
2023-10-25,29,Athletico-PR,America-MG,Brasileirao Serie A 2023,14,5,22,12,8,6,0,1,14,14
2023-10-25,29,Bragantino,Atletico-MG,Brasileirao Serie A 2023,17,5,13,9,3,5,2,4,13,13
2023-10-25,29,Cruzeiro,Bahia,Brasileirao Serie A 2023,1,2,14,6,5,0,2,2,11,10
2023-10-25,29,Cuiaba,Corinthians,Brasileirao Serie A 2023,6,5,18,9,2,5,1,3,11,13
2023-10-25,29,Fluminense,Goias,Brasileirao Serie A 2023,6,1,20,9,8,4,4,2,14,21
2023-10-25,29,Gremio,Flamengo,Brasileirao Serie A 2023,6,1,11,8,4,4,3,4,14,16
2023-10-25,29,Palmeiras,Sao Paulo,Brasileirao Serie A 2023,5,0,12,3,8,0,3,2,15,16
2023-10-26,29,Santos,Coritiba,Brasileirao Serie A 2023,11,2,24,3,6,2,2,3,15,21
2023-10-26,29,Vasco,Internacional,Brasileirao Serie A 2023,7,1,15,9,6,5,1,4,17,14
2023-10-28,30,America-MG,Gremio,Brasileirao Serie A 2023,5,7,15,17,6,11,0,2,11,5
2023-10-28,30,Atletico-MG,Fluminense,Brasileirao Serie A 2023,9,4,18,11,3,3,2,1,15,11
2023-10-28,30,Palmeiras,Bahia,Brasileirao Serie A 2023,6,1,26,5,9,1,1,2,15,17
2023-10-29,30,Athletico-PR,Sao Paulo,Brasileirao Serie A 2023,4,3,16,5,5,2,1,5,13,12
2023-10-29,30,Botafogo-RJ,Cuiaba,Brasileirao Serie A 2023,7,2,32,6,9,1,1,5,12,17
2023-10-29,30,Corinthians,Santos,Brasileirao Serie A 2023,10,3,17,10,7,3,6,2,22,14
2023-10-29,30,Goias,Vasco,Brasileirao Serie A 2023,7,2,18,5,6,2,2,3,17,12
2023-10-29,30,Internacional,Coritiba,Brasileirao Serie A 2023,5,1,18,12,10,7,7,5,13,18
2023-10-31,31,Bahia,Fluminense,Brasileirao Serie A 2023,2,4,8,17,5,4,2,3,15,16
2023-11-01,31,Atletico-MG,Fortaleza,Brasileirao Serie A 2023,0,4,11,8,4,2,0,2,10,14
2023-11-01,31,Botafogo-RJ,Palmeiras,Brasileirao Serie A 2023,2,6,18,15,8,6,6,5,12,13
2023-11-01,31,Corinthians,Athletico-PR,Brasileirao Serie A 2023,1,7,12,19,4,3,1,2,4,11
2023-11-01,31,Coritiba,Gremio,Brasileirao Serie A 2023,6,11,13,19,2,4,1,2,11,7
2023-11-01,31,Flamengo,Santos,Brasileirao Serie A 2023,1,6,8,15,4,5,2,1,13,16
2023-11-01,31,Internacional,America-MG,Brasileirao Serie A 2023,3,5,15,11,4,2,0,2,15,14
2023-11-02,31,Cuiaba,Vasco,Brasileirao Serie A 2023,5,1,13,10,2,3,2,1,13,10
2023-11-02,31,Goias,Bragantino,Brasileirao Serie A 2023,10,7,20,23,5,7,3,3,18,18
2023-11-02,31,Sao Paulo,Cruzeiro,Brasileirao Serie A 2023,3,4,13,19,5,4,1,3,10,12
2023-11-04,32,America-MG,Atletico-MG,Brasileirao Serie A 2023,0,4,12,15,4,6,1,2,11,20
2023-11-04,32,Gremio,Bahia,Brasileirao Serie A 2023,5,4,7,19,3,5,2,4,9,17
2023-11-04,32,Palmeiras,Athletico-PR,Brasileirao Serie A 2023,2,2,18,15,6,2,3,4,17,17
2023-11-05,32,Bragantino,Corinthians,Brasileirao Serie A 2023,10,6,19,9,6,2,1,2,14,12
2023-11-05,32,Coritiba,Goias,Brasileirao Serie A 2023,5,9,8,22,2,8,3,3,17,22
2023-11-05,32,Cruzeiro,Internacional,Brasileirao Serie A 2023,8,1,20,9,5,3,2,1,9,10
2023-11-05,32,Fortaleza,Flamengo,Brasileirao Serie A 2023,4,3,18,7,4,5,1,3,9,11
2023-11-06,32,Santos,Cuiaba,Brasileirao Serie A 2023,4,4,4,7,2,0,1,2,13,7
2023-11-06,32,Vasco,Botafogo-RJ,Brasileirao Serie A 2023,4,4,9,12,3,2,2,4,23,13
2023-11-08,33,America-MG,Coritiba,Brasileirao Serie A 2023,8,4,11,10,3,5,0,1,16,13
2023-11-08,33,Athletico-PR,Fortaleza,Brasileirao Serie A 2023,14,2,20,13,3,3,1,0,20,12
2023-11-08,33,Flamengo,Palmeiras,Brasileirao Serie A 2023,4,5,12,12,6,1,1,1,13,17
2023-11-08,33,Internacional,Fluminense,Brasileirao Serie A 2023,5,3,20,8,5,4,2,2,13,16
2023-11-08,33,Sao Paulo,Bragantino,Brasileirao Serie A 2023,9,5,15,10,5,3,2,2,10,24
2023-11-09,33,Bahia,Cuiaba,Brasileirao Serie A 2023,7,4,15,11,4,6,1,3,10,23
2023-11-09,33,Botafogo-RJ,Gremio,Brasileirao Serie A 2023,2,6,12,13,5,6,0,2,8,17
2023-11-09,33,Corinthians,Atletico-MG,Brasileirao Serie A 2023,5,6,15,14,9,3,1,4,8,19
2023-11-09,33,Goias,Santos,Brasileirao Serie A 2023,5,6,13,15,3,4,2,1,19,13
2023-11-11,34,Coritiba,Cruzeiro,Brasileirao Serie A 2023,1,5,7,13,3,4,4,4,15,18
2023-11-11,34,Flamengo,Fluminense,Brasileirao Serie A 2023,5,2,11,13,7,4,1,4,13,17
2023-11-11,34,Palmeiras,Internacional,Brasileirao Serie A 2023,6,3,18,7,10,5,1,2,13,13
2023-11-12,34,Atletico-MG,Goias,Brasileirao Serie A 2023,3,7,8,21,4,6,1,2,17,16
2023-11-12,34,Bahia,Athletico-PR,Brasileirao Serie A 2023,11,5,28,6,5,4,3,4,8,14
2023-11-12,34,Bragantino,Botafogo-RJ,Brasileirao Serie A 2023,7,3,25,11,7,4,2,1,12,16
2023-11-12,34,Cuiaba,Fortaleza,Brasileirao Serie A 2023,2,9,7,13,4,3,1,2,7,15
2023-11-12,34,Gremio,Corinthians,Brasileirao Serie A 2023,12,1,26,10,9,4,2,6,15,6
2023-11-12,34,Santos,Sao Paulo,Brasileirao Serie A 2023,1,4,11,12,3,3,0,2,12,14
2023-11-12,34,Vasco,America-MG,Brasileirao Serie A 2023,7,8,17,16,6,6,1,1,13,12
2023-11-18,30,Fortaleza,Cruzeiro,Brasileirao Serie A 2023,11,1,18,7,7,2,1,1,16,14
2023-11-22,33,Cruzeiro,Vasco,Brasileirao Serie A 2023,7,5,14,9,4,4,1,0,12,9
2023-11-22,32,Fluminense,Sao Paulo,Brasileirao Serie A 2023,3,4,24,4,8,1,5,5,25,14
2023-11-23,30,Flamengo,Bragantino,Brasileirao Serie A 2023,8,6,16,19,4,3,4,3,10,15
2023-11-23,29,Fortaleza,Botafogo-RJ,Brasileirao Serie A 2023,4,5,15,9,4,1,2,4,17,19
2023-11-24,35,Corinthians,Bahia,Brasileirao Serie A 2023,3,3,14,13,4,7,2,3,9,14
2023-11-25,35,Athletico-PR,Vasco,Brasileirao Serie A 2023,5,1,18,8,4,2,1,4,15,19
2023-11-25,35,Fluminense,Coritiba,Brasileirao Serie A 2023,6,5,21,15,8,2,2,2,15,10
2023-11-26,35,America-MG,Flamengo,Brasileirao Serie A 2023,3,7,11,24,1,8,4,4,9,13
2023-11-26,35,Atletico-MG,Gremio,Brasileirao Serie A 2023,7,7,17,21,6,6,2,2,10,12
2023-11-26,35,Botafogo-RJ,Santos,Brasileirao Serie A 2023,4,5,18,8,5,5,2,3,14,15
2023-11-26,35,Fortaleza,Palmeiras,Brasileirao Serie A 2023,4,7,20,13,8,5,2,2,18,11
2023-11-26,35,Internacional,Bragantino,Brasileirao Serie A 2023,4,7,8,13,2,5,5,5,18,13
2023-11-26,35,Sao Paulo,Cuiaba,Brasileirao Serie A 2023,5,1,19,3,4,0,2,0,12,11
2023-11-27,35,Goias,Cruzeiro,Brasileirao Serie A 2023,4,5,10,12,3,7,3,3,18,17
2023-11-28,36,Vasco,Corinthians,Brasileirao Serie A 2023,8,3,20,14,9,5,3,2,9,5
2023-11-29,36,Bahia,Sao Paulo,Brasileirao Serie A 2023,3,5,14,14,3,5,4,3,15,11
2023-11-29,36,Coritiba,Botafogo-RJ,Brasileirao Serie A 2023,3,10,13,24,2,6,4,1,15,11
2023-11-29,36,Cuiaba,Internacional,Brasileirao Serie A 2023,2,5,10,12,1,4,3,2,13,12
2023-11-29,36,Flamengo,Atletico-MG,Brasileirao Serie A 2023,10,1,19,11,4,6,3,2,12,12
2023-11-29,36,Palmeiras,America-MG,Brasileirao Serie A 2023,10,2,25,5,12,1,2,2,10,15
2023-11-29,36,Santos,Fluminense,Brasileirao Serie A 2023,5,3,27,9,9,5,2,3,18,9
2023-11-30,36,Bragantino,Fortaleza,Brasileirao Serie A 2023,15,3,17,6,6,4,1,4,9,10
2023-11-30,36,Cruzeiro,Athletico-PR,Brasileirao Serie A 2023,2,3,26,6,9,3,3,4,10,13
2023-11-30,36,Gremio,Goias,Brasileirao Serie A 2023,6,3,13,14,8,6,3,2,16,14
2023-12-02,37,Atletico-MG,Sao Paulo,Brasileirao Serie A 2023,3,5,7,16,2,5,4,1,15,9
2023-12-02,37,Corinthians,Internacional,Brasileirao Serie A 2023,5,4,9,11,2,3,2,2,4,13
2023-12-03,37,America-MG,Bahia,Brasileirao Serie A 2023,2,10,11,27,3,5,2,0,15,4
2023-12-03,37,Athletico-PR,Santos,Brasileirao Serie A 2023,6,6,12,13,6,3,5,4,18,15
2023-12-03,37,Botafogo-RJ,Cruzeiro,Brasileirao Serie A 2023,6,2,16,7,2,3,4,3,17,13
2023-12-03,37,Bragantino,Coritiba,Brasileirao Serie A 2023,12,6,27,6,9,0,4,1,16,10
2023-12-03,37,Flamengo,Cuiaba,Brasileirao Serie A 2023,6,2,19,2,6,1,2,1,13,9
2023-12-03,37,Fortaleza,Goias,Brasileirao Serie A 2023,4,2,6,5,1,1,2,4,19,14
2023-12-03,37,Gremio,Vasco,Brasileirao Serie A 2023,5,6,13,8,5,1,3,1,18,12
2023-12-03,37,Palmeiras,Fluminense,Brasileirao Serie A 2023,7,1,22,6,5,2,1,2,11,12
2023-12-06,38,Bahia,Atletico-MG,Brasileirao Serie A 2023,3,5,15,7,6,5,2,2,16,10
2023-12-06,38,Coritiba,Corinthians,Brasileirao Serie A 2023,6,6,13,13,5,6,1,0,17,12
2023-12-06,38,Cruzeiro,Palmeiras,Brasileirao Serie A 2023,3,4,14,8,6,5,1,1,9,19
2023-12-06,38,Cuiaba,Athletico-PR,Brasileirao Serie A 2023,5,9,14,17,6,3,2,3,9,15
2023-12-06,38,Fluminense,Gremio,Brasileirao Serie A 2023,7,3,23,12,7,5,3,3,12,12
2023-12-06,38,Goias,America-MG,Brasileirao Serie A 2023,8,7,14,11,2,3,2,2,12,13
2023-12-06,38,Internacional,Botafogo-RJ,Brasileirao Serie A 2023,1,5,7,9,3,5,1,2,10,10
2023-12-06,38,Santos,Fortaleza,Brasileirao Serie A 2023,10,6,15,14,6,7,2,3,15,9
2023-12-06,38,Sao Paulo,Flamengo,Brasileirao Serie A 2023,4,9,9,10,3,2,0,3,13,16
2023-12-06,38,Vasco,Bragantino,Brasileirao Serie A 2023,2,3,13,9,6,2,3,1,8,14
